0
114514
520520
333333
444444
555555
30855
30797
14436
1571
20057
3869
14241
6370
21305
32424
20224
72
30460
24319
16283
7448
27434
24602
27609
12589
28417
30158
9105
2831
7357
32761
31602
4036
7191
17152
13218
5865
24076
17531
29093
19713
17887
24622
20865
4108
25441
10556
4639
31324
8816
27543
24821
4004
5054
25019
2274
16466
13012
29340
2137
14110
19798
3036
21186
9443
28552
27714
16669
32430
31249
29288
30185
25109
17663
17331
14404
5067
29708
24456
2643
19569
24607
29373
32484
18350
14870
32590
4690
18817
19139
11346
2729
3542
29748
21037
8971
22104
22584
5894
1619
2695
18462
12156
23799
7690
25024
6036
29235
12614
32193
22518
13412
8239
21266
11098
5298
29534
29627
6205
2545
26469
1752
21208
15049
32351
25569
31570
4885
20427
29487
3125
18570
2714
30652
3359
4761
23942
9771
23994
6550
14758
11528
11501
24857
9023
4688
28756
12709
1246
2612
28654
17799
14499
11034
14870
15617
15328
8933
5045
7592
16611
20854
14517
24843
4879
27762
185
22165
306
4166
15371
23733
16914
25193
23765
13627
1865
10465
16533
30982
12883
31497
11723
28380
24550
28561
23028
18841
15745
27590
3004
4492
23880
30740
11632
15646
31759
15817
25522
15540
28085
4635
31856
32215
9139
12909
18967
10643
500
5582
16131
8732
30184
30659
23867
952
980
32838
20059
11480
15980
11534
14289
4488
23715
24593
8012
24074
25026
14152
29554
11454
2999
4530
3282
21318
31664
26011
15129
2790
19689
19486
12936
30769
3522
26089
28069
21986
20245
32064
22321
18184
15814
2373
20571
5222
31388
30326
26419
22809
9295
22647
20833
25211
18402
26898
32535
18248
11058
30844
23108
31231
9680
13017
1547
23179
31756
24323
12915
2851
28754
31367
22624
3183
32442
22257
29122
25836
30426
7242
524
22417
26591
21726
744
28083
4828
26179
2344
22566
22369
7062
13824
27557
20048
9480
18547
15475
1772
12441
25356
7491
6707
32804
22990
1366
2158
8348
7277
8675
5382
9877
4287
5819
5273
5126
29037
12845
24909
19277
1262
6183
26980
13171
16566
10399
3089
29106
11434
9521
14474
23604
6872
23050
863
2590
1893
19972
9738
9421
13510
15890
7367
24159
22579
26591
22182
12662
27225
26546
11230
20024
28752
11669
3684
22683
20684
19894
10428
23519
2455
12301
24336
5980
22847
25407
26239
2173
12556
5827
26295
22029
820
32835
22982
32945
16722
12357
7725
31926
7957
6666
28470
6413
27957
21174
14216
22420
8364
19378
29177
6808
23074
3151
3235
19351
425
11948
570
24394
19114
9177
7581
23266
13343
828
7082
16019
22787
26932
8023
31055
9479
10493
11262
18900
16775
21972
6649
12520
20156
26459
14703
22755
15667
32062
5997
5743
23422
1559
6457
26252
27689
19855
25059
3543
22512
13766
13852
15627
20526
8182
21067
24264
30105
18515
26334
29331
22317
6453
11998
6431
23910
14712
21703
13770
30130
23075
6550
18795
4646
1865
29219
27211
20848
32813
3761
32113
25357
23209
32964
5411
31676
30161
29491
6313
28210
32723
10365
6484
15375
4898
13152
30911
13073
11987
7592
17493
27271
3655
28998
27155
13577
9226
22433
10895
23143
15355
17201
27706
11743
2221
22345
21474
21651
8206
564
18043
20538
11078
32132
14366
8725
19938
10407
27730
6692
2098
29115
2955
9883
6383
16547
12784
14224
8737
6235
23393
2806
5440
25224
20665
29902
10906
6484
31312
30620
26612
17272
15301
16664
31348
30362
15610
24359
26559
21466
17503
16649
23134
12968
1652
22740
3430
28120
3721
28961
7000
1784
9416
2821
13382
5089
21878
22595
32567
10892
32118
9663
10957
16167
32783
18998
28965
10344
2543
27949
4863
15906
1391
14887
3615
17942
9240
21531
4851
8971
8550
7461
32117
31265
8909
9852
21843
16994
22778
23716
6477
29338
18011
17381
23007
16744
20193
22779
26401
11158
29957
27151
5611
13478
26633
31718
24636
5549
18304
3929
25821
20069
16400
23301
2625
19581
25975
19779
18608
7475
28108
27227
24485
23845
12807
23284
31348
23140
6084
16079
2095
7371
18500
6069
19147
18575
22709
24750
24959
3862
18355
9588
21101
8717
29710
11815
22404
23733
28878
4930
29349
6013
23156
19918
3332
22998
4483
6102
9682
24131
32319
12570
21529
7343
16821
23559
8167
20228
30715
9959
30382
9209
28601
21846
16107
5164
31464
32245
20230
3440
15578
12386
19321
26728
6523
14183
12341
23637
10710
19313
2369
25900
23003
18756
7845
20460
4959
16622
6022
24878
6756
28921
22674
18941
32411
33253
8607
24297
17959
5590
11918
17751
13732
32905
24438
2843
22888
15244
11263
23625
13320
27311
26123
19271
13854
1206
3996
24359
25418
29776
18418
23604
18551
17741
5107
31435
10080
12811
1488
32877
31570
9521
2022
28433
15155
928
20194
16063
31939
21159
14121
21850
23842
3702
4471
12478
21139
17622
8901
30475
19327
18455
23409
24895
16061
3657
2457
13323
4368
4271
2759
15071
29681
16240
16596
31048
8591
23952
19974
1659
6677
22815
23676
18226
17963
29616
29900
31158
8895
20237
10218
18493
23045
12841
4172
21879
28092
6742
28235
30564
22196
27832
25549
5224
15757
23546
4897
22177
12481
22079
9514
10616
31717
3932
31424
13686
1067
31556
3411
20058
20012
19651
17105
1896
4324
19568
14538
25091
31230
7133
19155
19070
1874
14608
22568
22320
6573
22071
3221
32198
9424
22935
12438
13021
8379
6598
17597
10193
8235
10778
27732
6863
12385
19297
27460
27954
26149
21714
15157
29708
15371
10564
31735
14082
9717
3230
17184
4446
32217
28047
3831
26975
11716
30591
24721
29139
15135
32965
16698
10728
5938
10522
14103
3904
22758
15437
27913
13891
17359
11577
4563
15545
16489
15605
12928
19096
10658
8778
5119
5402
5017
17770
20497
6163
28582
25566
14693
31106
12698
12481
19200
19302
23112
17708
9955
8147
2884
29937
26600
9028
2026
23436
19182
12595
18338
13654
29493
5863
32099
22780
19979
30862
14454
25904
22953
3211
33405
30366
21336
8465
7859
31266
4312
8177
20085
28472
2305
1200
16130
11956
20395
30941
1151
2483
2252
2721
17982
21713
5856
12696
32831
13212
2190
5599
32247
14409
2440
19823
29265
11174
23219
33705
20723
4432
5512
16177
19650
15398
16058
14848
8104
1789
27672
32693
32661
1430
33206
17964
25795
16845
19015
13394
1343
22802
28366
2872
10661
3613
4470
25958
16170
8926
4029
32881
19168
3763
12248
17616
8758
25822
15699
32747
3262
32566
22777
1141
13108
16668
32755
9468
32699
1713
3636
15550
21353
5191
16404
15039
13574
6677
30522
25368
23825
8238
18112
14994
17156
28340
2706
20595
4058
17992
3607
23192
6605
31942
1556
22468
19812
21039
25037
11320
10157
4583
14189
27780
9671
21537
20391
19100
19876
29591
5278
22830
13325
2942
26626
6451
9191
4537
9340
1477
19124
24909
20045
4656
3677
18709
14130
20043
28718
29367
6538
9481
8482
13782
28346
26955
11105
11145
1233
9464
21767
5644
5992
24144
8231
28854
28621
18301
3088
15403
20576
3179
31694
23251
12092
13018
26100
4491
33818
16562
12697
32922
11635
7318
25761
10470
12517
23739
1854
20840
23256
30715
24757
24797
33121
3365
29030
32702
28263
13464
19975
5747
13572
4112
16432
31684
30253
3263
20508
26512
22678
2976
7086
32193
14288
25608
7858
1407
20148
29822
20582
8356
24837
13772
14904
6000
10321
33878
27602
3199
2072
5035
28756
11511
19761
16474
10464
12550
31848
13319
12380
16524
29804
4029
11379
4116
26345
4230
12253
18953
27889
25145
4577
6183
15008
5268
24344
24879
13824
26250
18291
3807
29994
23518
11647
28705
26542
20721
15080
2947
12085
32985
7741
30183
27493
12722
22002
33147
32005
31545
11435
22764
33890
23447
19128
23255
7921
3706
32987
18817
10293
23146
12370
8903
33251
18523
29713
13400
10053
31102
28496
16417
4060
3933
25925
17673
9545
23079
32307
16351
20590
16712
23971
30864
25040
6717
28145
12190
22847
24999
1291
16333
20666
2718
18038
2080
3725
22599
26258
12803
33468
30121
13086
10186
13220
16316
34046
20314
24032
30147
32572
23846
19306
17372
16206
21342
9730
23510
25239
33122
18644
4162
1328
6013
21845
9677
7655
8912
3950
20173
23432
1420
17628
34073
26460
16229
17367
13854
12528
6723
9457
29999
10007
3898
27714
10269
33330
30652
17858
25096
33711
24333
24822
24692
20176
2040
12239
24223
16046
31425
3279
13075
23933
12122
3181
27511
24849
10201
32187
23210
20641
3882
24134
19731
14284
12289
17725
22322
2777
22547
2518
29307
8259
31622
10478
23653
25461
11430
11760
27582
9426
15321
8951
20545
11000
5077
19511
28778
26950
9744
12953
22921
32668
31608
16805
30230
26465
15717
31909
32324
29131
19148
3847
22232
31578
11701
15364
21052
30886
34031
29055
1999
16475
13826
33328
13696
13954
31589
19201
24475
15618
8945
18360
8930
3430
4246
23255
27872
24544
22861
19648
3706
33678
2637
17949
23751
19453
28802
18815
21538
30700
29755
28741
29053
30034
23843
28352
13816
9890
4722
9109
2226
3405
11108
13922
27358
32136
25579
2468
12826
16209
18848
33752
15613
16556
13568
29664
21999
15667
25301
5289
14398
32461
16882
29707
27502
7102
18723
16624
26832
21984
26980
17593
16214
32559
28753
3037
10661
1931
28382
33235
19052
6074
30792
33843
33524
23981
19788
12568
6137
28164
18326
29896
6329
24276
6524
6807
15434
32679
13804
25864
10544
21188
29859
28982
23343
11185
18080
26994
7006
5879
3801
19246
15997
28453
29484
17434
7560
17175
14744
27276
31884
29048
34221
21797
21434
7558
2625
21938
11962
24853
33637
23376
5698
24535
3224
16340
14310
8154
10042
33897
16434
19282
34115
16763
6902
16281
27700
19924
3553
3444
17486
24837
24913
20120
10242
13576
2922
29805
1962
27427
4454
29713
13686
14351
4907
29600
28073
7002
13603
23731
12037
9738
23624
30758
30595
5251
28798
30495
14664
16299
6438
3403
7125
10571
10224
32875
23934
10169
9712
20752
26909
29876
14069
24738
29703
9103
18198
14503
14399
17042
13965
22338
7914
11165
30665
9466
28419
18446
21438
30653
21584
19429
18560
18213
21141
11302
13840
30202
30983
21631
19829
21751
27139
24619
30223
17105
2816
23062
7465
3445
28867
18498
9165
30865
23506
1641
24284
3415
22826
13284
23902
6014
23348
14539
26902
29577
24310
9822
30041
4683
29062
30371
28705
21931
10693
28497
10590
10917
27209
11245
17548
33937
32667
4915
26762
7592
28323
15287
8618
8388
1888
33740
10757
8295
4061
24741
3089
32511
7008
10426
21365
11368
25060
23917
16411
23731
11209
14318
12167
7206
9675
32092
12392
25731
12593
24109
29805
6030
33862
25807
5210
33481
12045
14223
23131
20610
22577
12731
34456
2575
17979
6147
16905
3929
2311
27685
13196
10135
22393
9162
27445
3932
30060
18090
6117
10196
13803
14327
15134
11082
28068
12025
20245
2798
27033
8950
4873
22998
15897
11860
29140
26946
33263
11521
14016
31268
18905
6675
33947
10208
30780
28844
17166
28752
13589
5153
30250
32011
8755
33627
13380
4583
8100
23421
11779
17596
13421
28102
31927
25195
28542
27834
10988
9503
21732
29820
11072
8147
11073
29311
12657
33557
15737
12381
8634
7945
25775
34311
2656
18096
28272
30495
23432
30826
13101
16290
20811
28602
28911
5066
17420
33866
15942
5939
21257
31279
10626
20284
7473
10093
22566
5296
31798
4798
15002
18598
30178
28559
10272
20645
22446
6988
30473
7692
12433
32733
25897
17585
7446
32625
25736
25801
6577
19834
8282
27656
20307
22776
20018
29193
3644
11259
8050
13295
27409
25699
26374
29517
12846
10731
18258
15427
9533
17766
31848
22250
14087
15688
5759
26610
14731
7015
14497
33930
12877
16387
12195
15744
18673
26116
30042
26026
33800
15492
29708
6020
18474
14733
7717
15898
19781
2596
11819
9513
32308
17286
8948
21633
30356
14769
19479
15021
4819
7974
31392
27350
18057
20974
10760
29157
11532
31195
13668
34536
2111
23568
27868
6839
8618
1987
8031
2775
16848
16450
27797
31646
12732
18484
29461
7576
31454
29218
11993
25130
22805
6710
7150
25461
4877
27970
29040
33661
11467
8451
2230
34443
10374
33192
17610
11472
18873
30862
3612
3914
3702
28750
13943
17388
21245
14841
22835
3321
21389
22434
2989
6065
32890
20509
29172
3631
22656
28679
3013
32914
15703
7174
19898
26971
30343
6226
23230
20758
22142
26997
29124
21821
13792
12879
25529
5721
14622
13148
9654
20842
5194
20282
21371
10377
16682
14437
13849
24268
23435
11334
8942
2922
6103
24428
18134
2079
2026
32537
12704
7890
8738
27648
13759
14966
16053
4685
28738
7982
32584
33510
3335
28084
21693
12784
6955
30203
5964
32406
34244
7443
25813
26629
34003
23118
14708
5051
6772
4001
30295
2306
28760
16716
19148
17847
10613
28861
13214
4176
31740
7858
33954
11038
10124
14495
12429
19662
7077
30031
17160
33334
25183
25805
16647
23887
9052
14213
25430
5501
21243
32935
24436
32023
25038
30668
12965
28707
32847
32220
9027
8289
19150
26927
27733
25228
29102
23794
18275
24796
12753
12237
18568
22223
12625
9666
16584
14889
5233
33113
6820
30009
24275
12282
25836
5727
29931
5530
32725
6347
20915
15258
8267
10887
17568
26347
7560
5048
19413
22903
15590
8993
24216
17084
28657
17384
15362
9146
14529
8349
4602
10768
10375
30584
4196
18018
11365
33762
15509
33277
7299
8503
6410
22462
16735
2763
30042
5168
17252
23851
31338
33012
14527
15525
18144
24422
17774
17674
12250
30333
33177
9906
31199
14323
6694
5313
7702
16550
24456
26793
28597
14399
14039
7920
13757
21521
8486
4404
3301
33092
19729
4460
9683
31282
26261
19056
13202
19217
6437
2492
7745
2515
30713
22128
19976
17738
16554
31132
8785
28560
11260
23483
26932
18342
16634
23421
27442
34395
24137
33226
24359
21103
28086
14083
23162
16377
30225
23947
4503
24326
32574
30086
31903
7555
31881
11744
13405
32861
12602
34449
7037
30694
17257
26656
10232
21371
28948
21606
24787
6244
7023
5269
25609
16379
7291
34937
2246
8464
6874
31485
29141
34957
20450
8176
9308
17750
29680
7945
30407
11123
17663
20521
27650
21105
23417
3297
20203
4869
16716
15156
8711
34803
32577
30110
14195
5678
5258
29781
34078
16449
3225
7118
2358
18669
10041
21635
21216
26900
18135
4084
33580
7382
6432
7915
23112
19449
11730
15621
9460
20878
28619
30062
7733
9937
13415
17644
6478
13650
21768
7455
34796
5202
34550
11527
12449
13680
25962
4806
10643
17541
25061
23207
27510
16076
3782
28512
4279
34118
30748
24468
5370
28252
32441
7324
10439
6855
27016
5767
28032
4525
8480
22879
11671
26636
18840
4014
25853
30556
11933
3649
11742
26480
13763
19756
25995
3998
19225
29199
7608
29471
31744
20375
11751
23736
13373
32327
31012
23962
20812
29304
15347
13192
32759
13214
30343
23095
6184
6350
18228
19450
27388
11901
18727
13727
14104
10635
19285
8595
14144
2944
29617
24141
32550
23573
8866
9194
6783
7158
10932
15637
8796
21702
12430
14122
15544
27235
18212
23963
14925
4460
7213
33938
18093
3841
18648
26328
24205
9674
6842
6901
32868
21563
26891
25497
19253
18454
18963
24378
32680
11057
15583
23295
5984
11641
6968
19677
26249
28727
26582
14592
31664
13970
19664
34412
12760
32597
24151
34532
10442
27635
30116
13834
6060
6345
14383
29641
11733
19106
7970
15856
30176
5504
4877
11551
28415
24730
28635
14567
20626
27553
34053
34605
11257
14663
26117
19151
24742
33538
7950
30091
5750
6669
8698
16668
12865
22961
32644
21413
30896
3778
16567
33619
21326
30828
29862
32062
27618
17968
18014
21393
4605
14121
12057
14059
7887
16020
6324
24325
19262
20879
33891
26260
11322
16929
35236
7793
18762
19323
16753
7159
33131
13181
29114
34476
12827
9596
3346
26916
21681
10819
23209
35107
34287
24919
23162
2818
11226
24448
14789
25684
11721
22148
27584
25033
29373
27190
14986
17490
6640
22191
25696
14725
8625
19420
6419
13124
28782
8761
27577
25241
29715
19675
3235
23013
19347
11444
24464
6714
11971
10515
16928
4101
34927
12650
5772
17136
30376
3156
26259
15622
9563
6102
12984
27928
14120
24293
16810
34912
12400
10281
33796
12133
6320
25089
24630
23070
17934
4039
31427
20314
34610
7253
20142
11104
8023
13768
10798
14802
18594
5764
25513
9943
12466
24440
23264
19320
9080
26531
6760
6475
22601
9430
11609
26959
5425
4540
32074
12824
7307
13593
19580
26924
6350
11855
8277
5036
31402
27430
12304
18999
32084
27340
11188
13323
17694
12827
28482
15725
19530
21787
30259
3404
4640
14792
8993
32289
16446
30741
12229
7705
14896
31536
22817
31350
19264
18440
7166
14898
26255
3341
5529
19430
11621
24374
23706
10987
12230
18505
26181
32703
6982
35415
19444
8106
19486
15493
33989
12193
29822
9491
26512
28266
20005
29846
35100
27137
35376
18056
19090
9275
29487
2819
11313
27305
30078
15818
14404
26047
33235
3721
6737
9013
32275
24158
13972
8110
14442
13975
21931
5016
4250
7358
14483
34643
19347
26579
10451
29333
17733
31448
22775
27405
29874
34963
10560
9798
30279
17551
9370
21199
4204
9572
18894
3225
26202
7224
29945
28832
19756
25990
32061
5069
30521
22302
23222
24859
27042
20333
26800
8954
28711
10751
6167
15345
33599
23874
9774
21126
21607
9613
11140
29794
29882
24928
5925
29873
18882
33518
27149
35272
17550
15064
18146
28170
3844
16444
10722
34828
9081
23022
23834
24055
33407
3333
31960
22574
31486
5274
8292
5937
14471
34508
31467
24770
3044
19207
35004
26694
8692
17799
7351
30317
7350
23575
25089
13333
17059
14367
9725
7276
14401
27101
32376
23125
30709
20723
8228
5390
31768
28194
31048
28687
20302
33365
25781
16949
30483
7905
35068
18463
27799
35595
14302
21977
6092
8907
25092
19383
32957
4815
29425
21124
11041
5571
10548
8924
20528
5840
16098
23511
27317
23906
30275
11496
18789
9775
24268
22276
7023
19829
26189
18694
11092
28290
35436
23378
15353
7290
15954
28344
15355
6229
22692
29340
17218
10279
7605
5716
3801
29604
14842
10706
28412
35299
16574
29059
23411
29794
33558
29046
8735
31563
21272
29633
25555
32501
34632
20001
21349
35502
21075
10976
27396
33976
17152
22780
3019
8081
32867
26501
15255
28791
5716
4167
29974
20268
26143
13737
15905
25335
3965
30677
30796
33003
26051
9497
8123
16235
17754
35213
27703
25326
23919
25079
34944
34816
16875
30187
21477
11914
22950
7479
25107
35410
31959
13438
11563
15557
22480
17698
11799
23541
26088
25703
20253
27358
6328
3542
27828
9965
32650
31968
22679
20163
33550
18884
4889
17974
35151
19891
11960
15256
5606
4657
4596
12860
14957
20414
35682
5687
27447
16310
27644
15716
3134
17782
7099
31147
19037
12992
23656
8322
5312
11105
11951
11187
19096
27664
3445
22368
28947
30874
29547
24901
34187
30012
24291
19774
16382
12112
18403
21257
22974
6445
15480
22860
11369
15688
5965
8666
15644
27807
33916
35634
34788
11351
18596
35657
8053
9891
32316
18313
29983
8937
15655
28185
23805
18720
24712
13407
8816
13437
24279
7875
16587
6478
26677
30134
5200
33318
16124
3059
5980
26682
32411
14853
32734
11019
17569
13066
20749
11077
28695
5814
13659
3303
27411
25755
13476
25765
12938
13479
6828
21643
4198
22766
8648
23522
15320
19625
13787
24151
21488
5247
25476
9818
26731
29700
18326
26309
33996
7296
4809
32702
29102
14577
30127
35550
8280
31571
35049
29331
29842
3870
34202
6338
24759
5393
25116
20657
34828
3118
9970
12325
23376
19462
4094
31687
25492
29750
19956
13004
12109
30002
31759
32213
5544
5697
7683
34068
17437
7369
14898
29105
19015
30925
25634
7788
6131
6836
19247
15235
8567
22092
8573
27094
7749
30478
28465
4425
5567
27044
9697
30314
11853
7848
34888
21332
29357
35503
14911
30675
33163
26502
3305
13512
23378
6843
23341
5839
16961
25951
35433
13344
24769
16651
33636
4531
10742
3617
14213
25512
10388
30548
34371
11493
12276
11883
5853
33281
9063
26177
31307
29537
18378
11793
10612
25248
21338
4592
13217
18228
12234
9371
12594
9807
8851
22131
20112
16900
20364
15814
33634
17323
18874
13392
18948
25990
9833
28162
27444
24485
18043
27906
12815
7174
18945
30450
7229
30209
25096
28533
23144
35043
29877
15343
13554
20954
18325
5261
10471
10513
9262
26246
20784
22043
10970
11168
28682
17301
18389
23285
11447
5639
32404
22263
22899
10764
32600
31922
21930
15795
15108
14417
24680
18724
26923
17124
28433
19079
13422
28000
23634
35105
33029
7399
33623
5056
33179
23626
6975
32346
3679
9933
26317
8945
29272
20522
35936
27065
8952
11736
10789
23677
5621
25996
31371
35135
10580
34049
7415
30751
20935
18165
22202
14462
33592
10612
24640
18786
34726
14680
4745
24860
14384
14097
35037
22569
19567
30882
35516
15191
13321
11500
21013
18728
11907
25647
33208
24187
5463
33230
24588
5737
35911
31570
10757
8558
35824
34994
4689
6089
31394
10706
16594
19237
18287
9545
26193
23416
15234
25703
14449
4908
30131
20599
27105
20093
17496
5441
29398
29218
20829
27859
15801
13615
21655
22657
35868
16954
16469
27435
10227
29628
7224
35006
13569
12219
33349
16125
13968
9894
29241
7042
7525
31105
28444
8959
29171
35649
6937
19914
28367
33146
17805
11673
8036
14391
8030
8330
22248
11561
35214
13670
5007
9733
12816
9510
8702
5671
29402
34230
5378
34683
10043
6650
25986
35485
27503
25359
20146
29247
31345
22227
14986
24012
7696
24487
21111
22346
25925
35187
34896
34949
5316
32747
11147
19306
34257
16913
24241
6577
26453
12027
33039
8127
5425
20439
24751
30410
31186
33580
18566
19006
11781
28003
16111
27743
19213
21125
34904
7728
8948
15686
16955
3732
21278
5955
10833
21684
25892
5768
26114
27040
29151
9301
24095
25913
31426
8482
33491
33358
28013
10720
35799
11781
34176
17026
35046
9853
32941
35260
22129
27825
22802
23050
19091
36256
31173
31733
11847
34475
8624
19858
22233
18750
26783
33611
29594
8626
6807
26081
25560
34162
23914
12722
10509
35933
21640
31544
18775
6508
14104
15571
13864
30357
35911
29128
35647
26607
33248
25225
14807
31254
4382
34359
29726
4049
26046
7525
27880
29426
15191
27167
16293
27774
9454
10538
5264
10254
29381
12430
21802
26229
10869
22354
34023
17315
17724
35463
4647
5066
10392
13192
13159
7103
36117
21375
9401
10402
18275
30763
22897
19137
10155
28129
30242
14266
25379
21201
9929
6112
15329
28555
9543
17120
23277
30914
33813
12197
4249
7759
4403
7032
28437
35704
25953
11372
29502
15475
29586
4857
12215
19750
11422
28391
11835
9521
35639
31597
31537
9518
7198
18075
3969
14647
22166
30709
36007
29865
22810
27233
32518
6952
24139
7491
6782
15076
32300
16614
9536
15386
3985
25118
34017
35293
15829
31019
8622
14358
9932
24545
5184
19146
5368
29446
20816
33435
10752
25340
18380
21138
36189
30623
9513
25371
29527
19313
13308
18001
4144
16885
35012
16764
19359
15704
28938
20440
18560
22358
22701
17049
5321
8540
6519
8747
5568
12266
26867
13502
33899
30012
22659
19970
36424
12073
7085
19503
28223
27723
34998
26185
4565
27744
34674
12194
7842
24560
25178
29856
27653
19249
11743
21696
17686
4135
14846
15835
34524
25615
16917
11433
28353
13310
20213
22147
11586
15558
32568
8301
4331
23065
10709
34643
23939
20721
3825
23955
9092
6446
35576
33212
11214
27265
32749
29333
19355
4234
26878
25698
13494
19005
19548
15202
5608
14474
32585
3996
8115
8253
28787
7644
16707
33571
27776
18936
12706
21614
4330
5719
6443
19546
24845
13492
28481
7953
12670
5152
24641
6860
23967
4166
20404
28988
31600
9715
19146
12328
33192
20694
32516
11607
5125
30340
35120
27056
27104
33470
12442
12192
33540
6391
25217
28860
7872
32529
33224
9896
10555
9576
24302
15159
4872
28689
27712
15315
18170
9572
33357
23584
12858
9655
18587
35804
4758
20589
5784
9226
32540
14896
24787
28495
24296
6266
34412
4508
16954
34394
4810
4877
20940
34421
18315
4625
18530
26187
33473
24780
10914
26299
21851
4537
12582
19913
24033
14228
6352
17824
15205
23671
19805
11475
11446
29763
8765
15336
12246
20033
36258
9239
13742
18953
6616
35663
15873
21411
32980
35194
28575
27373
9743
35586
32987
14908
25237
15508
33854
32838
22360
25636
28029
20800
14795
19249
25257
29507
20140
7754
11686
23028
34593
26065
25054
34148
29703
31743
35382
18485
33671
9256
29506
14591
15594
10048
26036
21233
28334
6559
25883
35260
33497
11777
18122
21676
28045
14801
13589
29976
27101
20135
29380
31741
30943
36111
29377
21222
22274
5260
6164
19471
23458
13532
12817
32201
30426
17534
35024
27936
16794
16498
36318
19388
21497
6464
34098
19717
21964
20795
14947
22155
32119
20487
5656
4004
28931
36697
10175
5207
15729
34046
30594
20344
22606
28191
13430
16405
24456
24515
4886
11793
35712
16533
28657
4623
34656
4072
35487
13457
9135
7672
27897
18529
5923
6514
21130
33841
16822
5687
9280
32638
9723
29021
23655
22202
36019
13943
26328
23209
34460
27159
20846
20236
16521
23953
24762
31869
23991
28673
23800
6554
19551
24719
11073
20325
18568
5617
34562
23787
33055
32562
28588
7716
4937
29106
7853
31259
20472
10351
6560
31822
32701
18562
13504
7512
6365
36589
6563
32461
7078
35731
9765
7782
35075
36232
14242
17502
10063
9355
13928
12571
35175
23505
30059
19985
35843
4613
14907
26084
15686
4748
33076
10188
25235
21517
20980
31294
4259
32817
14355
24777
35284
10407
13326
31038
22212
19820
14467
21523
19743
6217
34724
11273
30901
29085
34022
16653
6864
21084
20217
23132
13252
30552
13821
13291
19143
22975
25075
23302
26627
4325
15729
15927
29930
33092
30874
29801
30410
31938
14414
32589
22433
14386
17822
36093
12594
14876
20867
31968
20056
9921
8399
11213
22171
36186
13411
19315
22529
6817
16803
18680
8998
21650
36647
34528
11663
17267
35251
28209
28220
11282
9578
6868
26748
16206
24382
10047
22790
25304
29355
23377
14660
30523
6053
17021
36082
16154
23759
27947
11752
19385
29165
24923
35380
4800
30364
32396
34924
4411
8513
22748
34371
8164
21055
20336
9561
23717
26477
25110
23128
19801
25543
35369
29244
8147
16227
6838
33266
11041
29607
27612
29733
5649
6074
21881
10581
18165
8504
15619
24105
32932
7466
15027
19462
20673
30005
6633
14304
13120
5393
14540
25424
36645
33853
35632
5095
28815
18417
17598
9411
9206
8533
28238
22111
5809
31728
27288
20655
8379
8291
11788
35693
7094
32599
11774
4270
27440
10420
19206
19896
23078
17171
15015
26135
29126
6007
13358
15598
11641
34103
25821
10380
12321
29247
28489
33855
24223
35705
31233
5229
33689
27013
4464
28896
24698
28080
24837
26978
20410
27428
34705
6282
23647
28764
35568
6357
29380
17627
12011
36856
36505
28446
13149
33909
35371
22223
15765
12653
29413
22331
28924
19637
34583
22022
31479
29484
16631
12829
5647
12107
4838
7917
18512
19965
14580
16339
24814
30129
17317
6099
31023
13230
16374
8588
31876
29607
8347
9067
31737
5520
19595
5152
20688
5552
30398
9038
21097
31478
9013
14983
9062
32656
32060
35447
23052
10170
25324
30815
34795
15060
18931
32710
25793
21176
24984
23659
8348
30026
5625
36989
8511
27729
22679
6926
11975
20357
21013
29382
21390
29928
24893
6356
29520
15194
35652
22570
23948
25448
16719
34026
24365
27238
7989
20507
5994
7101
34695
33697
5099
19589
16590
14956
30765
30039
30739
26863
13351
7772
19621
18900
36398
20906
18710
33518
33814
34769
28039
5743
18330
17072
12069
29787
23037
19086
37108
16444
35570
16742
14796
7960
24250
32897
11169
8608
8076
29770
32775
7850
7737
27231
19956
4577
26128
34276
7368
21179
26623
19996
34956
14252
24828
35642
31607
31130
32675
25972
8375
27536
36129
31322
29806
23222
7504
23654
5370
10881
35363
12500
14713
33063
15941
24499
29068
6230
4861
35389
4700
34341
17749
15204
29915
4683
18043
34477
26957
27534
27495
35137
33798
20863
16318
33090
10101
34405
32759
28507
28513
7543
32444
30363
24947
31054
31123
28291
34549
36505
8381
23389
21465
16147
22110
16592
32509
24754
26847
33458
12205
17697
19601
18461
9322
21873
6291
5317
14057
5644
19189
35976
24927
9962
6173
5447
10492
5127
18794
19189
4533
35348
28440
31213
32583
17260
26980
5001
10105
16715
36080
20720
31137
9530
26216
30767
8041
16078
24934
30604
31443
8594
22163
19222
17787
22338
17680
24705
13597
33338
15124
27953
18774
33837
12758
27285
9903
32026
24749
11446
8919
13948
19317
18192
26160
20162
36918
13216
18061
14590
14336
28734
16187
25825
36633
34349
10814
8935
18523
12273
7900
6351
28631
37216
6496
23118
28862
13820
20504
31236
12930
18816
22944
9903
37176
16057
34914
10399
13633
22679
8030
21354
36393
18820
17447
16352
29903
23796
21038
25153
14534
24382
29507
20654
7420
14250
8537
19934
34713
26827
30090
27666
26922
27407
26715
23627
7935
5524
26432
15802
21713
35133
25443
33144
10665
20998
15777
13943
7164
12948
13269
20921
33051
19985
13146
18111
35787
9270
13515
33861
9775
5033
34061
10540
8943
22154
8080
34232
35219
11592
32209
15611
33328
11194
32804
6801
9287
23659
21424
28814
11498
11829
31163
37301
24608
24593
21544
15339
6539
24365
23357
34539
20552
19263
24746
11066
37399
5402
33735
13662
14780
27518
15134
31051
25765
27189
5929
23070
27596
16219
8797
14861
25567
15102
33383
9886
26783
31975
16053
5400
14214
13494
20536
17207
23980
10293
24168
36900
31979
29670
19849
24996
27713
14814
33325
27024
14199
13014
32251
24453
16896
21888
14766
33500
37156
34839
24673
30941
33118
36922
20489
23343
27394
13562
33603
35475
31266
18226
18512
6611
15795
33815
26973
25844
12780
34319
10760
10419
18927
14279
15905
11824
15531
32127
7597
24292
6401
34985
23089
21720
25893
35251
22829
15129
19784
13345
6118
37479
9588
18654
23656
11821
17079
6868
30668
32182
28547
16826
32183
30109
32597
28461
5411
11653
17813
6659
18018
34315
29629
29660
27231
27385
8894
23801
7976
34236
35744
19026
26025
29721
13160
20962
19642
22299
36414
20806
19805
20048
24015
25222
15424
13109
20209
4915
29834
10478
6789
37298
8148
21562
11682
17623
16244
20391
7408
33206
23298
12290
26449
21429
30741
11538
19399
35558
16206
17030
13970
33940
29336
23851
35224
25116
6317
26722
17418
8702
33245
20434
19781
20276
35339
18778
26358
15043
15352
31561
35458
29583
14788
21202
13733
28787
36529
7866
27225
8337
20011
16980
26105
21991
9221
5295
21414
15908
14854
16398
32234
23993
5796
13720
17307
16690
22799
35153
21506
22727
30321
19017
30269
12846
23668
11028
24546
33972
7430
36473
24293
17292
34649
19566
23228
10855
21037
17221
28864
30789
15185
35104
12247
19594
16487
20906
14160
23124
21737
23561
15630
26124
14697
32014
16105
16699
22557
6575
25425
14495
19098
9656
19764
10367
27872
31421
26402
11067
8599
6995
27056
5671
11160
13952
8474
14489
16559
32623
13868
37185
14751
11624
32354
28089
33639
14336
5966
10333
13764
9101
20794
30813
29431
29149
11535
34833
29896
35624
29045
17804
27339
13122
6972
8563
36322
24341
11515
12304
36099
32335
8694
24738
14140
36184
34885
16119
34548
33671
34355
29501
29299
29077
20197
29718
9637
25682
19004
7914
35098
24470
29691
10881
14930
34171
13869
10193
22840
15817
17089
34068
20204
29106
12408
18206
29125
12224
24321
27886
10903
19467
26210
12675
32561
20655
5529
8177
9770
21117
17539
11699
34782
32241
31998
20291
20659
28772
16202
15080
30881
12675
26038
19919
25585
24832
27512
18270
33092
27784
6876
20165
35032
25076
26273
30422
16647
12739
29343
13334
27664
30152
36782
30996
17178
36896
11972
27897
8822
13927
36701
28769
19237
15659
11552
25705
23962
14241
12479
26633
29120
16279
26655
32677
28735
31146
35257
23262
37116
10681
18240
11438
8926
27546
29571
18868
32984
25611
16278
32972
22564
32235
21292
25059
9164
34730
17480
26378
33135
17662
12821
13256
17218
18647
34577
24245
25429
11158
9841
31044
15384
29049
35010
18913
10781
13658
35788
27708
31519
27546
31163
19428
20036
20824
35713
11543
18847
23526
27254
14297
18681
15485
30017
14659
27089
19503
19452
36638
6305
29726
26515
29104
33635
26092
16493
36822
5460
14450
18511
12627
24568
15541
15229
21352
5470
7957
36130
29605
30629
10440
29425
31998
25023
13703
21517
35617
19829
12679
7974
30727
31403
13227
19429
26569
7142
34808
35723
18102
11275
15945
27861
28066
20842
37188
30498
24704
29178
14732
32983
23348
23782
33080
17667
8354
11593
11141
31807
16395
18998
33991
31961
17561
10236
11942
9777
33592
11944
31878
7010
31400
27083
29767
37157
31184
25981
18223
13043
32854
23713
22308
25450
36204
7275
7199
23538
20717
16672
32221
28576
29352
12317
30168
30043
25596
29467
36213
7485
28581
22705
35967
13627
31701
32282
27604
8457
12934
9785
24670
35128
33807
33242
37445
34210
14326
19771
21603
18183
32774
26315
28665
33784
16801
17201
22688
11508
35159
25232
23682
11218
23735
11018
9417
12894
24164
19587
6744
23623
30828
37287
33465
10297
32982
16942
26967
35910
35962
31326
10478
10634
25622
7122
10559
25359
20381
15227
9480
23534
11218
12516
35891
8375
32278
10938
22094
32787
31358
27787
22843
22184
12329
6606
30761
21053
20433
12836
16067
28703
16543
8925
15526
15043
30532
37310
13593
35500
17221
17665
30456
20111
34454
19614
28914
7862
35691
20681
22005
8098
27723
10684
26085
30708
16998
9398
11924
23950
36392
6724
22767
32245
36366
14783
22133
17913
30649
11798
33518
19609
18241
32717
36441
25889
6347
22598
17190
7317
16478
35392
31909
9810
37874
33693
25023
31731
7114
35944
14308
13426
7428
30486
25156
22159
12911
9740
24898
10870
26524
35426
26149
20124
35384
32743
20241
37866
9624
10853
7991
25885
23702
14374
18248
15725
5532
11702
21039
29292
11518
7915
18943
21810
8589
31011
26922
28343
28521
17101
27637
23424
36118
29739
5672
35454
16082
19797
16650
25395
13350
19842
34188
5910
9148
12163
22213
8761
22896
36752
8350
16169
27305
7751
16079
21013
34026
34034
24586
36659
35492
24329
10613
24672
29263
27896
11870
19975
7096
25633
36907
28483
36765
32805
23183
9544
23927
14687
28676
9727
35735
17586
6773
6640
19828
16517
37946
20837
29764
13067
7498
21708
19913
15816
28844
21598
25966
10833
11823
15102
23442
13395
35931
26724
18212
13526
26279
22138
21872
37571
31725
11782
7224
7332
28954
36490
20999
12204
27690
36200
24770
20471
23380
12362
34432
5650
15489
26305
30875
5566
30979
18221
15624
8689
10628
37596
11747
37406
22076
17782
23374
27830
34664
13208
16252
6895
14839
31935
30985
35268
35974
21608
32653
23613
14478
26229
34416
37616
11228
23251
33280
19656
22082
15450
33472
34053
32653
18164
23299
29316
14774
24834
17082
27713
17245
17403
28043
30490
28274
6230
18211
24790
24374
34987
18892
35941
14178
36885
9026
21353
33189
34778
7106
8438
29012
14414
29541
10646
19038
28916
10668
25745
34174
27623
25436
10859
33972
32888
25228
7341
27637
26905
17660
15081
29218
8314
31912
18680
15927
6641
13981
27270
9413
22815
9228
6097
22946
11473
22941
20397
27102
37156
14597
10956
37370
31981
6363
13372
17493
7767
7847
11057
29671
19150
32573
37381
30513
9756
6473
11901
6004
17618
7722
24398
8226
19946
15620
27359
33426
24490
33808
11089
25079
15308
27703
15293
7059
32475
17120
35516
7976
26336
26118
30253
11184
27966
34445
21554
17485
14299
25814
36220
29059
9600
15249
11465
8869
31107
19666
34730
17293
27299
17767
25738
23184
6451
27242
16876
17074
12411
17682
8948
22037
14171
16590
34089
7352
21553
28565
25465
21342
34813
26743
27262
24267
9411
29817
16895
32566
33585
32159
36794
22524
15234
29770
5984
8082
26018
7876
7138
35773
9363
34586
26091
19973
33039
31530
37805
13415
22383
21244
38369
16970
23755
29014
32265
21940
32611
12938
33273
11454
9789
15763
22677
24389
37904
27488
21468
8419
29025
14448
23590
24349
16876
29855
12457
36830
18757
9536
37186
17445
8895
19819
13683
21242
37005
37016
13480
12454
17959
25453
17342
17955
12784
16085
27589
23762
35349
35154
7685
29292
8376
10900
18752
35131
17230
32074
21559
18570
10565
37688
8559
33114
13802
32650
32821
27478
37259
7016
12000
11785
24024
30922
21078
35407
35215
30606
34514
14345
34649
12488
28132
19477
27631
11353
23993
14974
14208
38083
38300
18671
20055
23867
7101
34158
25785
36352
10289
38214
25100
10988
16699
28741
32575
26696
27850
23592
9317
8677
6978
15444
18851
18536
12159
35271
24397
14566
18456
34637
33100
12977
11744
34295
31171
24433
35763
19913
22258
8566
21359
32435
6234
7244
29760
32195
14113
11152
17953
17048
36281
15363
20127
6426
25277
15069
17120
11112
6939
36708
27365
26642
22392
21180
18956
6281
32976
14849
12505
15315
34909
26259
7157
31107
24251
37041
33911
16617
26185
16458
34147
26758
25810
34831
31344
25026
14445
30413
31759
21730
21409
13050
23720
14644
17613
29838
35623
15756
19655
20756
32439
38132
18628
36352
36813
31648
29560
27971
25193
34848
16766
10269
17817
7385
23801
35890
11326
36278
33916
28385
8978
19995
20775
27345
26602
15131
10259
7116
34361
21994
23281
19665
7382
33429
15341
19556
12543
7920
10457
23337
12957
34256
20871
26801
38345
21115
15734
37524
9616
30813
21681
6592
29683
33533
28661
16912
35634
37423
13330
20513
17483
26250
15507
6497
26301
37404
22945
23144
30097
8541
25893
18316
19867
20578
29485
35759
30974
8275
24977
10588
23534
24863
35542
29203
7866
33646
8274
34784
30985
18136
28561
7474
16995
6228
38648
26347
27636
13555
28072
29876
18317
25806
8870
25491
16364
25148
22328
7871
26173
16713
14482
8883
30945
27492
23729
30337
18285
33624
26248
20329
6134
17790
13658
37546
29068
14384
9063
10648
28676
16512
6090
23535
34043
28458
28578
9319
18967
6600
33392
13192
18576
37957
17856
38080
23023
7828
21516
10675
34326
23202
23261
28626
33409
24201
13363
17455
14027
14086
12071
6543
27252
28205
19407
21697
32737
27227
28258
17199
24740
14701
19868
24499
32510
7215
8292
22956
37026
26135
20141
37456
26300
34100
10650
33860
34610
18017
28389
18794
27434
10686
7041
13050
34508
23393
20862
10196
32329
9288
21806
15636
11292
26514
25990
15591
23696
32751
29638
36766
25218
37206
32349
15105
26984
8950
37638
27622
10386
38254
15416
15874
23472
18752
23997
13822
9365
35203
17568
8653
14906
36569
28237
21310
35078
11937
19188
26829
10316
35438
32558
6335
18710
21431
26851
12910
33313
30672
27499
18913
7464
18456
18163
16799
18789
29301
32547
9925
22358
24061
38142
37719
25021
16374
38921
35540
34794
32001
21167
34061
7484
10898
38372
6966
29158
17571
26633
35646
6383
27562
6927
34140
20349
16072
36320
30699
26962
9795
7418
19831
26263
8758
34397
20760
38616
29063
17576
11518
27985
9498
9599
14158
27240
29508
7983
33069
15994
24451
10645
23577
35290
35436
7740
18816
24087
15844
25541
34955
25726
35219
26764
13883
19936
33686
12424
13240
28566
33140
31347
18150
12737
23892
16427
10552
13014
7021
38489
30921
17499
33725
12112
16297
9451
33790
34104
34164
7040
28118
28523
7978
22514
25934
10015
12602
15546
37765
32582
38880
30204
29094
21426
10673
33221
16407
29565
34933
36241
32243
35496
29748
19728
29883
20226
21652
11817
11336
29771
27746
36416
23300
11162
27502
21684
9818
12796
21148
38572
18283
12894
24120
10260
26627
32429
27274
15842
19403
25659
34474
34206
6592
8037
10646
22049
23011
12915
15746
23965
31538
9151
30063
28893
30168
26394
8447
24526
23969
30315
29320
29503
30896
23961
27495
30693
11892
15787
25239
31394
25304
35630
22914
6662
37306
35799
37654
37143
16031
22378
8476
24397
36005
24538
23493
12769
37561
17586
30598
29256
16393
30131
11558
7674
25788
26815
10262
19319
13025
26358
12032
32908
19366
13598
15010
15826
11467
6984
28381
25465
37462
36784
10761
21315
8327
35046
7820
29651
27150
15147
10923
31016
9852
17694
25248
38501
11512
36760
33004
31955
34611
25812
12526
19496
12446
33491
26549
22538
21978
11518
16147
26319
10351
33038
34546
19847
6850
37673
33003
36156
38977
38221
31253
21880
36321
36338
14107
36872
22218
25067
26258
23040
24912
13710
36233
36351
8230
26900
8801
17332
7118
13379
18911
26785
14420
9546
27263
22047
33596
34540
35339
34979
7609
29152
10605
23615
38688
36216
37570
29292
19355
17282
19887
9478
6946
27500
11768
10904
36007
12459
12366
20442
12689
14428
6505
27256
23916
18988
35671
26901
34271
32886
34068
9360
24286
17324
32858
22150
34592
38136
8634
22808
22740
27683
12012
37870
12944
11445
16228
14971
19594
30302
23333
16259
28170
21652
31706
8667
38687
37246
9251
30321
29330
12305
33069
21388
9240
20857
19077
33108
18123
35258
21550
37780
12251
26519
34545
20671
18817
13235
13044
35377
6709
10998
28814
18872
19489
14386
33626
30803
18645
28934
29578
25145
15676
23043
20862
15389
6607
13838
22422
36273
25352
25861
24132
9577
26138
38310
22117
31105
9695
20140
15825
6721
37906
37690
16944
39296
27326
9853
34320
35687
14838
12942
15413
33911
32199
22165
36144
14541
20587
24628
31540
8357
36031
13347
14372
17950
29944
10775
8688
8253
12689
24553
22818
7987
15495
18420
9652
19939
36041
30399
7717
11423
38378
29660
17612
10546
28698
37391
36715
22564
15444
37555
36103
21305
39129
39002
7671
24891
14812
11444
29244
19193
31359
23986
16912
33168
31230
13802
29889
31209
39210
37950
10688
24963
27674
9912
22517
36979
29725
36025
30550
23721
13810
25683
26808
12916
32828
18163
36837
38473
30256
31043
21486
29632
12945
21070
31171
24031
38622
7654
36096
9371
6858
32322
19210
25500
12268
37100
17499
28225
36280
23259
10266
15588
31150
16347
28143
16223
24529
35126
21013
14542
20315
16269
22449
34967
12207
23559
17762
33960
16783
38062
20505
18688
16527
18453
26667
8305
14537
19518
23716
27300
25811
9404
18655
9053
10222
25621
32851
28416
30848
15466
27824
20565
20165
33626
37419
27528
27585
11555
11797
31348
35961
33546
9139
22048
23906
39166
11082
14730
16922
18040
30585
8612
17750
9893
17611
28317
17692
25543
34701
10849
12082
20953
11229
39011
25046
7281
7172
29338
33967
35819
33030
30665
28164
9668
29047
12036
26668
11332
33423
33904
27461
16736
28545
9034
7977
12510
19209
12587
14750
9658
28484
20106
36045
20169
8133
32898
23030
13980
37349
26581
15457
21159
20314
26930
16536
36258
9996
10931
31699
20784
8228
35498
14260
21183
9061
29597
34356
10159
20159
12687
20958
25782
10017
11393
15931
19587
7312
11321
27789
20897
38006
35138
30911
28575
28220
28468
17053
8046
13850
37942
22337
27402
31278
35264
36557
25692
30156
35494
12896
33632
34582
27218
15938
12163
8908
35152
37986
30799
14949
29457
13059
16713
18526
35048
17330
25882
30418
24153
38523
37870
37963
10899
23900
28954
19160
29499
15354
13313
19807
21611
32659
20536
28469
35323
37684
26856
23020
7679
33836
37748
21868
24720
10944
11612
22085
36048
19232
18786
17988
16168
17050
30699
15173
8404
38158
28327
36935
27810
28322
21364
38086
12534
28086
11904
17989
29458
18715
18350
18474
38804
9855
29500
36302
13376
13612
37282
27349
12032
24819
18109
32187
20009
12642
11308
10416
7680
10558
33531
36006
20349
14893
10366
15016
29775
8370
21120
36717
15391
15454
22174
27949
38681
14405
33005
18355
25001
38832
15843
14004
32130
31505
7028
33375
31717
12604
25979
24117
15648
26835
24924
17947
10581
38402
27879
12717
26236
24685
33920
37334
12203
11623
29821
19613
12693
39525
14800
11074
36946
31666
21990
28298
31326
13156
39375
32087
27875
29838
11422
24955
36155
18103
20755
34510
15280
23947
11895
28799
17287
39121
8392
22695
19518
16541
21526
28196
28689
20935
12077
9380
7107
28315
20852
19200
7066
18386
10261
23500
31148
37314
24158
15404
37209
22993
11624
23784
31769
20527
20214
29123
15224
22981
38815
13065
17502
32360
31792
23912
20372
34643
34380
25600
37764
25044
31829
35005
19264
39493
16528
20197
11974
33598
11139
31725
16515
23817
26018
39569
37909
37206
33835
13348
29269
22320
27983
13348
32405
21296
18322
10769
16678
34801
30836
23935
15134
10947
30289
26731
26455
12452
29062
19403
19643
10092
39125
12904
34239
12103
32011
22000
24878
10344
22495
14919
32808
26876
14878
13087
38250
36701
25861
26568
10704
17545
21230
18761
35351
33490
13104
11951
16872
13527
23872
35749
18450
16562
32540
30021
16408
21363
35561
26926
29931
32974
10202
35543
28920
35600
10837
19235
22373
26455
22353
11829
25240
20995
30467
9093
11258
34664
31417
9267
8442
29893
14854
35740
18772
30074
35615
24108
17043
28789
14981
29299
38100
27118
9700
12410
17614
23892
32315
23383
18191
29575
30014
39167
14472
26951
23033
11356
32844
14829
26805
38303
16021
25176
21023
36056
11528
20523
15783
35523
21562
20790
19239
21477
14962
38705
22469
14808
28593
9136
35354
34532
39663
12371
27028
18383
27816
26429
34072
26613
39575
32712
27884
21403
18626
37751
33749
38016
33718
16173
27516
7349
12308
25756
36886
13231
37708
8191
38724
14747
22953
17932
13880
13553
15758
32292
13082
24140
13311
19662
38314
7801
16994
8803
19238
13005
24967
16907
16750
27580
37351
38119
15718
14760
34089
15760
28828
31735
33003
32705
37419
18024
24254
20560
32479
37031
19826
8547
9369
33823
14229
16096
15605
23567
29494
20261
39723
35808
7918
19450
37171
8118
20514
34755
12333
35653
30338
37627
26623
23270
39125
38365
19008
31465
20217
29284
29781
35117
7461
17014
25817
25839
38002
34396
16451
28896
23706
38774
18626
15226
35583
13101
36204
33171
27375
12840
38040
16179
39718
16323
34184
17059
9364
9661
38220
30150
28257
32816
15074
20908
13103
28103
28322
12389
23455
36907
30938
28947
25110
28862
37813
8771
9153
7564
25697
9854
17110
37503
36720
34586
32285
17106
27775
26966
8624
22215
7446
22951
29951
29085
35536
24908
18966
37820
37052
39464
37411
27956
21506
13521
39730
13413
36810
9445
23356
21759
22617
26525
27744
35630
39293
39076
7792
16142
21548
18729
16815
13413
24424
19763
36569
25233
12389
29492
20580
35007
28142
23010
12550
21086
21253
22594
21367
8148
9418
11269
38776
18287
16286
25112
12308
25246
32647
11639
28454
31585
34774
8258
27163
11774
11784
31506
23545
37622
35819
34445
26784
34103
32002
11064
9553
39059
35625
15245
35436
21617
36476
9294
12926
34498
33910
30488
35450
17207
25174
33595
22343
25265
26311
28873
13435
38650
11967
37357
28775
26290
37288
24190
26963
9612
35006
19924
20490
15546
9656
33499
29594
22437
23722
32357
31317
18658
9514
19397
11291
15201
14002
23449
12764
33768
25669
32999
28248
9920
23381
17516
21545
26031
18917
33328
23812
27174
12267
34142
34364
24506
24568
38483
30343
37592
29466
12021
12549
26549
13314
18758
31102
15749
17762
31801
19948
37357
34713
23236
39225
30906
33170
18742
33609
15315
20713
15563
33339
14188
25936
39293
37100
18045
35634
8734
11965
21363
35222
11940
35991
24869
22341
40132
35628
8201
11055
11970
28287
25512
27659
19591
27302
35919
17214
23284
28110
14600
22270
40310
19329
21960
28599
21978
11556
23018
36013
38499
27588
19164
11236
31258
14098
22297
18749
14182
11691
40279
22753
16604
19101
29697
16610
26712
19495
17639
38432
14413
30657
20789
8298
30553
24412
29089
27110
35357
35819
9961
23987
10059
12578
36477
14796
37376
20094
36728
22576
20053
24965
21461
37696
33841
36175
25056
18792
33889
23365
27114
17409
9194
31017
40001
34166
24989
38999
39776
17062
35309
21066
24162
35722
19710
13921
38845
26392
31486
25827
29740
26215
23224
23362
17901
29459
20070
21916
28717
23779
15047
27015
9921
27305
25714
15886
22038
29290
14186
34039
18283
15551
11506
39240
21821
14203
17315
26377
17411
15246
15803
32842
37660
27178
39352
33640
23046
25892
31014
13965
34256
26268
27061
31862
35538
31712
17550
34425
24219
26510
38887
26566
20011
28409
20181
28141
33891
38606
35682
25248
21689
37624
26336
39610
7728
28096
35965
30337
23176
10809
25111
14120
11697
26075
13137
19865
35206
15726
37606
34417
14776
31018
26173
14155
27656
17436
20286
20801
35002
29387
26725
31920
28486
40220
34580
8764
27472
36723
30766
34068
30170
22299
27361
21111
38585
28136
32195
19064
31301
18714
8737
26110
36693
20357
18835
40462
16747
31471
37332
14413
9003
10426
25297
15552
40210
24003
13056
30935
29796
33161
26099
13226
15974
21650
31021
30594
37838
9738
29492
38043
39032
36014
18664
16680
11098
9960
11538
31384
21178
9787
32320
35864
14494
10722
18129
24153
19333
11444
33612
29843
22356
35403
8950
15050
10899
24421
30371
35152
39897
18826
33228
33163
33669
18928
25058
10232
32175
20379
16354
24432
34911
11464
32810
10666
20988
31628
9355
20738
19463
13753
38047
24440
22025
33793
16476
34556
38089
34910
20714
24297
18883
10161
23474
39631
16086
38569
19384
40565
39485
11750
29994
37662
11968
18782
34617
25100
39979
14080
20519
14403
21504
30872
34721
30607
22121
23795
37712
14536
15216
13379
31147
17237
23666
9156
30479
40431
12753
23712
26897
40103
14570
14865
33811
36907
30279
35525
34581
31301
26645
35206
25038
27556
31960
18714
33019
28383
25181
38760
13560
9399
16624
39901
26253
30109
14032
13582
36362
31860
10208
22943
8342
36503
13727
32867
26564
34078
29530
21444
30567
11101
10913
13414
13736
30382
17399
20231
10581
27505
10189
18858
33404
21328
11186
19444
37177
10440
24516
26326
40652
23524
20586
8044
23790
21580
36933
8485
24422
21631
40547
23333
21463
8797
31926
36071
27612
39144
35525
34343
11606
34635
30882
40447
40197
33052
26140
9552
30550
33758
33333
22627
27516
38346
16087
37840
36034
16847
27842
20639
28192
38103
21449
11182
39948
32844
39742
31826
26770
17882
38571
15937
15783
20599
19138
21168
27067
40609
16023
23736
39565
8679
27917
15614
31299
14251
27278
28819
8890
40742
37632
22297
23323
37037
21492
9256
21423
23090
26400
32752
21492
9485
37135
39711
36592
18685
14359
14853
37317
20585
26508
31477
32902
37356
37683
23535
38217
33553
12025
17277
38269
10331
28389
37083
12670
18057
17228
30554
33383
14615
25924
10502
39464
37384
34650
38023
23000
26339
32392
14917
33356
28412
30561
23760
13032
22260
35727
36990
19125
28035
19327
28246
24500
36213
36955
28204
16498
26867
10809
11278
13277
39428
16018
40159
27478
40020
27381
30274
23303
37939
32764
19898
27767
34528
26752
13071
16219
26632
37129
18931
27824
8330
25480
9957
32774
29309
11081
29526
39711
24180
29987
40202
30648
28160
16370
38082
15271
34679
37191
24600
21286
12020
16989
33450
17775
22687
39247
33402
14217
12335
33417
35733
37217
31149
32380
30451
31004
28538
38807
14495
39084
16787
29810
30999
24993
39444
23116
24054
17218
19195
13239
17872
34525
35119
28562
31582
18011
22721
19512
9179
12567
36465
25335
27821
37617
35444
34756
15432
20894
36980
20780
27216
21570
24793
23694
17149
35136
30535
8840
22980
32336
37479
28591
28468
16083
26859
21891
28190
27748
12236
10146
17400
17840
21974
22843
39043
36743
39015
20166
10412
37939
21876
30706
18608
11528
16076
17887
20868
35388
21153
20878
32116
11513
15684
18070
30730
18353
34864
26136
9521
30898
14922
13812
25498
37626
19815
12349
20063
26956
40207
34539
16871
20355
12929
20432
10249
17959
37366
11470
20340
33854
27946
17478
21070
21348
24345
40403
20507
29214
38150
14137
32481
28780
35010
26008
22409
15005
12331
22246
24969
18023
17907
18331
25024
38455
36771
16558
28833
34502
17631
29121
15252
39661
31723
31641
30105
14778
16238
16080
15151
37571
12662
33486
28020
40122
24509
35061
18573
25154
11563
24604
14664
37121
29851
35903
13824
32503
18658
22132
40642
39438
30221
22817
26797
30194
10219
40045
39071
27682
22988
22260
20750
33352
29575
9919
30515
35526
14274
22131
13166
13201
26477
33480
20710
30530
16016
13373
16496
9322
11847
16651
17074
28454
30730
35671
32136
16628
36402
28587
32934
15045
23993
30631
32127
40276
25922
9460
13926
35765
15705
26746
26867
23601
30203
39379
14249
27473
27993
33535
22229
9529
33753
21593
32953
14647
20830
38089
29930
11164
16329
25148
34551
14795
11968
38481
32843
17551
33966
9045
22869
13490
20746
15730
36326
36299
25565
9251
37082
9047
32382
40939
8954
9227
33184
34887
37153
28521
15503
26081
40350
27026
16823
34054
39130
16731
25702
35930
27963
23714
17363
27595
8775
24291
34654
14275
39693
32262
12313
17570
37824
39291
9096
38507
8870
18313
21413
30909
16432
19683
10279
21254
39531
12925
36100
36083
14231
28061
18997
38699
11284
20021
35001
27708
26502
10096
10460
40405
23857
26251
19897
16951
35749
35814
16894
21990
10144
14939
39407
26020
28208
20686
13998
38047
25112
16901
36537
21226
30837
40634
24500
22570
30881
34287
11625
13970
37720
28546
12813
39441
29977
34049
9156
34761
22479
31935
29544
12740
22449
11048
26758
13026
36711
15953
16042
18198
16238
22484
10205
21458
33981
30938
22635
21696
25257
29817
32746
32947
9222
23617
21367
15069
22415
39697
36163
9282
27528
12847
34127
24940
11425
19608
18291
26721
11294
40085
19109
27346
20789
14223
11640
12437
39351
25636
39907
30294
19955
36475
16964
9353
11224
22228
29092
29346
19801
28259
22845
19081
19990
13918
31033
32840
29752
21845
12989
12807
24732
14018
39206
25659
35381
10465
26771
11802
34987
36033
17827
35410
29256
19611
10880
40954
20757
35940
9500
38857
29504
18590
19130
20870
39617
22387
33969
36287
20541
32772
39532
24510
23851
39935
40118
31673
12597
30575
38452
13641
14049
25305
9523
16925
23408
11140
25253
38128
19975
28184
14949
25784
14860
30571
39107
13345
32979
10135
37180
27961
13946
35664
25225
25965
26129
40820
31708
23988
24830
29412
26470
21258
40352
39571
15900
13088
26931
11228
35003
18770
28916
12569
12809
30681
26245
19569
28254
37186
17298
31985
15460
26142
28853
14814
25371
23292
21399
22602
37152
39572
34905
28390
33070
14405
18994
11287
18405
22210
20313
21068
11978
9992
39973
20110
16528
21395
37234
40281
27286
11217
14920
29098
22448
9175
40119
21081
26666
31827
37381
41385
27402
9921
27148
17182
31894
14818
24029
21390
11798
35434
38313
10107
23259
15353
17890
33696
20096
24141
10141
17354
41072
27318
20539
25577
26792
13770
11336
40807
12735
10585
41379
39608
19491
23204
40159
19251
26277
20681
36330
37152
36920
36738
38892
14354
34549
14863
30834
20855
30819
25201
27084
40301
38646
22745
33971
30167
10453
36704
25904
28592
29664
26104
38585
9888
10994
29347
35740
26317
16483
39395
9121
10484
16850
35697
34282
38072
41249
30513
21023
32058
36544
36454
27848
35817
18735
9507
27386
36252
34238
34818
24886
38366
22168
23063
39310
27784
12799
36647
29961
31126
32473
22038
31817
9011
19052
34719
25451
21014
35686
27976
34095
36881
38432
29844
39257
29927
9763
8826
10839
21855
41196
23318
36387
26774
30188
20895
26219
22425
16339
13465
27632
27443
35598
27211
35116
19460
25998
29044
34871
35027
39884
14906
22507
22310
18186
35683
11335
16911
37083
18375
32273
15176
20453
10245
11711
17026
25062
15478
19864
38651
26357
19295
22295
10063
16907
24427
20368
13200
33473
39512
40981
21912
40027
40944
9371
25502
36358
11579
13913
24840
24670
12275
13681
29056
39987
29240
21970
33354
40589
11909
13149
40405
28141
40931
28999
40336
29910
25180
26814
11774
17804
14259
10959
22797
19228
33874
22919
35492
35740
39044
40024
17275
24500
39396
13247
28207
17246
41238
28708
35478
9193
24500
36866
9040
20292
25227
18759
16798
26745
17416
33278
21367
34168
25325
31787
14297
23062
29000
30966
25950
37973
28582
38668
24335
19942
26756
28739
27516
14060
32774
14973
16909
24067
11244
28622
41619
14721
10177
16865
35618
22012
31061
23703
32803
19980
39278
15346
39589
28497
38075
39218
20724
12472
14601
13117
11629
24059
41657
30276
26512
40039
15986
18084
37719
11490
37651
29450
23238
36652
26604
37339
30148
27237
39725
19923
21545
24272
15518
26092
11800
9430
16529
25729
28303
40270
24342
20915
11324
14075
29549
25868
9363
19798
28609
31330
27933
25742
14611
19966
20243
26318
32628
17406
33067
18110
26231
16120
13234
11084
37350
18912
41691
34988
27316
39212
9047
19101
12339
10037
23845
29679
10631
28641
10412
22338
35675
36735
16903
19728
26066
18674
18080
35566
11968
14098
12544
32782
15387
11599
18149
23305
17068
35736
11669
40155
11530
35195
39027
23855
24265
15501
17872
9182
14319
24076
15875
31666
27815
37827
35004
41583
34106
16430
19605
31252
39482
40415
36074
40798
41217
10784
31211
18830
23642
41690
34543
22380
17789
39861
15116
11660
33089
28289
28644
18896
13709
35541
29377
12334
21263
26869
15333
38067
10033
9209
12315
26312
19017
32556
41106
41397
15888
23219
31979
34403
20566
23407
27537
41574
38388
18980
15433
18490
37377
28122
26890
23757
23881
25987
39182
40510
25082
17631
23081
18405
32673
30877
33882
14227
11093
13763
31648
30747
24626
30799
17422
21777
29706
21790
39970
23505
9302
41742
37203
28099
28531
16224
17129
18398
36363
29024
18193
41835
41169
12615
26161
21516
26225
22112
41081
34556
36294
28778
12731
34712
30798
20542
34684
11551
32988
33713
23883
21942
39565
18620
29521
37551
23549
15322
37674
27146
19131
17842
22259
20796
31482
35830
26276
17712
22409
27019
40864
41868
9733
12778
23179
10549
39757
17350
17244
14869
37942
12015
30643
22044
18048
29046
24428
24452
32265
36882
29556
38490
14913
36290
26331
27962
16350
34484
26155
39770
29393
29286
24825
36809
35960
20747
37305
10745
33301
18480
14295
23420
12159
29343
14339
38667
39447
26499
38604
12492
24574
15566
33136
37845
10117
35032
22770
28908
41701
10056
29550
19088
31793
17720
34730
33342
15752
30868
30445
19181
35215
26307
26900
9435
14366
16010
28386
18059
11066
35117
40600
38670
28740
38615
24261
40323
33135
35387
21344
35290
15224
18300
41236
15069
23441
19018
31451
25968
39326
10063
11726
16663
12963
15561
40764
23994
30589
22136
28921
34469
13265
18618
16376
22227
33091
18165
12572
25196
23272
31029
16460
39308
34045
38166
34246
18502
40153
32229
26037
22505
25888
12290
24069
13697
41530
31624
26230
33185
39683
21040
38639
28000
37316
11379
34838
26786
18787
18927
41501
34201
27350
20748
19934
13707
24285
37343
15403
17109
28657
28751
14175
11312
18551
14710
13113
17715
41274
26698
36587
16409
13336
40316
15725
33989
18172
20128
18455
30979
25356
28815
24431
40465
35875
41225
28224
10078
35969
37791
25324
28305
10433
17872
41730
26829
20492
15987
23827
33075
40077
23637
11458
31913
14372
30754
17691
19162
31071
23945
38182
26750
19622
24475
39611
14044
15797
35956
22423
27789
13648
17438
40112
33666
16177
14002
40902
18505
27718
36288
36667
28299
9497
17649
38948
20186
32912
30187
37536
12713
29398
39797
18537
19356
26777
36828
35240
20227
41590
19093
33806
13985
25777
41251
36896
11697
20266
36668
26834
14635
29068
18983
33112
34371
28616
41832
27961
33330
19138
32415
36517
40762
41289
24238
32520
27364
32077
19994
26079
22925
33100
9908
12747
27424
35342
31864
26595
36133
39058
12213
32079
24059
38984
27246
28435
13665
21889
36096
35880
38460
14371
19974
9681
28052
38561
37242
39468
17119
13610
15133
27911
15746
17697
32792
25334
41877
30926
31715
21154
13798
32595
35942
41060
36161
31969
14686
38931
23791
21291
11011
39194
15997
19995
29672
18637
27327
35012
12834
16125
33811
40601
19372
24777
21994
31964
18954
23992
11653
26713
39213
33541
12285
35667
11671
22842
20870
40895
21951
16384
20980
35248
15031
31798
25215
30227
21516
27712
22723
20892
21230
22178
37643
11264
18576
34509
29134
23397
35794
11320
35450
29718
41502
12211
30577
26748
12175
29433
26961
25930
12889
11908
23929
15863
36197
24997
40393
32113
9787
35027
28072
28432
39461
36420
34892
13256
20113
10426
21558
14244
24760
40096
28667
39791
14461
37717
31818
26292
17048
31944
18219
38378
38387
12101
15493
22760
34900
14734
16355
38303
30269
39726
21367
33543
16913
22282
12384
28762
20087
37945
13352
35969
30723
16661
18321
16843
21012
27794
41617
31205
11000
18895
37275
24071
39767
37355
40992
26475
42190
14362
19542
21507
41946
41976
10296
21355
39160
26141
35790
32797
36106
39665
15534
30948
38141
28609
11971
11923
14505
32275
16973
14838
16632
28983
41769
19977
12619
10783
11603
39528
28697
21873
31401
12807
25305
10201
32241
18979
33059
13476
20254
25976
41746
37515
36047
16309
36588
17100
30489
36141
35333
36480
10118
25295
28896
20008
35421
23128
39576
20361
32036
18119
35710
19898
13924
36113
15108
12155
23212
29975
28890
32712
25304
34517
32086
21678
14227
18396
20761
39006
9755
27906
14320
26752
37445
21592
15096
32713
35264
23388
28166
24016
40093
25968
11333
41245
40719
9867
34849
18307
14448
34351
29284
18609
25477
11931
23711
16131
17411
40001
23244
37534
30034
16762
34865
23227
13968
37497
13192
26947
38873
36221
38492
13469
36038
37707
39862
37827
34867
41948
31225
32924
34118
21331
41995
21638
41389
35634
21941
13105
11558
27596
16205
38836
21061
25086
38034
14298
15474
17690
33495
12733
24369
37156
21092
14231
17062
37185
14105
11732
31064
36460
37972
28524
41781
22123
14357
11375
41430
12033
20832
38626
25093
35174
42467
20937
24188
35316
19161
22149
16368
14371
25902
17504
15950
27319
13540
20071
10053
17464
28597
15224
11780
21411
12026
11419
26693
11615
29899
40341
40074
36978
35944
21435
17830
27637
18903
12037
28544
22725
27855
37219
20756
23420
10965
20564
18362
33440
42149
25780
38827
13594
19155
19669
38337
17641
30130
21714
40574
39447
13429
14624
32336
35308
38804
22374
12051
11875
31346
24975
36568
20954
36924
18205
29669
17165
14356
18624
16893
42309
23663
27175
25825
37069
25019
13846
21526
38822
26694
35001
33769
33403
25947
21560
26545
22999
22446
37771
26964
36758
39673
24464
31244
23706
40680
23130
41067
9919
34099
25804
10141
33552
27401
21095
21486
10299
25013
36705
16523
25922
23164
27895
19085
28788
35268
34820
11571
41628
34172
32209
13167
29304
41655
25391
41637
17516
22170
12739
17071
25208
40569
40866
10020
12392
13117
38174
40410
28746
35849
13535
26281
11045
29725
10805
39026
37352
14330
12716
22368
27297
11718
36833
16494
24047
40179
27285
11818
14522
18716
14336
15032
30241
42031
14439
41753
42420
27601
11761
28590
33252
13822
18103
34295
19127
12528
27930
34721
14529
39491
29273
41664
40015
12630
18275
14169
31973
10484
14313
30243
19691
23604
23480
23694
34211
19101
12870
12805
16222
40846
40074
27248
39408
18653
10513
37374
35169
24767
26191
42529
23269
28392
12083
32730
34318
17651
42494
13110
40513
31235
20820
34841
30823
18859
36755
28730
22756
23051
21605
40559
15821
11580
25745
41771
39253
16879
33815
12868
37001
10064
19067
30202
37438
34865
37217
37686
23111
29028
12634
17167
13547
22376
33022
42386
38550
40777
19003
12739
23502
11969
10732
26335
17769
18339
36269
41700
34045
12921
17390
16979
28057
31852
21063
27957
40114
19557
34315
13660
12128
37746
29472
27115
22475
40043
21774
17433
26335
16085
34389
20785
40520
14598
33284
15837
24218
30090
41863
26277
34255
16326
39105
20915
37367
11227
14939
30169
23595
13774
15963
29397
32707
23525
30968
40659
16841
14420
40876
36147
36013
24088
17036
29325
21561
32036
28629
35314
30152
37307
13767
24437
26803
41757
30390
41962
21261
21861
17246
28142
22160
21170
12151
35880
10710
20357
21641
19662
20941
11882
30466
24170
36709
34523
33158
11742
21899
37729
19078
26021
23387
19196
22548
29277
40593
10693
38389
12418
27201
27858
12792
42877
13769
17754
37511
30173
28675
18201
39804
21220
35519
38390
13622
18757
23152
38628
18923
36652
40485
10246
11583
40831
17339
42006
41494
30819
15441
13575
29351
41731
29949
14825
20179
26765
18365
17422
25780
22652
30897
28523
26488
33821
37767
39488
30832
37708
15670
16380
42596
38527
19951
31579
30506
14855
18256
29649
12150
16018
31452
14891
19700
23283
29864
22644
26260
27430
32342
39189
26406
37006
20039
18753
22054
42882
14093
31376
41689
13832
27423
34794
42393
14304
10449
24999
19308
27589
25219
25844
40924
34287
14104
17017
10499
27612
20138
14393
18918
23888
28539
41657
40708
11931
24367
10596
35118
30746
25657
35374
23192
24320
31636
18552
23089
23382
38579
17203
37168
40769
30138
30281
38639
33668
29166
27448
20221
40261
19562
40192
19823
24852
21781
21312
21878
30505
32208
14492
42551
42221
11764
12385
35286
28605
27131
12140
23252
23786
41853
40008
29596
29444
17759
31382
15448
24664
20551
26034
19209
27319
39762
40595
18903
35961
36106
12531
38821
25282
24722
29616
22249
20740
19236
26739
24251
32197
38334
16015
16940
36003
32535
32044
25048
14741
31192
39076
15295
14707
39689
30509
27984
33721
19657
10425
39879
27016
39235
22042
14009
40429
41437
11114
18669
37734
38578
16810
19310
21154
16963
19369
11998
11913
32105
35367
36621
31100
40847
19259
17611
40926
16157
30962
18938
19411
22071
31545
41959
30279
40872
28925
18394
35123
16409
33936
11755
30491
36743
24399
34328
27612
38644
32898
17301
31396
38492
31619
29283
27970
42730
24867
35620
39072
19820
22601
14638
23181
37125
10716
18142
42176
27169
17379
42030
14618
40366
30699
15242
31532
22666
30889
35040
31481
40759
23265
42743
40189
26070
40327
18177
33646
25683
32035
18035
40129
31453
38522
22292
31600
15001
40042
27988
23291
26263
42262
26848
30253
33029
21059
11123
37536
14498
22786
37359
25987
19062
11408
33708
13723
11201
20602
35856
24200
36913
38404
12896
39242
41047
18636
33749
11779
29788
36523
33779
29438
42736
32476
30486
15601
38020
13408
15182
42111
39609
24480
41836
17665
27672
39765
34909
22662
19459
34981
33975
21784
18155
30350
36498
28482
15044
39048
25497
42447
17334
36966
31585
15059
24854
20350
29689
15856
26260
37641
11458
35794
36278
32717
33664
26364
15237
41209
26546
36295
20102
20048
14367
29095
35051
15753
40626
29617
27403
17142
24199
19034
37392
34149
18502
29826
28399
43332
18608
23985
27038
14088
17783
38816
17537
16591
15443
19707
21541
35651
22610
20837
24368
15810
29040
29373
15000
23997
10855
28575
30228
39262
41160
14126
11472
42350
25419
22033
20069
12917
41571
13500
29704
15651
20246
35569
38401
15854
39948
11398
13664
31741
38118
37736
19947
34629
16337
19168
42074
40434
32090
40981
17607
33032
39556
15315
17760
31818
18711
35210
41311
42331
29244
36762
16444
38435
38727
40141
32032
42612
13524
28453
17054
26861
23573
14297
36510
28447
30314
41114
29337
39151
26418
13850
25612
29499
32738
23503
28966
27073
31316
11509
11716
20540
28001
28370
27808
34511
28593
30781
39109
15783
23762
12897
17223
39901
28808
38591
14640
19865
11364
20082
13757
15741
15256
22199
33995
32065
18698
20140
43404
41370
31655
21080
23934
38241
36090
34540
31646
42993
11773
15432
11225
23249
11823
18369
25283
12947
39142
31778
35211
36603
15591
25328
25135
20068
21044
39667
31724
16480
12837
32753
19449
11167
21946
32701
15988
27410
36400
16497
21405
26191
11218
31735
40258
26936
34578
13518
12410
40663
40920
43018
24470
13197
18202
41117
20565
25196
34477
36822
16983
29153
15195
36647
39380
25494
38197
12075
33422
23446
29226
14311
16132
33459
18137
15953
30697
26661
35236
13070
40916
42611
21510
20096
16185
20375
11814
32256
15512
25693
14508
13928
29940
23308
43219
20437
14471
31048
19135
20139
32692
34103
32274
15833
27709
37347
24762
32350
27318
27359
39948
12300
34874
25390
34839
38795
20572
35680
39218
42402
18272
37630
19416
33714
21676
22824
33462
18819
12665
28797
35585
16451
12238
39483
15117
22220
28079
31911
24348
11046
18578
39088
26740
19789
42258
17103
37556
40756
24295
41777
29543
30217
29974
33048
42970
24763
18021
23935
38187
14266
29202
41213
28323
23038
12484
24811
30277
15178
14786
32713
11175
42930
34915
11486
23809
24667
38342
34591
20100
30082
23234
26450
27629
33215
11808
38259
14425
10891
21256
27991
28763
35329
19386
13967
37452
26081
17535
13199
16610
22490
10974
11280
13316
19209
17682
30386
11229
29373
23996
17894
39472
40573
22486
15371
30187
36684
16104
35543
27902
12843
42878
41465
26733
25568
29657
12540
38564
41462
20709
32879
28684
19717
32619
26179
27099
24627
15752
22900
19248
16891
25694
26860
22623
37421
36361
39332
18569
39222
22484
28684
14705
15522
38061
43181
38282
40159
33751
25612
41045
16452
24543
18898
40169
28497
22993
26411
17107
42553
21675
19564
29985
16285
29970
11768
28602
15515
22852
35940
24305
19975
36174
42969
38233
33528
36735
17082
21466
16519
31004
30599
22532
26323
40789
42498
42148
18249
16504
15248
14485
20514
37221
23265
42969
37164
16194
42707
19176
32206
14704
13460
30792
36934
22461
26887
31838
12854
12507
17770
17284
36447
13585
26421
27228
12204
24880
16197
43107
37234
40393
17465
18633
34038
40605
42013
42368
36912
22101
14662
22675
43470
21107
18044
38841
30332
37769
15967
28202
27491
13736
39427
18609
31215
32028
33502
34818
43222
39766
21476
36175
15958
16426
13808
29974
24510
19259
23398
29757
18991
12723
40726
35680
34980
27703
35428
33898
19248
33050
34470
28258
17287
32464
15822
35720
43712
31398
28233
26017
21593
26545
13863
31887
29308
23044
39291
17188
28544
35366
18437
24120
32947
11460
26126
23033
22103
29346
23700
18819
36074
17623
29863
33969
17323
37178
16915
30770
31833
15128
41279
15327
43070
33832
19541
25419
34412
33216
19363
15516
14151
29256
17730
29082
43331
34544
28661
16134
17135
30110
11603
13869
28211
26410
36649
15549
26837
38350
19482
16086
32322
12248
26504
18276
36492
21154
37048
29357
34479
12740
32048
28454
11800
16008
16996
32907
28008
25503
29330
14638
29301
43282
33003
23952
21905
21627
12531
42542
42000
22900
38186
21405
29700
11856
24812
18649
25931
22793
37270
40923
13260
18554
13034
27753
16125
19918
17077
41266
43689
19001
30638
19226
31984
25830
28578
38611
23951
23856
35022
21677
23137
19732
27277
28335
21798
28646
33075
34022
32388
16708
28984
41981
33355
34889
17817
18958
18685
41730
23931
11704
29326
42534
23825
31602
28264
42241
42433
32030
21682
13746
39298
24546
25810
34198
11657
35891
19760
37380
36900
17458
41021
22843
26086
31804
39605
38808
25092
41404
40737
25869
15871
17476
35487
18126
21635
21725
18149
35149
25488
28571
15748
30313
14807
25460
36970
15330
21351
27729
15275
38417
43400
21350
33921
37590
14823
27071
22929
32977
35060
37148
34927
24277
41865
18175
27749
24473
25548
26115
31344
21937
32086
37231
20108
39869
38037
32523
40497
19681
25966
37683
13342
24949
15655
33577
22869
33789
19333
29104
20327
12891
36657
14806
16369
32579
24928
23569
17767
34800
25779
16781
28944
29205
23388
18885
29266
34327
43139
22097
17200
14713
33000
18686
32273
15768
36553
43044
16579
26264
36102
23860
16575
32414
40323
16785
29871
22847
24270
28065
30509
15161
34050
32291
34510
27233
31211
17347
18271
31197
18538
37099
43118
42643
22299
39389
38157
22497
13878
39679
20690
39055
33971
14709
42530
39938
12466
20981
18863
41906
38681
43479
38720
22750
18047
13932
35761
28286
26953
28305
41018
40825
39698
23172
27380
23832
11601
22006
43160
16826
40757
14433
37770
39882
19668
22427
44055
42223
39301
39084
22011
14722
39306
33501
28455
42053
32499
35089
17345
21074
19902
32088
33643
33617
39747
25282
39880
18926
23760
37233
39996
28811
35216
24818
34548
38449
37809
19662
13095
38861
31941
18267
42139
39321
35177
11992
31850
17624
22565
39097
26374
36294
24468
26432
43899
38351
38853
23885
16372
32255
21216
42103
34689
15802
35085
31067
40215
20909
39825
29236
20441
22276
21306
37805
13461
26333
40446
42995
28818
17917
20447
35853
41353
15554
27410
26480
34545
43865
13151
33230
20607
11825
37067
43824
13806
26288
34165
27204
15356
15396
15038
25848
19125
43260
27052
14151
30963
26680
41617
44115
12582
38686
14311
36277
37713
40751
20607
32017
14421
31833
25819
35821
14962
13166
43992
34243
42763
36053
14991
41044
15785
26496
23422
34368
41027
14365
24803
28628
22717
34961
30313
15907
22446
35746
13830
19544
20582
39155
33828
27466
38448
42294
30463
15185
24276
35485
19790
22617
36448
13713
14373
35892
28712
35239
31770
31541
33036
37584
11687
32506
12025
22224
36047
41865
12723
23281
17412
31391
24785
12792
36425
14660
43785
42584
34964
21411
37549
21670
12918
35609
21366
19021
25085
41612
38273
31875
11994
44286
20887
43899
39103
43617
19121
34268
27915
26285
16571
41075
12201
20273
16537
38436
35637
12838
13672
25639
35937
40074
40710
22129
44184
18988
37332
39023
28641
23555
25530
15866
39429
18627
43628
22664
16116
15282
28396
27807
12901
21944
14929
23440
39613
33974
24518
38241
43826
25881
42965
42763
18736
25007
16614
30950
41211
34233
39170
20833
28055
13633
34013
28662
30693
16302
22548
21597
37134
32917
21171
34304
35876
33490
34810
28592
31495
23000
41569
41878
12934
42309
43225
39788
22983
29370
43349
18669
35049
29161
27785
35465
15079
12015
38641
22622
38592
18149
23318
15716
21461
19121
41229
28903
15762
17442
18240
42043
39504
37181
24689
22699
31098
35281
37627
20914
44271
41810
32091
30574
29096
34531
17392
15697
35739
19893
44031
24858
22751
22416
26618
38403
40976
28591
30978
28732
40437
13265
18858
42137
38496
29069
26110
28808
27734
28134
29892
15941
34160
19231
22017
22865
31873
32977
35519
18208
26489
39482
18958
38929
13450
11992
26441
17572
25225
18742
28058
27368
39062
12295
38080
32818
24831
17777
29456
19220
35682
28843
37050
14733
31250
17866
16462
26494
24252
24536
24703
26973
43595
41255
27430
12077
13320
19940
30090
37806
23558
13551
34270
27601
44221
23274
25099
43630
16373
23441
15280
27705
27366
30025
23911
32755
30109
29435
15691
16093
24993
26658
39095
18802
33751
29475
32080
31829
30115
31198
25413
12681
41296
38018
15573
41440
28082
39589
40722
31414
19721
34452
26597
31710
13097
41703
34131
12765
14040
13913
16894
41046
25208
41431
15087
28870
30694
42199
25234
31090
43937
15339
13570
12445
39727
19862
33159
24573
33468
39262
27998
44144
30213
40226
37816
17900
41076
25774
26372
21428
20620
30605
14193
28882
21128
22814
33455
19649
24127
20203
28918
17514
40011
24885
41802
34642
34410
18900
14077
40209
42788
17726
41589
24326
31919
31205
20272
14921
33551
27078
38148
19937
43393
41534
31404
14647
14106
40480
24448
11979
25260
36358
29316
40742
41449
31460
39588
36880
29643
30435
13374
29698
43571
20588
18401
38366
30416
31618
40533
27870
16194
42326
21979
27850
31871
42517
23733
42607
43382
17669
29929
19532
34035
33488
42307
28558
43715
24096
15257
35135
18456
18027
17490
41914
28463
12561
39721
14434
20015
33956
31023
38291
19797
20102
41999
24793
22606
30394
41622
35168
22244
26100
39539
16044
39133
20978
15163
16266
14624
41999
23216
38215
15386
44566
42562
36639
28000
41300
36310
37368
16534
31729
19399
36945
14735
24704
44586
15989
40885
35796
34135
22260
32940
23829
23461
33619
17970
42004
23156
15619
25418
43484
32881
14992
23705
42890
36117
15643
12304
40798
17775
21002
24523
19473
30244
23806
42041
39529
22196
32261
35198
24844
12798
43026
31765
19090
30727
31658
35002
42461
40183
14815
21383
37037
26980
25474
35421
12399
40915
22677
22149
27990
39804
35839
37271
25517
19534
40835
16795
32620
13363
31731
41071
30217
18837
14753
12905
37520
25377
27927
12348
34806
37067
44040
18464
15787
34322
24198
31277
19054
31109
12404
37896
37221
40326
14143
36802
13677
38478
40905
23037
22191
37169
30886
17233
20084
24867
27787
41198
23866
17532
33027
24706
32518
14328
44388
37725
23037
31490
24066
13523
31534
43314
14242
12257
21939
36116
44850
26644
14328
36907
18871
18855
43866
27701
39046
42219
29172
33201
17847
22764
38581
30623
17623
37202
17334
34951
31709
39813
21195
41148
30815
38677
19545
12770
34054
34136
18535
24494
13120
31829
26103
27117
44340
32992
19606
30664
25595
19463
27698
43078
28173
32685
28460
35858
43513
36469
37550
27775
31066
23266
22847
33737
43014
20924
19348
35486
21384
33717
15273
16092
26321
33356
15889
18333
32298
33778
19851
39537
18285
37739
19669
17898
12917
20088
23237
17758
34259
30643
44181
16872
43970
24506
25215
25776
19294
27023
35465
40556
33296
44607
17827
34855
20813
33730
17135
16705
38016
27427
34144
28344
37700
43489
42886
16293
33751
37524
37288
39690
37323
16595
22036
23242
15615
19542
42931
14329
42190
14168
40672
19542
37766
39999
16506
19734
24092
24191
31544
25316
27678
25276
36669
17189
31720
37423
37869
28288
30491
44362
36862
14494
27467
12703
22482
32046
31480
22270
42500
42541
23232
26589
41537
26468
44754
30973
19033
21298
23718
17483
29077
44171
42220
43781
19020
39489
39362
41757
44465
40834
17705
37858
38383
32163
37818
26077
32376
25371
22421
18937
40601
35795
30619
31720
12883
13981
40669
33729
17766
37889
32851
15086
13486
37440
33490
38981
22962
43667
26936
34677
38011
37812
19178
20388
42914
32159
28800
19798
39597
15002
26814
33681
38556
31091
27078
18495
28862
29961
21133
36819
22473
15629
24716
39983
22314
31754
28088
37573
42138
24227
19123
15869
27634
32797
35140
32215
36160
32797
19205
43986
33050
42418
26715
30220
22322
13205
33707
30122
33579
20912
23755
33914
27563
45022
30903
38359
28594
17906
29062
38606
22058
21754
33436
39295
23487
36293
42272
20421
21232
32930
20657
39193
35430
14955
13396
42931
28037
12994
31665
33011
37698
28571
29824
23808
44852
33275
43070
43439
39149
16382
15908
13478
23946
24607
14681
16577
36745
22964
26471
35508
18651
44728
37612
33010
37690
33485
20114
13006
43709
41857
27712
15072
20138
26065
29842
43179
38027
31980
12935
44412
29060
44601
42874
37013
28131
34458
31572
44683
14073
29939
15615
34797
33577
28134
34590
41766
31806
31969
23803
17829
41985
26203
21440
18491
26380
16218
23531
35524
20953
40505
16124
19209
39966
18600
42352
25317
32349
33524
14579
12711
34230
25737
14034
13496
23041
21941
34479
37758
43545
39598
43384
41599
12922
36823
38042
41418
37391
31551
19825
14995
24901
38762
22787
32797
16228
15189
21487
30685
18975
17332
18080
27868
13162
41342
35270
37469
27019
12715
20231
14784
34164
16957
41457
40870
29520
26749
30004
37974
35164
35975
36878
33631
33016
19976
28678
40575
34302
42567
29405
44996
20562
27490
23746
22257
31674
39130
36549
13859
37360
33106
33166
20916
31478
19860
22607
42848
18346
27861
40951
16550
35482
23098
36521
17521
13081
23451
22380
19448
40595
40326
26148
32483
21533
20615
38849
15023
40528
43942
17078
18771
30552
30770
41900
27428
31560
35517
33400
14326
21680
19816
41803
39812
22386
16225
22569
28946
15825
36265
18077
33360
15307
43291
13738
28034
23721
32170
30724
14046
24276
44778
18049
35125
33258
32210
40650
27094
31505
15296
31318
25520
33676
28349
29081
28086
13708
35586
40824
37000
43848
26044
22785
36687
37967
17677
36185
38888
13597
45395
25077
15942
34029
27564
24333
18193
24015
44474
16462
34195
29434
38563
15824
20693
33123
26972
24903
21509
28303
32808
15229
15899
18853
39259
36352
38077
25287
24932
15639
44639
27810
24074
40443
38830
23620
40694
30020
26671
31534
22386
14754
18979
24491
17776
28365
14767
16224
35278
44223
16185
20515
21976
42784
43285
43793
37391
18690
34913
26074
25129
14542
29997
22112
43608
22654
24032
13441
31183
38413
26070
36400
32387
41004
38734
16843
26158
21303
27780
29352
20634
29287
29722
44018
14108
33097
38076
42419
27998
20847
13316
24625
40802
39013
17563
35198
28868
41446
32674
24907
41280
29264
19792
36605
23155
27990
41180
40451
35558
21749
19357
37990
29256
13481
35696
22433
17147
36064
22618
21428
31955
21167
13678
39028
25882
38852
35057
24869
16343
28316
16317
14922
44623
24310
16355
14780
22221
32391
28308
31994
14751
33263
19778
25024
22369
23020
29186
44251
35966
45261
24373
37691
17907
23594
32359
22858
29526
38611
17015
31868
23063
38662
13560
39719
44551
21733
29400
36502
37654
38182
23615
27481
27745
35853
31674
23518
40044
44183
26777
35142
39595
30713
43158
34417
33352
24904
21687
29019
32288
39290
34165
16044
13839
22413
18973
25482
41325
28934
44919
20914
25304
22173
39334
31175
37172
18743
30031
18409
37361
23316
33789
20106
26764
37194
18372
37757
40793
14706
21029
13136
44415
18337
31282
20188
32324
20634
15858
30490
32139
29761
21255
35641
19866
19539
43662
15597
35361
13141
27719
44809
15480
30666
44278
25168
25897
20393
25609
25736
16046
40974
25722
30161
40316
27952
23799
38965
37184
34451
41793
15744
43880
17279
20178
34642
36581
25520
26306
19826
44335
26703
42731
24165
21642
31009
41036
44608
29577
43519
14507
26554
13776
13446
19838
37765
24093
31247
32268
18911
33162
25057
24784
41572
34828
26534
43038
22054
38464
28188
31241
18431
17511
43533
32643
26406
18094
14721
28358
40961
27316
15154
38131
20282
36422
31296
41721
27413
29549
33318
16825
22273
38314
44781
45416
38253
25728
36256
30772
19420
34611
41215
25642
19772
36304
24183
25687
40563
13165
30546
32045
43324
38322
16940
23593
37169
34200
22694
20147
24360
21873
15710
41030
30403
18473
40478
41936
35395
34251
34387
27740
32925
14662
38337
30958
33232
15218
36726
22446
40309
28494
21756
33865
16280
13196
41427
34197
26566
36175
39710
36468
22119
28723
34717
42490
42063
18318
17371
39634
30863
42229
18089
17885
20625
14338
18890
24605
36452
29525
27376
28626
16724
33497
22760
37090
23742
30536
24849
40062
20770
19186
28946
29699
15226
41914
24780
29470
40650
30305
39054
19764
23545
28423
26504
23041
23519
17134
40579
38271
40863
20354
17103
22281
43831
43670
28028
33728
32341
34801
43725
16430
36717
38921
28137
25897
32008
17422
27860
15354
26975
27434
30878
17855
13352
34056
42458
37390
34480
19859
22866
26843
26154
24064
36089
19356
16454
22286
24865
37290
42502
32908
19950
41963
43214
33308
35083
39854
36282
39224
29595
18646
19251
28786
42099
25403
33989
31744
25222
27469
31019
32631
41888
32251
38572
41175
25432
40915
43435
44232
26176
17258
22905
28707
15710
36606
26477
19124
40416
42330
25655
24383
24843
30202
20337
33984
16501
22640
21879
23799
41588
30470
40825
13348
35542
19621
27086
36368
33746
14837
21643
33868
37695
30150
41557
22973
36868
23727
22899
26457
27600
25588
31527
17963
17675
13229
17727
23197
21772
44069
45543
42230
36492
23169
43457
31522
32858
41122
39992
36786
20561
37964
29201
27171
25224
22919
36418
13411
32968
31813
20744
33169
38467
36166
20788
29188
21378
34361
16325
22672
20128
14628
43452
17668
29622
20229
35884
38903
22934
39354
28305
33733
20156
15646
30562
40660
45697
29557
44778
27420
28306
28938
25683
30438
42145
43798
26884
31443
25690
34276
38445
39201
32153
44595
20639
41514
17114
41436
32482
33325
20465
43956
42369
15441
43259
22196
40361
38631
17812
40023
39410
23792
23626
21060
28029
22751
33362
39725
18751
27808
29562
24311
25500
27352
38495
36379
15928
38255
37088
13388
32266
25932
32978
40538
35250
32607
44277
38742
25100
31461
16935
33015
26885
23783
28888
19260
35501
27908
32446
36691
31886
18289
41162
20922
34621
20542
45402
44964
36398
27611
38576
31646
18892
41178
28067
36210
26569
34550
19604
18763
34227
42837
45732
41499
14793
45578
30500
39738
40460
44254
19790
36176
37273
32592
45106
45684
42037
32730
19186
15765
24618
26230
45362
33049
26194
18529
31691
26821
36977
33055
40383
19165
36295
44223
34162
21644
44518
38752
24087
38277
19906
17908
34152
28395
39687
31812
35226
26991
41391
25653
17296
14008
22483
14921
24911
25095
39873
41832
29874
29723
22608
36833
23134
36434
17264
20396
36089
16658
27397
15346
14487
41319
33782
39374
41589
25069
44928
39510
14570
29425
43729
39893
24474
28115
40146
36955
19437
20398
30276
44408
34240
18235
38926
18756
24666
39411
46037
34978
32673
25716
39630
17094
15757
14886
28368
15861
33758
26654
27054
43404
28170
24387
44739
31044
18298
35247
23246
34228
14837
36696
17921
38424
16477
19951
44116
14160
45465
34824
45087
33836
30674
36732
27368
17126
18402
28427
32889
31728
27913
22342
26678
28144
31970
21165
24750
33546
34710
34068
16752
43869
38992
31307
40736
16592
39409
18429
30154
22542
29700
34521
19829
41679
29684
26352
36092
18266
22140
25438
28441
20807
34144
22829
19907
40842
23899
34166
14266
29613
36952
44745
33888
34397
30693
32207
22986
17704
27620
18734
22807
40325
29059
22701
25856
30997
22127
25497
14001
20264
35909
20071
13527
28547
22602
27546
16635
27233
43867
17384
28430
14775
13863
43416
23365
36796
36251
39726
37415
28329
29598
14666
16100
28093
38911
21454
37864
20357
26027
21055
41392
19802
45092
31598
36828
15403
21806
24663
27782
28285
42700
28233
34259
30639
45418
27719
33223
46211
45660
26543
43102
15578
21127
21529
37848
41663
31070
25218
15188
41639
19473
21418
35744
43255
44288
18874
33360
20679
20342
23850
32525
16358
45972
30946
16176
33822
40587
16799
14224
21945
25359
35993
16535
25411
36360
43363
18588
35474
19338
33554
32876
41732
38919
23713
13866
15624
37315
44180
21082
31456
32393
23516
43832
26277
22941
27643
41550
27019
32241
18536
16453
18534
16539
18229
17148
18797
36743
40175
20951
26430
26729
18374
19546
46371
15350
13805
26358
22676
37204
43844
35362
15357
32207
43573
42926
24257
17613
25563
31316
26238
46084
29546
25489
21907
36842
26827
23475
35551
42093
26246
43058
28364
19941
22245
19523
29068
36423
31831
26539
16035
33435
24850
30673
18854
19632
27132
44824
38978
17678
37068
22123
28031
35116
35180
27930
14918
14819
22178
31460
30498
32291
37360
18517
19267
40421
27321
29010
42184
18784
41124
34290
42558
24704
32070
44431
36195
20116
37115
32797
30512
20039
14100
35259
42263
43473
42296
44168
42890
19310
35332
21688
37308
45583
32501
45799
39595
40528
20872
28844
20318
35755
26527
37746
14955
18923
17191
33155
42173
19171
26872
23910
21396
30815
44796
43883
26573
42587
46484
30084
16996
30067
36919
24918
37431
14747
24925
27792
28429
14608
28059
17276
42454
22415
27151
26068
39477
33220
35326
36310
24891
27909
36796
36250
31094
32576
25804
38564
17450
29490
32073
40886
41950
36058
35460
23783
25626
29230
16623
32249
20080
31756
46394
42728
37049
37747
38075
22207
22689
28403
15635
45231
18534
17506
30479
23394
43228
17105
22732
27277
31925
26814
37663
34501
22783
35468
44595
18323
42734
40240
31092
29642
45788
39212
45740
39960
44174
35265
43116
17372
31929
40032
23470
35895
37828
17507
25784
38246
38352
18170
40772
35407
34806
17256
25053
35417
25295
35695
17548
25985
44602
24584
15028
24235
35417
26200
33851
26677
18909
26848
14826
36562
33156
14580
30999
34454
45279
17518
29313
36429
26713
45987
24699
40209
36981
41878
43085
36380
13911
20588
43735
16090
33158
17440
34935
21314
14064
23928
23597
37991
27951
17208
45565
40266
22026
38805
15509
18931
16703
32748
36400
40128
15488
21684
22714
36348
29883
36274
31029
31155
15518
15979
21083
40901
23643
14047
14981
27194
36520
40052
32971
28117
20234
36657
19821
22764
23892
44844
24946
17527
39530
38470
31118
39782
41547
39445
22601
35896
18255
27170
15198
14537
21165
24149
16481
39019
44607
35245
31909
16441
23434
25908
19549
34216
23545
42803
40193
44895
28265
39586
14068
43081
17898
35554
19043
26856
40388
38831
17264
35564
20153
34128
43408
15108
18826
23824
36401
31988
39613
29170
20129
30184
23452
40353
44331
45319
46209
18854
34179
37452
21585
39133
41060
27537
33095
17706
27255
26605
42739
34152
37495
16704
34178
36770
21139
29708
26175
35718
26899
25991
31066
35094
33855
45038
16616
20385
42364
35099
44332
39154
16313
30554
19989
36039
38153
18553
15879
36997
38801
32542
43487
16169
20901
43613
39473
40322
39214
23434
25043
24222
37455
44620
21920
19586
17736
38643
45430
43293
19354
27404
20097
39807
22636
22578
36540
32071
41005
15655
41396
40026
25467
39203
34448
17627
41283
34155
28494
42839
46122
27942
26959
28479
24364
30572
28438
40348
36227
22433
18253
31742
18891
30721
21768
15285
45155
45691
15694
38212
24854
35779
34262
31763
46075
42147
37134
14948
46489
21906
39777
35208
44623
43143
40378
31315
14580
42255
14660
16845
44218
41630
36981
15914
24152
38178
45386
18429
31848
34782
29908
41896
35597
14966
30707
42775
17114
37958
37218
26542
22255
25080
26867
33919
26213
37206
37916
24769
40173
24412
23475
25213
18099
44178
36598
35211
23433
27545
34766
29373
17729
24067
17493
39770
25946
37736
14741
30926
40416
24245
17299
14495
24973
46536
22156
15523
36660
44858
21886
42865
40032
37500
45546
36117
21304
44582
14552
39944
42917
26763
45341
21087
26551
16017
44761
37698
19269
42176
16451
45216
42708
32408
22441
15649
17850
41000
38578
14940
44932
36316
24295
30539
23700
28311
19313
45819
40463
25601
30756
22408
15606
15651
14781
24905
38034
46897
43880
17992
44054
16550
46470
29173
37760
29334
29100
43291
34752
46144
36847
27154
41500
15588
41311
40247
38611
26580
27601
43417
18176
36556
43746
16885
43458
24198
25144
32229
20634
22922
42251
37716
35604
32068
30436
17461
28074
15704
43429
21620
16357
18746
23754
39981
38341
20473
33262
35357
39011
46683
35473
43606
16853
29487
41752
34102
36946
34271
40725
27289
29846
15173
31433
32078
32648
46271
38376
37576
37659
25990
35739
15126
39538
31291
19403
34070
36167
24259
22941
21221
17037
22101
21305
21145
22100
22993
42704
28467
42734
45140
39133
19919
44368
30217
32683
43806
46266
34114
22551
44310
46491
30151
38807
31976
22447
42605
24443
15667
24426
34027
30067
45175
35481
34794
42322
41932
41031
36699
28689
29140
47069
40717
44055
45550
31630
42879
31415
26540
27122
20723
46843
18056
23281
31939
16800
24018
19427
28920
20065
16621
46837
25113
38521
32699
31183
20289
37987
33622
36724
25716
44260
41729
41321
22323
26955
34142
46105
29006
42744
41441
29304
15866
24603
30340
23783
36131
29118
17852
24408
16644
33542
28844
37554
39412
29109
16793
44407
29827
26612
15007
26532
44485
32592
15522
21976
41454
38146
39559
32697
31007
45939
27811
46483
46720
46335
14451
26947
15759
33785
16526
36436
16824
39920
37081
17767
21541
45105
39674
22232
33751
39821
30479
16542
17398
32093
40095
23411
35941
42947
42960
23350
26778
17202
32475
44685
26797
19248
27582
33230
43182
18522
32305
26912
25148
27561
18906
30173
15443
28405
21700
15163
19814
24247
18958
34348
33710
45331
17632
19586
26561
19990
18339
38743
28006
27964
45938
27820
18088
27701
21451
31824
27945
33512
21131
37892
21945
30905
43033
40668
33319
16135
23521
46056
25943
38137
43268
30740
19861
39035
23373
22349
18729
26755
30824
22757
14636
15513
35150
37689
34458
38294
38916
33425
44456
27564
46469
18247
37719
32166
39933
36652
22857
42353
16695
44583
41939
21980
27993
43551
34389
42396
43471
15899
35270
35731
40069
39080
33171
45138
41817
22908
41642
30940
17360
37464
37073
44716
17159
20275
22077
26874
31213
27028
31072
39739
14768
43840
42242
27879
21621
33813
38547
15998
40524
22326
18112
32717
31331
41832
32836
15214
18554
35516
22785
31630
18070
32111
16719
27634
15098
35854
40340
23868
31315
42205
40469
36203
40499
16506
18699
22946
32704
16830
27386
15658
19118
36068
24894
16825
15466
39405
29414
17653
25496
34370
43974
46900
29632
27036
28104
46982
33092
29217
44163
45301
14742
35792
34575
23819
27559
38686
46103
20373
29859
29409
29743
28583
25819
23918
32360
33248
28931
28926
39714
42991
33693
16215
24866
31062
33461
20648
18661
39278
40399
35252
35379
28332
47134
15666
30711
24354
17142
27764
20045
46665
40068
31560
42717
38909
18109
23324
34664
42185
35476
29029
16032
45925
23408
15681
33597
17277
36573
32858
35149
36276
15489
28430
33227
21737
23123
43982
47220
23737
26887
37316
17366
43333
17612
37561
31658
27701
28218
44085
43363
17149
24454
47080
42759
43614
16889
39752
24638
19248
38816
39548
27049
33888
44356
21113
41588
22069
26780
40555
37935
37591
18114
27734
34009
30737
40676
17661
28478
38486
32060
35587
21892
43266
43586
46416
41472
17379
45600
34998
35406
31224
32870
38100
43168
24952
25599
30779
16214
39190
36708
45008
23247
45700
26895
30066
17791
42550
16435
29148
33346
46184
47530
17868
16624
22370
35118
44645
33074
43771
19149
18641
22420
27996
37015
47404
35035
32006
30874
47261
28568
30743
24336
20166
24573
24776
32982
14943
32240
27451
41504
19741
47454
22644
36204
16089
25810
33445
32436
15342
39494
32430
20200
45795
25145
30436
29595
42314
20737
41745
42749
32743
36451
33213
19465
15893
31585
46764
25343
23654
27219
45736
41493
24202
40249
34945
34409
27762
32336
37713
28987
19124
18147
20996
42329
45618
34916
39960
47322
19191
19387
37794
20239
20065
15070
30866
44727
38021
34978
16695
34930
37071
35537
39942
33145
33257
14972
16023
22155
22750
36498
42480
43819
39808
25778
44038
22792
17927
27710
38529
21437
28666
18353
33472
29882
47187
22578
21277
17282
15582
26473
33138
36376
41186
41873
31452
26035
26371
41422
26814
21433
41575
23233
35593
23275
17176
21850
34747
39133
33193
29678
21414
39850
44573
38794
39027
16357
26116
36230
15334
43731
30183
31581
27748
46295
27110
15548
22194
22573
37280
26584
26879
30683
31571
27653
18213
37605
43588
32389
21548
47041
35938
18845
29967
19466
29478
37358
28867
31865
37821
17923
37238
26896
21097
44071
27413
24984
23845
41593
27408
17998
22920
42306
38241
24794
43499
36741
37579
18816
36302
18904
29791
44186
41336
23411
20549
33862
32990
37255
39865
39516
37318
45265
26196
26275
47404
25966
23181
40260
32741
25841
42879
33150
27266
30387
47085
20636
34935
22122
23171
22820
32381
42237
16222
37458
36916
23447
28367
18372
27917
29947
40284
44407
17511
16663
33032
28658
25848
38619
35797
38081
27503
22603
44934
16165
17495
31955
36521
44298
34111
38363
16085
32825
24856
33180
32817
42959
15326
16434
36405
32238
41339
40690
28085
28082
41960
44541
23579
46439
25749
46101
17396
39161
19723
38064
23214
39083
15056
23627
19359
32780
41610
26369
37962
24872
28264
21852
30174
20475
39870
17259
40960
29227
23535
30229
30922
46838
15504
29356
42516
19304
39626
46278
15346
40658
26112
30280
46205
35705
30130
15811
38103
30603
30370
42756
25449
33367
45877
39398
21359
37308
15131
25451
18871
21474
44594
25867
40613
35113
44712
20044
16763
43615
15969
38035
41175
16182
35736
40250
31870
30965
28872
19938
33879
25965
43981
30475
26811
20015
36934
19682
16364
38908
47423
25177
25826
46717
32269
23165
45902
34868
44664
17413
17625
44723
23072
21286
37804
46860
42777
28079
42550
42632
31705
15697
43049
16284
32852
15422
38086
37656
47717
28663
22107
45474
18800
18014
32522
37219
34118
18707
32459
31744
33864
39677
31412
39116
19664
29735
43385
26428
46540
36814
22831
15771
47788
16568
33365
40958
18047
40903
35860
33659
47704
35021
42438
20886
45815
22946
22966
16380
20901
42868
15654
20596
35936
24159
24983
36114
18744
32573
27460
21677
18681
28608
28912
19348
42250
37054
35041
17533
25749
36555
42797
46526
27880
41229
45364
36544
20764
43596
27246
33200
17652
28745
40551
38263
46855
23889
44039
37869
22050
32785
22039
43081
34280
15788
32001
16861
34491
27147
42455
36608
21728
47733
29335
42059
33501
18015
28590
41992
37670
35461
23226
31207
38137
41529
18068
32499
34951
43771
16526
39365
20052
34379
23289
44791
42464
28091
16619
30172
32647
36168
46911
34158
42406
38890
44764
44424
33023
35434
19515
28758
31839
36980
34851
45065
19326
16365
19895
25807
39206
40582
47539
28418
24727
42386
24307
22943
30251
47125
46133
41211
33590
16157
36639
20913
31024
24661
20612
37855
16406
33495
42467
30354
41997
38466
33840
36734
17993
20492
16343
17139
38189
21274
26111
18444
36787
30094
47883
15658
22543
39137
33383
24736
22927
18481
29569
16816
34246
37084
32789
32183
27881
18765
20398
23972
46457
47638
37994
26542
46882
23871
40189
47431
15588
42974
18424
15691
45680
37352
15436
37502
16597
20551
35593
46645
40539
29997
40556
18259
38319
27303
39449
30071
34881
31605
37029
28788
28651
24089
45655
27650
41939
30254
22832
35763
25746
16379
38440
19240
29590
39496
41915
46724
47556
25200
24996
34593
16738
38584
15849
30850
34613
29407
44823
27017
26342
47863
41935
40426
42667
43123
35713
46048
26147
44416
23672
41503
29825
33433
47895
21001
20972
45653
42594
43556
24614
38788
19904
40140
34412
33147
29694
36645
19614
29356
33688
44116
45472
44410
47156
30959
16640
33611
33136
47793
43993
39390
33501
34931
26871
39647
21835
38487
41019
33208
27976
37447
25921
31659
19171
42142
34113
36381
22198
26916
27699
30517
36899
29760
25911
31910
28893
47209
47667
40137
43434
24542
30398
21999
40040
28311
21053
30709
46926
16507
34123
46105
38261
47059
36447
24331
34967
45055
43432
39240
28694
34919
32828
20899
33088
23477
21106
22052
25809
46914
41356
26390
19897
26317
40090
32860
27936
43123
21659
19716
26536
23771
31716
31007
45042
34738
46278
21967
27235
46167
45931
33697
15912
37591
46849
38685
46967
24859
40474
27548
40728
29792
39507
39002
27429
30440
18228
48076
44302
44527
43096
37172
41183
23521
21198
33906
16838
37578
17854
47133
34768
35598
46672
45522
45811
21082
21193
41164
18257
26330
16632
29365
40635
37549
23504
43708
45940
39830
29782
44776
34872
39668
39358
32684
20861
37364
44240
36283
17401
36357
17041
41501
44132
29068
39456
35971
46207
46297
43486
35800
31061
45914
34769
42264
22209
22799
45387
23653
35888
17470
30150
33880
40616
44904
35091
38805
39946
46971
32948
20642
41876
21065
16518
29689
22441
35129
39587
32859
40149
19517
42630
47464
18956
28932
37744
16493
44594
45680
31243
44925
36577
17482
29005
27331
33894
20277
27296
39958
22284
26848
39232
36046
16798
23680
26852
20950
15655
22398
18336
32259
47612
20076
18186
20132
27132
44606
22684
34395
32791
44471
43353
27179
35085
21281
24755
38097
16760
33345
18093
37976
36109
42634
38205
34280
29471
19857
30964
41951
17508
17857
34016
31266
19964
38224
40370
46262
15791
23921
40988
48266
39799
32204
18045
38551
31806
35883
37312
47403
20968
29814
47489
19330
31892
21729
26482
33687
33055
27236
16894
38457
35050
41324
35372
28001
36574
40656
20677
39107
23981
21766
34489
44195
17242
31127
27839
33514
40443
28368
42556
37497
42430
30138
29542
20669
38954
48205
22185
20868
43175
39905
43338
39183
23105
39909
25418
21608
42665
36051
39565
27638
38524
20323
32059
42062
44744
39936
19303
16716
22477
24184
37870
24419
41216
31223
47266
30513
34390
35126
32168
16214
39614
28400
43039
24711
48111
19094
28674
45022
45925
42307
18768
25460
26790
27378
18538
30002
35018
33775
42428
42980
18234
41611
42143
25231
39864
39188
24958
22021
41376
19460
19256
41142
31853
38009
19398
25801
25982
42725
25630
33900
18203
20999
16215
30824
34995
43546
33037
29944
28775
29772
21255
20699
48589
26225
30231
25256
25069
36601
23106
18530
30864
31007
33313
19788
26299
24932
46471
25086
17014
36412
18277
23225
26577
41223
29418
26616
24361
29506
37870
32071
30888
21503
16016
39512
16651
47506
31262
43604
45992
48014
41782
28015
19887
26864
47403
41151
26288
20121
39594
22606
29277
16898
30110
16238
36754
17451
28240
45900
34962
37076
16851
27592
43156
44528
26527
42628
35454
36695
30332
34875
17648
41659
20642
43093
38788
22493
23326
31416
32084
30976
17527
35808
18621
26526
40594
17202
44131
37211
20435
40845
21877
45367
40837
41507
31539
45319
24956
23431
34733
16166
34040
20230
48589
27752
35533
41019
32919
26191
42689
16094
40880
41346
36918
34013
19741
34938
17929
31406
41038
33407
18873
46563
19035
26323
38348
34303
24461
45101
21358
25480
23072
33896
37724
21853
47687
25725
36352
16458
26481
39087
44765
21722
46795
44293
28462
36716
47878
37373
17354
32393
16730
46463
41547
17269
40907
43024
24943
33028
47275
41544
30911
44207
22368
32390
25454
30183
19047
31458
43651
47018
24217
22371
23099
43091
40877
42099
26280
48054
33279
21903
17311
27500
22927
27715
46033
22892
16973
20310
37688
32987
23956
41538
41141
26918
35060
45286
35575
36685
29236
17279
17566
31106
44183
28373
25504
43250
43871
46258
36844
24035
17808
34968
17742
25087
42742
36019
27795
19695
21097
39693
36845
30508
39248
28417
44697
36626
44132
33522
29630
33847
43447
30269
21657
48378
19444
36715
22999
19039
40680
44716
38978
36378
23873
17537
40096
34537
23446
41144
20184
46887
42152
44445
36951
22943
43752
27503
39346
22686
45881
16401
23437
47948
23798
28418
26299
32059
27447
19855
40871
33857
45904
34631
16626
43139
21659
34480
29021
33491
40312
22072
28906
30012
16785
36206
41278
41434
17763
40562
27978
17391
17146
38826
21546
40756
27643
44471
39757
31085
27880
41384
27607
21056
38304
22381
24387
19783
27429
45198
16205
33380
34466
32541
32015
43093
26029
42217
41834
19848
36809
45812
18599
37680
46383
40231
17246
40600
43726
22085
42647
46263
26512
26654
18736
46086
26335
23557
23679
24718
37992
34691
22071
46661
42270
37197
45456
46490
33154
17012
19362
24143
42274
30684
24338
19591
38752
18415
25329
44064
24949
45202
20705
30274
42422
24920
38522
44344
48149
30198
46572
35455
30698
46328
23013
21277
31476
42674
24757
17972
47514
39032
41648
22999
38007
24594
30675
47644
43798
29546
16555
48755
19450
43144
30323
18742
42466
45504
34429
17793
40523
43562
31955
46915
28981
18003
16925
37269
32298
32050
28869
18251
26237
48478
34138
18889
24784
33406
28210
27161
26072
24320
48724
20538
39525
19982
34708
31930
39580
25021
40960
34951
35463
41352
22139
38658
36817
44286
23208
44629
39114
30391
23562
27142
38065
43916
42089
48077
33075
39431
45431
44707
28975
44569
37299
24604
28860
21771
34958
41974
27245
23991
48588
34290
29140
43256
31790
40418
38724
48735
17230
27140
43227
39208
45258
41870
33984
16748
33956
16778
24746
34200
17641
40420
43682
26653
17553
28866
26377
38249
37287
38419
45020
30231
36522
20843
47415
45410
47922
33806
32536
46048
28630
35147
32870
36461
37198
44299
43826
16740
32469
28841
24124
18454
49105
37380
41913
30836
46262
35027
35155
35599
20264
28217
47474
24387
38240
33434
47546
20398
29904
17836
29397
43751
43018
21713
25970
42093
46046
33700
45197
20958
49090
25297
19697
34922
19832
43307
41468
44678
37866
45816
22435
21989
33113
35727
35253
45476
43190
46374
16484
48325
40528
41701
20993
42206
34736
39231
37383
19730
25281
26753
29019
32065
18485
46507
29650
37244
44323
17792
40692
48572
26613
32217
17920
47571
31873
37182
22320
27042
29558
34999
36413
21901
16634
40928
45094
34604
32401
42812
46126
40515
31809
24779
32291
45557
27892
35551
36326
21044
45597
36139
18472
48508
35486
31773
48242
40641
43242
26222
35944
26534
29798
41207
22606
39663
31254
33990
21707
39737
20597
21361
28141
20968
29348
46506
39790
16994
22215
34836
18998
23931
17325
27221
32544
43311
43439
17517
38657
37015
33498
46662
18407
28694
32336
42379
18334
45524
31467
23998
47993
36461
38180
30341
21838
17898
19507
29765
16835
25840
33400
22258
19400
27191
23834
35622
22885
24638
18158
29040
42422
48957
39578
28654
23604
43868
47098
16926
31029
25378
35010
31473
37815
29232
47205
27937
29785
31791
41782
28101
40362
46087
16589
42275
43430
21329
36269
25029
41086
42512
47140
41423
44184
32411
38002
18063
20439
42462
39981
42582
32284
39874
31971
28806
16653
48106
31234
38893
18709
39584
42485
46929
36779
44559
46736
42060
28376
38834
30894
42075
20979
41484
42776
30769
25520
18074
43177
45393
23897
20486
31152
34267
23386
27805
17558
38566
23299
17667
28097
23440
17802
27429
38583
43538
44111
46448
23687
35352
39524
23105
21861
19727
40781
24476
37268
39743
30468
45856
41865
27483
29505
32314
29517
38998
35319
35482
24867
35193
44322
19171
31595
41139
20416
23463
19398
25392
48157
37010
32635
36908
40788
25061
28441
39434
28179
20006
18782
46496
34462
33814
25944
29654
46103
26852
32714
39279
30460
20128
26577
43302
46833
28402
24263
21501
16832
32268
44904
17362
48030
27101
49203
29747
25776
39304
42259
36211
22477
49428
29759
30205
42630
40293
25183
36329
30307
44139
27120
18637
33648
46489
33257
39382
44024
46745
42911
26135
27025
34878
49126
28960
23384
20410
37753
30675
17790
36881
27292
28019
43524
28621
35839
36606
24258
34548
41702
49341
17582
18743
20615
27161
33883
24684
27827
17328
29632
35646
47545
19368
35131
21539
36744
21571
32726
46223
16915
24756
37064
30824
18170
17458
26175
30137
24166
46922
43868
27818
17204
22393
23935
41904
42583
17658
17094
37889
31095
21213
43472
47691
19678
32089
22215
24485
17557
39523
16797
28358
26826
30847
35221
43380
21877
24535
16902
21056
36156
43402
31836
40561
29587
24902
45919
33854
45607
42265
31672
47424
36221
46980
40368
29990
27862
30674
31804
19627
39255
46247
27959
47301
30822
36060
26350
40479
17751
21130
42721
26826
36424
42085
46536
36912
30793
45388
27861
38729
36545
23070
24633
23825
41485
42446
21225
20793
31081
48058
38818
24860
23572
22584
33578
45302
46511
28530
21466
30032
23014
29301
45657
32959
43859
27268
44970
22990
43423
24242
25705
27961
43755
47024
38225
45148
17518
38371
33026
18410
42591
19897
47873
34530
28437
32318
47105
22975
47469
30186
28513
29168
27244
22973
46581
17799
33317
17039
46601
46901
29661
17569
43171
31350
18798
38263
46089
34825
38377
17386
37763
46755
31615
46713
27746
19428
18594
25568
29761
39306
28775
31212
19595
31461
25135
26253
46910
18059
33926
30509
35054
34892
22347
33344
31756
38760
33042
20252
18792
23808
19398
45067
43509
24267
21651
33439
42444
25098
29442
35398
21620
47806
39782
22814
29281
39704
49272
47883
28602
30513
30782
22278
23648
20731
26673
31416
21803
32888
48286
17479
22135
19497
44877
40560
38879
26058
24929
17110
21832
40764
35967
46745
43298
27587
20274
29995
23530
33137
39054
48479
19699
44770
30484
46275
22631
47402
20182
21808
24200
22028
47836
22687
20540
38509
40389
38718
25801
21767
42417
35780
23773
32098
18271
29185
30417
48896
29843
46009
30766
32984
37307
38834
28785
43271
28369
26380
39179
36033
18307
31953
30380
40077
36498
29645
40897
41138
34936
26272
19516
39404
31053
30225
37523
39524
27115
35237
30219
43743
18513
32369
43574
36918
26437
47148
44986
34054
41278
18568
44629
48040
41600
41154
45086
48228
40585
33144
41486
29665
29868
40124
48574
34272
34812
40550
49266
47146
20075
36526
37719
35271
23347
17146
18697
19057
26741
20724
37976
17993
42016
47072
40012
22984
17429
46125
20839
33271
42377
29001
43049
48355
31658
36282
23770
20043
20869
42347
42115
48285
25383
22083
28478
39457
37378
29436
40879
28275
30867
22579
23507
21558
24898
38843
23288
40711
42122
28215
21773
40368
45657
46824
30492
19614
19130
20931
33045
35990
43441
44999
28877
45475
43622
31117
24134
32339
42374
33825
27953
24354
36583
34832
30641
31287
38507
20162
22114
26446
20518
18954
27034
41974
42947
18940
18415
38908
41763
17663
46585
48679
47176
26147
19289
17701
47730
21940
26873
48326
41607
28687
25750
41832
46776
24244
36220
26547
21858
18333
28305
45702
26418
34510
29077
36144
48269
42542
18344
47076
23087
34709
47885
17511
30994
29990
20013
18700
48529
35807
19423
49122
27085
46190
44262
26156
36688
40518
30395
45073
33776
28915
30606
42133
40438
42922
33671
46536
31616
19237
38737
26941
22820
32174
33753
25790
48086
36217
34643
45886
29196
33078
30591
22031
45088
21223
24874
30294
19445
19695
49399
19131
23517
48492
47455
34149
48314
29639
27127
24101
17252
48266
19441
36081
40267
20337
47078
18581
42078
25539
30931
40357
43563
24290
36961
45494
32327
20769
36969
18125
46064
46295
44471
37656
27377
41906
28686
49372
40902
30285
41837
43695
18177
33284
28305
42983
47084
26887
45755
32082
43632
45229
39091
17960
19509
37387
28429
26941
45323
47302
48555
28283
41609
25637
45699
18576
37619
40554
19362
26340
46945
32355
25201
41934
36126
42812
31800
25351
20047
31383
33760
29791
39381
45278
20733
36526
21108
19416
40972
30478
31028
38779
24568
43079
34567
44290
30948
36491
35245
44095
28708
43876
34773
40753
36236
46570
28805
48089
26094
35641
39355
30794
28382
33570
37461
42240
32696
32033
19246
33138
25573
47503
23434
32490
25177
21273
25780
42389
24160
27761
22757
20438
30107
26179
43368
45024
48965
45419
40956
21380
37051
37221
26490
39495
27452
25349
34743
20920
30445
47976
22700
27649
44832
29482
45268
33979
41941
29145
21206
43015
29825
19882
24164
36826
26639
37739
18531
19352
17957
19129
40524
34277
21928
35443
39122
23736
42114
45423
49605
32688
31907
38763
45366
34988
43589
19014
42460
49814
30581
43888
31926
21119
32975
33183
19442
30449
18313
21187
42254
20864
42163
39485
49725
28323
33212
44875
41740
32706
31289
28615
23621
31632
19170
33554
40723
39067
45533
18763
47976
22050
42048
19140
41372
34598
31953
48054
42839
37827
34832
26675
37808
25793
37239
40029
46742
44391
22016
23766
36719
34703
32744
33655
18176
38400
36786
37957
32909
41207
22128
24224
17985
24839
25918
48830
38096
27683
38415
37720
19034
30970
37292
48035
31891
27779
30457
45442
31265
26072
34682
37882
31557
48199
32023
46566
17854
41894
27932
34028
18410
27368
23684
23727
28463
35054
26999
39494
48537
27551
44561
33774
25284
48443
49253
22779
23549
37868
29634
40469
24484
49055
48949
31136
38868
43537
27982
46204
28743
32045
31015
45807
31603
33685
48291
31199
45817
30591
21492
37957
38720
46018
23136
27870
29277
31536
25668
28708
49719
18983
23129
35452
36328
26211
39478
22193
43622
41238
32790
37025
45666
32571
48604
41014
46448
48167
41812
20632
25193
23137
48060
34721
45325
46771
25731
37266
20205
20865
49488
21764
21385
49754
45382
33569
32693
35277
43399
38931
35905
46462
39158
49085
19416
35449
47426
29353
42025
43461
28960
24386
41541
25405
43991
29508
44616
43675
18946
39280
41532
25302
36753
32644
18490
29614
45842
30826
33746
23940
29231
20144
43694
49008
20343
39736
20593
33678
23905
29745
35301
42392
47757
34885
27478
18362
41806
31252
17977
35233
48230
36834
27154
21974
31504
35724
27796
39242
20036
48833
48393
39218
27958
44910
34548
23316
28448
24698
42997
21282
36929
37556
48366
19656
18469
37386
35428
49537
38184
25339
50216
37358
41270
25679
30774
21801
41940
47365
41181
45655
42340
36493
41504
30844
34724
37687
46685
26772
30585
45292
36396
26079
44011
24604
42890
32892
38512
42743
41015
36409
26733
39136
34652
17834
37370
27166
29297
36728
40422
27605
22878
33276
36602
33845
32224
47884
41602
30450
25135
35861
39946
37364
37598
44138
32358
37455
18434
26076
22005
21877
41366
28555
30758
43691
33566
27388
23610
22713
21131
46955
29004
44006
40543
36706
38287
40995
28433
42122
37592
31623
18355
44482
50268
27899
39378
39790
18874
33591
45214
26129
27452
36845
22346
43807
37721
19267
48822
35852
33151
19335
26188
33705
39440
42270
35880
42416
30635
18110
26747
31901
41388
26078
47153
31168
35830
36714
23249
43921
50160
45242
34725
44611
28365
44229
24092
35484
32017
20882
21868
30467
46928
49648
20347
44763
34873
42855
21248
21519
42964
49262
45285
36590
35848
40670
39153
24634
49760
43687
24995
22907
38671
48322
34657
44953
44337
26215
42706
23466
27731
47231
30344
48649
26422
40796
33762
30632
40912
42664
46896
28071
19604
47515
25369
43813
33523
45937
25402
38230
27427
21532
36368
42453
24863
27958
32280
40764
42735
23353
30260
28659
35881
40690
25937
46917
44728
43827
19783
41145
47324
47817
37120
35231
49266
49837
28125
42217
43894
21631
42069
37180
48582
34095
37856
38215
46120
44030
19987
30292
37007
36261
25868
40220
31642
18387
30992
31968
24414
37085
18803
28853
40805
40881
19640
33568
37366
20493
37882
21474
40599
22254
32139
36885
42449
39754
31450
45176
38451
34561
28058
29192
21146
25618
24608
48336
19887
39434
40205
27905
32432
24515
27182
45637
37748
46410
27296
31057
33705
47649
27704
37817
26977
45991
42017
37385
49869
22484
40647
33809
33095
45097
26356
37760
35222
43239
43065
44213
35182
41088
20624
43473
17975
35659
30015
46097
18703
32635
32512
20315
35858
48466
24926
50198
36057
34706
24930
23359
26688
24629
44911
41145
25453
32093
22635
40933
34318
35470
21023
20083
43489
35355
42721
39288
41850
27358
33904
18624
26689
42540
45599
44133
21946
31240
45622
18592
32265
37783
37525
29664
40373
48597
45210
39705
40620
26757
29765
41055
19591
39790
18074
34739
40464
43460
18247
26141
47105
47589
34183
18171
36111
30022
49222
31640
48935
29868
29062
35072
42488
48287
43265
43027
40625
24091
31248
35801
35084
36746
32971
25109
38283
20975
49778
49693
18689
30308
27916
32232
22869
38854
47693
35177
18307
23727
31165
27675
23267
38308
34327
28894
25006
35728
43503
34817
23230
37489
47000
36768
27797
46162
22597
30256
19873
34937
22126
27480
33215
35553
26486
37634
37117
34795
47242
28339
39844
28752
49868
28951
28534
43354
43697
28641
33332
44372
44711
26578
30051
36927
26876
18198
34640
48326
26875
45527
38226
32116
26456
29965
37711
42533
39374
39827
40065
29114
27142
22912
33146
26641
37819
49588
30566
24629
28188
31153
19601
29393
25713
24493
50729
28907
25090
22245
35652
45774
46388
44595
49444
21320
44534
21731
48314
43798
31579
20931
28010
41117
35976
45177
25870
40923
30929
22809
41277
20124
45855
34295
31181
20721
35989
19386
22678
45534
19059
26546
40569
50259
21306
18540
22946
36957
46865
33923
45321
41118
38759
46008
43327
50171
45530
24133
42599
38804
37463
30319
20354
27897
45187
36955
46833
24731
31834
19490
27700
46208
40470
42535
23288
49979
27987
41385
39761
40732
25456
33172
38724
45476
36152
33693
43400
28475
49090
20877
39309
29477
38037
40157
39102
38835
28944
39044
42244
24246
40202
50445
29835
48697
44213
49900
20168
42352
49608
40722
30395
19947
26589
19903
35441
44303
36887
18328
31694
39367
28681
31993
34441
31351
18387
37772
18296
36658
21390
41499
22798
44076
27627
24226
39202
30834
39446
29353
31729
34008
41697
27088
36967
20275
19742
28332
39322
34249
26444
18897
24984
40710
20599
22320
43362
39281
34905
26020
23096
30686
35525
46279
23575
19940
31302
34058
46465
28817
24067
28165
22652
40797
30437
28427
49373
47453
28668
28162
18374
21177
28191
39025
20590
48736
49875
23259
45600
24570
50799
25164
33671
23071
40317
23601
43816
27846
28002
26732
22832
38912
50242
29096
20080
22246
47134
24554
38054
34511
33087
22889
35838
20167
37848
34208
29144
39741
31975
34465
50380
33276
34396
40108
43499
41565
26237
43008
46920
21946
32393
31985
18360
50213
27803
48699
48085
45402
29906
45462
19529
38387
34223
49803
20809
22747
23486
42885
41823
48389
34937
23851
31085
22366
24681
27629
26607
41216
38030
43997
25984
31144
31489
31425
30880
44650
19160
39014
29364
22691
20298
40247
23630
43312
22036
48909
30383
29661
23834
22601
30346
36640
50002
25889
23563
23560
32990
27447
35864
35440
43640
32624
36567
28024
50195
24067
38768
29750
42687
18640
47380
39592
32206
40948
27966
26349
40757
26778
20280
50869
49973
46611
45282
24823
24378
43306
27823
45026
43011
31153
39152
30485
32515
48736
32853
27154
20231
26336
33712
38640
39962
39970
18685
26961
19109
31477
23456
22932
25051
23768
41453
40012
19796
41740
19437
26096
25080
47086
40799
38612
43551
47748
50430
25431
48375
34902
31490
19550
42277
39295
20713
31746
39599
25347
20599
23174
37913
45923
47100
28556
29390
48495
43477
25480
20162
50524
30005
46452
42326
42006
23590
30918
28540
38103
31434
44959
25371
33017
46055
38213
25525
48649
50850
27859
26183
29212
29067
43055
19568
37478
50906
31549
31446
45064
38392
44882
44742
34602
36418
19180
22298
33866
32521
24992
29792
46035
22749
41043
50232
20466
21515
27053
48126
24741
24676
38603
38569
41493
49728
45108
31219
42277
32963
45839
30395
24139
35167
46739
26791
38559
44186
34238
30989
29489
22546
33098
18708
34464
45502
24029
34582
41192
30838
37504
29513
20860
19894
35666
38815
20373
19615
29821
46826
48329
37438
45418
46916
30175
39697
21553
35758
26082
39367
43348
24823
36724
43848
43948
37344
49253
35829
29859
42621
41860
45617
31908
25310
42165
29216
49104
43247
23364
36526
39667
45469
28281
23508
29878
24890
43117
22039
34582
47907
43803
21329
23828
47264
31674
45235
22702
34571
22603
41483
21775
28981
35694
34371
47363
30725
45689
25898
36269
24162
43467
31352
28028
44115
37726
29196
24411
28005
43932
47479
29224
44622
24692
35518
44136
32207
24236
37980
42041
29919
35193
25223
21383
35333
36941
28084
31875
46086
38640
29277
45649
40896
41938
30210
23041
32086
51360
40302
47041
43149
47381
47163
23633
45174
50195
42392
34487
33358
25330
30282
20019
48034
21272
28657
43125
26550
28105
21901
40974
44072
45633
39232
20261
43217
46592
23382
29291
36588
28518
23170
43089
45946
36479
47466
45176
41189
22560
48486
49000
27619
46899
27269
47750
20381
30799
41170
28736
21777
25484
40661
41099
35252
43157
36188
27023
35164
20734
30843
27808
24414
44248
22993
49009
33523
28035
38925
32132
29409
25284
40881
36325
46167
36375
30998
28952
47384
32839
32688
43856
28891
46395
40596
40674
35314
25107
46647
27384
42283
26996
36729
41610
33012
27167
32738
28554
24514
39881
41771
30303
44467
28199
19968
36245
43378
40520
40452
40403
37979
46631
19222
48653
44511
43649
40403
24570
32298
35556
44891
41161
46084
30729
22104
37392
39413
21603
25917
36613
26285
25336
40396
29168
27810
51312
32219
48608
27899
41579
51543
37021
37293
43288
30089
28895
21220
36612
22936
19645
19364
37679
51280
48232
49584
31077
30497
23833
25771
23755
22123
22600
34941
37049
48889
27423
24312
33735
39115
33326
29884
22827
24344
48480
30039
44098
42387
28718
31409
45676
33518
29202
27560
44829
33948
21311
44535
28209
36828
51599
44892
47232
21491
27069
35322
30387
45496
32980
51196
30294
48214
41447
35451
34094
46926
48131
38817
22220
46523
19554
37903
26722
48858
32993
27517
22230
39881
24244
44192
23317
45711
49497
23633
24746
37469
50634
33771
27279
38164
30199
32501
47682
47622
51315
19457
27932
40449
51310
25811
33759
46218
31203
25030
34958
42598
19986
27756
50817
31071
48177
50549
51384
25924
21087
25042
37488
31282
21209
25370
50676
31762
45424
28460
44470
38755
34107
43798
23454
21306
49801
23861
21154
25734
20761
31390
28311
50841
21134
41917
32326
48356
44317
21564
50115
41474
44681
18982
20218
43001
23377
26701
26251
28092
48680
38889
29400
36340
19365
28033
40795
35583
44604
38159
42558
48185
36461
51551
31269
41083
43835
23224
49743
47586
22240
35006
23773
22226
43967
45975
23409
27706
36250
43085
44539
25881
19205
35955
28624
35649
29466
44300
35581
27995
45935
46248
42458
26155
21061
36048
36578
43285
39170
28324
39617
30688
49890
26307
43183
26043
50153
20587
49405
19325
31772
35810
33261
20785
43760
29716
20167
45266
46851
22397
29993
38483
40458
30793
48287
49378
41226
22458
38003
51566
32972
20683
21447
45671
24203
50707
49120
42181
38127
26347
19653
32331
40255
20435
19465
38157
21714
35346
32229
21552
46790
44701
47242
38385
24053
45114
39348
24296
25381
37093
30339
24206
27519
34419
32135
22782
31555
21109
48921
24056
24761
20831
36850
28971
19307
34026
31222
34740
25489
40374
44881
32482
30157
51252
46021
28732
34584
49347
45122
34501
25852
29465
42168
47486
34309
43237
27689
36653
20082
35762
50946
20317
36143
32271
24491
50342
50440
36845
32093
29742
38423
37448
22836
28272
23422
36362
51589
40252
20828
41516
46961
45823
22265
36126
37562
40773
41284
25961
47062
44156
29056
50579
31810
43771
42042
28482
21785
19779
44158
43429
19429
39300
20298
24336
46517
37987
45891
48614
24688
35066
39079
24764
43624
37408
19843
49595
47154
51435
45606
32070
48310
48244
25045
42973
34690
38618
21440
47938
19812
37770
34869
24282
24375
43709
38420
36693
49917
38466
44163
27026
25390
37757
23778
40124
51280
34480
49410
51130
37064
25465
20881
50630
39664
32412
32985
44635
38249
44291
28075
35925
27059
21507
49813
36948
46330
20193
38235
49761
49971
19861
23205
30420
49256
37069
49654
35444
37968
42805
36317
43489
39971
36854
48239
43055
46764
26236
37876
43220
22176
31613
26593
41156
36654
32567
43527
29402
20183
41209
39945
43898
48256
51172
46355
40821
27334
51443
36809
29228
21905
48697
29822
50937
24044
25450
21415
41418
47124
39837
50319
47887
32718
33872
23628
51927
26366
47533
28913
36661
45686
45068
40197
37353
30988
50872
38708
28988
22767
30710
45637
45100
38715
51779
39244
20937
24010
26334
39969
50143
35662
31110
40976
23765
51612
48517
35026
28885
24139
23533
44476
49710
27006
32546
44855
20726
34558
49048
49264
19955
34188
19934
47441
46268
43125
32220
33967
20763
42854
38745
48837
46006
24706
36800
38881
23022
28850
37155
20317
36104
42556
29312
23249
48266
33176
34115
36231
22504
47231
23565
21551
27488
28484
28340
22740
33827
40039
49035
41743
40885
51816
26083
34939
43670
43993
41425
33128
21026
46519
23858
46548
44470
46074
48621
22167
33556
35947
44408
38621
43529
41910
31134
23001
21325
39104
29311
26808
46762
51770
43480
50388
27744
23159
46980
27179
30153
42362
42819
38415
47417
23892
29627
26143
29992
49325
45756
25461
28307
40864
22216
20001
24223
41676
43475
48342
25472
34983
25927
25828
30873
19734
35659
40550
47588
28475
25925
30909
30357
51598
52125
29501
22266
45104
39621
44581
39334
51580
31094
42965
43982
21726
21564
23099
41203
21480
45620
19599
19905
51618
50964
27968
35384
33826
26221
51246
24329
42077
48173
27929
41539
22589
28264
39513
50990
31476
35928
32720
25975
36751
28322
44574
48014
51662
27866
34323
45133
39219
35914
48234
38874
27225
35823
50612
49102
37511
29125
48786
34455
39301
32069
42023
33307
21934
41771
28877
31133
36423
30332
28935
46821
38927
41672
25784
29339
40983
23468
49298
24565
39124
26012
41936
39826
32115
39903
22056
33189
24428
38875
25083
44885
29274
23955
40656
45924
35338
45422
49152
45583
48850
31546
48050
32822
44068
23152
40458
31165
32098
20410
40094
38706
48372
40882
32298
34480
39321
21229
43652
52227
38394
30520
30418
44044
22149
34337
33274
26471
33144
38074
46426
34892
25916
45209
48570
51123
22773
36387
36990
19900
35671
27659
20768
20813
46011
20501
43742
23293
22898
33056
29360
44849
42329
25187
42365
41860
29101
37879
38542
25453
35873
31893
25155
26652
24110
41122
30981
42916
28587
27240
22139
48991
30621
51111
47361
40334
28496
49228
27990
28225
23463
27264
33428
20343
49328
24548
31334
36997
29563
38939
51573
32956
48685
52362
48163
37190
35408
51547
37756
20049
34157
20424
28265
29552
29661
28054
21287
40765
42460
28127
27896
27204
49887
50965
21017
25884
24360
43588
26099
49623
36759
38807
43925
44189
28611
39966
40034
38803
20041
40142
22279
32257
29540
21194
47793
25269
46526
23777
49788
36258
20870
35415
46382
52429
46531
49896
32037
48234
48104
45066
48270
23105
32168
35699
29144
26711
48395
46811
49256
25291
37570
33027
45455
36094
22200
48118
33209
23030
30441
34958
19943
46085
45175
31547
46431
26533
24314
32256
50081
46503
22040
37822
46750
20621
31063
24757
29989
51508
34350
40008
51614
44726
50274
20480
46330
25998
37008
34772
28138
31229
29957
22440
24655
29101
50390
23059
49394
24725
27950
35941
35190
50460
28898
44009
28811
28545
49739
30823
45668
30842
28500
32749
48490
35611
21458
22479
38706
34298
50708
26349
36268
46993
29115
42292
34974
47587
21708
29800
36689
45411
37636
30240
22155
29457
37740
33554
27324
21990
39981
42896
51836
45938
24740
51539
34101
23492
46521
23160
45597
32906
24685
48584
21352
23417
45747
49212
31163
37871
27265
52160
48099
42967
34598
46904
22215
23502
35038
22465
35227
30339
20132
46905
33367
52068
34375
37889
28264
22647
25280
36353
33701
31621
36035
42221
38276
33406
33172
27591
35470
39705
21532
38310
50704
26043
33852
49077
23060
44954
24673
40062
38287
38946
42329
25705
49884
42392
20581
44927
43625
36093
22415
40052
44465
45365
48189
26853
36458
40296
44039
24286
46591
32425
41926
48031
37184
24789
51437
29600
21593
45758
27933
30674
47872
21897
28659
24616
39155
47957
29477
40790
20130
22814
38093
41945
30248
28640
41988
35383
23680
28927
33715
50312
39670
33254
44966
23349
25819
25326
38882
43776
23933
48514
50745
50244
35415
40322
33307
20350
46468
39396
26287
39693
21626
28833
40738
46646
50932
39375
48448
48491
33328
38410
24129
48077
31835
31769
37349
50671
27722
35279
47043
45533
45418
48174
50909
36957
30714
45779
45945
52084
28023
25230
26412
36396
39256
23376
32568
22933
44540
42314
50456
27402
26081
31059
38232
22453
49430
22666
43178
33110
46835
51005
29495
51263
45063
44810
36403
40611
23634
44100
24500
24849
47540
51865
29892
38972
24230
29937
49588
34813
23848
40088
48308
44955
20986
23456
34465
40777
29711
38529
38430
50928
47167
24835
39142
41519
23868
43614
32609
26017
29639
29855
26229
37214
46884
39757
21406
36036
51659
27981
30529
44919
43616
40451
26941
23462
29925
20922
37828
36240
50223
51526
49257
33863
51094
28903
31609
26548
24817
22129
49551
36828
24258
51882
43875
20833
42669
45556
35811
29516
25647
51244
46213
45577
36748
23505
21467
29619
24841
50281
41576
37267
33884
38944
20914
23267
41057
25779
29080
46295
34574
28556
49126
31710
41385
49455
38439
35365
27960
32724
27066
34652
39738
23893
37416
26046
43668
40011
51637
45131
36046
28788
39989
36440
43903
48729
47137
41034
25094
32301
21994
39327
49019
50679
43405
48174
42214
48884
37480
39087
37806
35382
32076
47229
49236
22674
44243
38043
48480
47545
23540
32245
21148
26277
28372
23273
21633
35639
42463
24070
36847
21278
34584
39444
40481
48634
29101
38740
46303
32449
36815
52745
50933
27234
39616
43574
35045
47529
42286
31914
44505
41571
24511
32058
28891
35778
35821
49742
48712
25091
37140
20895
37250
52557
26569
44606
23270
20445
20334
34777
33278
36704
33283
28474
22519
52640
23103
46096
36437
21603
40928
20466
34277
22672
28223
33441
35315
39060
26919
33677
52158
47620
46055
27803
45609
43652
24230
49702
20915
34791
48631
48196
41129
21400
24750
46410
48027
30008
38897
24978
52748
20616
50578
46203
29549
29322
25756
38578
42061
39395
32811
20912
33738
40580
35969
21636
41291
31881
22103
46547
33393
34401
31857
38685
35146
33328
42869
52545
35528
46705
29693
29252
43378
43488
49899
50254
51290
39575
25597
30197
43599
28791
52897
21438
37203
44745
23818
25313
29264
43301
48515
23885
37126
32659
36355
44780
38984
42481
22018
22568
33384
31381
21132
22958
26096
45107
51348
36210
31378
36608
20874
37107
27234
20759
22064
42176
49987
40476
43945
42299
40095
27168
34514
32925
50524
48069
47574
52794
36363
40355
28669
27399
33634
48874
23493
48985
44268
34632
35636
37359
41983
41485
22124
35891
38639
50317
40064
21437
35969
46021
49798
23833
31650
52546
43246
23498
35673
38719
35602
29582
36603
39950
32013
36580
37534
38073
31697
32460
35791
42728
50036
51150
33416
47621
24523
49213
50780
42911
43834
25533
33781
51980
45002
32771
52928
46163
40572
40668
29415
33353
20702
20849
41856
43001
35035
49353
22788
41289
25303
42895
29698
23259
44540
39190
30740
20786
40654
47514
29459
43798
36870
52169
25735
21305
50589
46977
47457
21786
26151
28124
45037
33066
40546
52842
47106
39982
41743
29117
41852
40420
34048
32043
47851
49897
35699
25551
35469
30170
34974
47313
31610
21433
23691
30439
36127
53139
39462
24860
49901
47456
33429
24785
39506
44075
51911
34049
40169
42867
24400
34505
25326
22480
39540
30503
39412
21210
41089
31234
25562
51782
22115
45674
41467
31314
42610
50210
32933
22372
34702
36443
22221
48877
31342
33731
44544
44948
28981
50110
34461
52369
21830
22771
44098
45142
40794
49419
44676
21109
46544
41397
20963
33982
34116
52974
36092
52135
34658
34431
26113
38386
44028
33991
50279
38793
22619
22202
35550
52141
28883
36138
36230
25167
41114
46406
47200
40126
21467
47712
31235
23939
38917
38131
50832
28553
22121
27364
50919
51330
40196
34056
34843
51845
27033
48615
48932
51452
43780
52671
29908
21693
27850
38860
44557
37751
24820
23751
25648
42576
48158
30381
25048
25548
38859
33217
22473
26865
52987
38612
48675
50601
35072
31428
21980
51303
26253
26435
24172
44301
34064
20697
21450
45838
52289
52780
51352
24271
47611
33920
45210
27220
41036
48506
44909
43288
35272
35369
49014
25404
47138
38727
50456
27620
28925
38587
25130
30431
36095
25187
40360
29062
32039
48145
45992
25318
47713
52947
41360
38689
21336
21880
49799
39441
35980
35407
36905
50479
50852
50226
23423
25779
40709
25795
37422
47101
32419
31734
25582
20788
35607
50384
23614
38957
44531
24430
50263
29838
42578
27720
24926
25395
22707
27831
25309
31440
20743
36021
38260
41944
43784
47588
44492
34718
21709
43987
49101
31419
24475
49532
46609
26287
21247
22545
23960
30411
46617
32504
22973
35918
49979
44308
37992
48590
31155
23366
32390
26073
33252
43059
46262
34013
38812
26952
23621
31301
28321
52476
52317
22757
50573
29269
22393
23192
39644
39342
51484
46887
47172
21175
27587
25197
34885
52157
43800
30137
27136
42540
42600
51316
30540
29778
51031
31748
28935
50277
45267
32495
50602
23752
39494
52036
26144
36234
27408
25655
23769
47920
43572
22283
23322
34484
38481
49973
45207
46797
31189
44478
24899
50801
36717
41961
52583
48280
35520
28950
40945
45380
39260
27622
30479
41918
28656
40608
31485
34338
47037
52947
22300
41501
28743
43069
51523
47862
39248
36588
47961
37067
47366
23715
39716
43294
37500
36223
25692
32912
41047
40922
37124
35307
42954
43888
25594
40550
30660
29632
49612
49957
43111
31158
35789
26624
28349
53382
45416
33669
22694
47579
27573
45120
34069
52529
22346
44858
44156
44671
24660
29631
36229
38938
46310
40036
37379
48086
45456
32073
49192
49006
31796
40860
52216
22566
49429
23134
23805
51630
50737
26730
23613
52298
51409
40883
24169
40496
22878
44493
32343
50225
43382
32175
48050
48540
32831
43703
45553
44896
51451
42222
48005
51824
28637
27278
21847
29036
33051
31425
22129
24957
48709
26028
53243
25217
40405
40364
43370
49768
26887
28127
52468
40925
27627
47591
30791
51241
27576
27370
34170
44117
22371
44509
49220
45455
26224
26371
39788
24784
39433
32432
23168
47547
21581
27475
33738
44231
31210
40115
44672
32928
20974
44153
33083
42699
38874
30703
29866
50057
29688
34567
44680
27903
52719
25759
35019
26003
44437
52227
39199
21913
40452
53172
52370
51247
50928
23912
27537
28517
45112
50001
39443
29602
25530
39586
43028
21059
24940
47952
50757
36740
39337
40213
29442
49060
25032
51643
45956
43844
38643
50327
27992
37649
25398
35668
29711
22178
22743
37874
40760
33443
22502
27661
31883
35380
29204
23907
29287
44940
49353
48017
26239
24546
24944
48925
48336
34445
35862
37305
49878
39786
30771
28614
23295
28798
33735
33560
31840
33500
53417
23289
23206
21193
52252
42352
51792
34591
21668
36291
46364
24559
29208
25658
45759
48234
21495
29478
39385
47106
35327
42274
40232
41676
43772
24729
51452
22825
24031
48264
29931
48805
30991
29317
32197
24607
44036
45569
23499
33067
26385
47306
26907
39092
30081
21715
27759
32998
32230
45880
48135
24138
23726
41085
36068
33331
36087
40471
49719
52314
37797
28973
53529
53189
41137
36511
35964
48877
23235
34888
28002
25375
35076
24448
43853
41763
36653
24805
47350
23836
28645
27996
31041
38831
51529
21586
49265
52839
32716
41800
30104
23896
35649
36494
26706
53251
39478
22350
44723
38778
32644
21197
40830
27589
40484
30446
48280
23683
51012
36856
41404
21716
48794
33688
52079
38519
22777
50474
51767
28720
26914
24372
46600
45933
28380
46643
30207
44328
48199
26779
45139
42511
34157
28697
30344
44515
36378
26651
33253
46622
27118
40338
37929
49112
33456
52214
53370
41195
22757
43915
41118
42070
45729
46308
31341
35295
44190
48549
39302
43261
24971
21133
33090
47860
39846
29363
23270
36930
50317
36879
33821
46394
34641
31037
24997
51695
22733
36990
51784
37203
23094
29696
40462
31648
51699
31583
23985
45047
30382
44651
22097
22855
26795
39212
46441
47729
46424
41251
39170
52650
45350
49107
28710
29472
29592
50816
49048
29408
24985
36663
40642
22007
45587
48910
33007
23255
41149
32173
40634
35069
49973
50701
37830
42961
46158
46208
33968
40142
35243
30194
24898
29922
51085
48238
38634
40216
50921
23780
51050
36468
49598
31273
22480
28958
31141
24895
27561
31428
44202
31447
41074
35897
52314
30228
40271
53858
43805
37010
51968
28242
37830
40871
51216
26804
32617
48872
27983
29801
23916
51183
30339
50291
41441
30556
41819
30994
36371
25370
25764
26668
26463
42468
27071
50418
36934
25607
41555
27329
47040
36201
34879
53062
37586
32970
50643
24550
21602
29770
35903
52829
22347
50987
44619
37029
44717
41177
21321
38937
36998
33063
22088
33754
52871
42460
42379
53874
53536
26990
46650
22199
51422
32525
24662
29682
35318
45027
46834
25921
50722
32155
45217
37946
39083
52768
46123
49873
39111
33959
23940
35964
26150
44015
36606
33429
25544
38343
41661
26623
38161
37842
53355
53260
53535
44423
39726
42142
49243
30587
23511
22413
22606
28643
47965
49993
51639
33876
45449
32449
38106
42190
23538
43139
47130
34809
49452
27940
44234
33966
21565
52450
42561
42169
52304
25736
50988
21726
42158
48530
49449
22042
22761
27026
37521
21546
45402
27858
22164
50514
46030
48187
23436
30551
35965
53877
29579
28109
33596
41040
45878
30105
53491
23651
37591
37294
26960
30195
42413
42266
36029
44822
23431
32326
46736
41495
32913
42873
48002
46621
28525
41119
44131
50952
43397
26185
53516
33948
51616
27124
53140
52449
33972
24462
21447
34249
44283
33846
51923
47636
27465
49732
34629
32113
41629
22153
24884
23526
45558
23256
42684
22641
34920
22980
28847
48880
49006
53164
44934
52542
44930
48373
33950
30623
45803
44439
48033
52318
35543
23003
30785
47796
39593
50275
27693
49388
28052
31082
43325
50629
47721
54093
25584
41240
22957
26698
47641
38842
25071
34184
53717
52900
24152
23384
25792
31057
54148
48827
35689
51048
34448
42020
23811
21915
47733
46975
46941
42447
22420
46449
49940
25213
45458
27106
34823
29016
24421
30649
42507
39216
22959
52710
34272
48918
54091
28070
38500
32449
32806
26114
27143
41520
48721
43161
51327
48273
21844
39840
35005
27746
49092
36135
50975
35030
45848
27550
52199
48762
22968
26519
46572
24344
29527
25294
48527
26843
53123
53350
41969
34997
22138
27253
41571
39934
37952
24771
28190
30046
31214
25807
42037
26860
51533
46867
45511
25495
24227
39305
35961
37318
52429
52078
53027
22843
32654
29254
36554
43581
22567
37920
31695
27638
30760
34587
41829
34842
44677
31273
25928
22985
47852
31507
29101
33719
23382
40382
25460
29066
22493
43180
51877
34947
32973
27333
47898
52065
54013
40536
45945
30082
46688
32093
28774
53580
35543
27389
32758
52683
30537
22100
43366
38811
44790
47733
32013
47369
41224
24494
41103
34165
50795
49678
43860
54267
33247
49445
42808
52562
50764
32011
35204
53491
30549
33956
47134
46462
47151
47393
28412
26714
40116
35530
39390
45212
28851
29435
30269
39211
35211
53101
37246
50721
22008
33463
30572
47476
41004
32277
42213
51925
46626
39015
37587
22232
27695
22141
27999
26966
44506
34961
52065
26384
37101
24853
31258
31380
40652
26800
45349
51301
51206
29571
49835
44630
46634
31664
39895
37431
28636
34077
43401
33715
33575
28277
30031
46457
43541
54128
36497
37274
40317
25685
37899
27954
35357
22205
29056
40779
23528
54169
42413
32510
54177
34422
42109
36059
39593
45568
43387
52108
51478
28101
36492
35764
37380
28988
31454
44829
35376
36870
32284
42771
48323
52083
27620
45579
33387
40264
35706
40073
52912
24512
28606
35136
26502
30416
35675
33914
47902
40623
21826
26298
51202
33686
37207
51872
52065
34501
37225
39438
43431
54470
33384
30345
50513
45301
39378
32994
47104
39488
46959
50197
41420
44332
53054
51057
33498
26392
44975
35833
54065
44742
30738
30987
52425
50711
54096
31807
39909
35094
51929
24722
27043
40504
50653
41156
29906
31715
35007
47358
44291
26412
51399
48056
33763
53221
43031
44506
26824
44503
44512
28193
41609
49996
36565
43973
31635
26833
23008
45145
29753
50745
23828
33010
28492
40165
22244
39563
36076
34627
51090
52648
42909
53653
30442
32058
42910
53236
33327
50371
41078
21908
34390
51642
27855
45385
47730
48177
48263
54090
36464
51893
51461
32822
41476
36214
41929
46420
42979
44200
54087
41503
35123
50728
45558
23298
23871
22115
50084
43360
35184
43124
29964
40151
40313
37260
31146
49606
49105
31639
48078
41228
48742
33564
37616
27923
38800
44133
46147
32782
36675
29665
37260
36734
42122
48582
39477
47355
31536
26874
37533
52273
36288
35124
30131
30249
48049
35935
38083
45514
34778
53055
27024
41375
39724
25942
52898
46810
24479
38921
37345
51609
51053
24831
38243
34409
38015
25546
29315
54536
46116
43721
54067
40048
33545
43852
30099
34832
36198
54522
36290
45661
40821
45168
31219
22665
47656
53547
31940
31634
49179
40616
29132
37503
28360
47305
45171
45543
30714
31611
37127
52402
53124
26006
51212
29219
33074
26373
35795
44311
41728
23078
47182
26759
46986
44147
25890
32084
38084
31331
41470
52548
41707
41611
52523
36679
34747
37897
47205
45312
37347
23586
36842
29056
30902
46890
47056
39253
50211
43172
37787
29635
28903
24235
27663
27985
42241
25745
26435
31624
34918
26821
50935
45559
38391
39418
24871
43130
30896
24453
34529
38588
51490
28935
52563
51451
48931
37197
27944
53771
43972
28788
44053
40606
53123
31057
33966
52674
24770
36368
32895
29355
22136
30746
30808
41907
52007
36669
44776
31391
35854
23559
31117
27172
43167
47474
27499
36010
38451
47559
46780
53327
48125
53948
47206
42031
31548
38111
25043
35555
34741
29240
29949
46663
42081
22570
50888
36992
39011
41115
31637
22078
28732
40533
29204
42559
24386
51371
53337
43541
54607
51807
26419
48168
40118
30659
24505
44798
38011
28703
26405
39354
23235
28243
52454
52707
31625
36029
50928
23143
30611
32861
53335
49120
47012
36663
54812
47637
49140
50681
42567
49860
47069
45278
54581
45471
39383
39890
36148
40340
40870
40407
31821
25425
48850
29607
54369
29960
51544
28059
37240
22383
34463
29899
31317
28684
22701
27511
36686
34991
49563
27814
23386
44096
23878
44812
23404
49338
41800
36657
28671
33400
34087
34000
36082
50352
48331
34685
39831
39741
24374
42635
49927
53665
34671
22573
35512
54090
44479
50139
35665
26900
32544
35832
41404
28688
51443
23217
22653
28036
52465
46632
31555
42034
37220
24530
35005
36573
33175
49949
30383
25610
29323
46935
31813
34564
24555
39115
54951
35362
30018
32045
48077
42572
46956
34616
28565
52156
25163
40341
44819
45058
52923
35071
26152
32075
29895
48549
25430
34530
24093
54223
32210
42743
40127
29637
25051
43424
39420
47341
30539
26909
53663
53299
38508
32608
52582
54701
32524
45261
29877
46463
50644
29758
33932
37885
43989
48202
50103
33040
37988
26055
51012
31451
36136
28557
23354
33694
40049
24445
25480
52954
51659
30914
51516
51638
38100
42839
51189
33441
52810
50377
44955
46137
34664
39487
28237
30571
35699
50103
30363
24796
38800
22674
54774
36232
50392
32083
36708
25258
22702
49828
36473
34011
28496
30106
50818
51837
46253
50489
53763
44378
40823
24891
42596
32649
25208
30221
45031
26514
34857
43547
27101
26577
27777
32845
50970
29984
35083
50129
32422
24752
51003
24860
37045
39224
52482
53291
38873
34642
30624
29711
47735
35105
30906
37800
53368
53560
51628
53169
37184
44215
26912
47612
24036
29879
38624
29183
31639
44777
33256
27280
53862
41337
40128
48365
33830
24121
35848
44287
28586
35067
25428
49888
29753
23870
42043
40346
35134
46862
45995
25394
32322
41765
47487
29157
30488
47702
40532
46769
30807
52268
39832
52503
38926
40142
37347
52256
42674
47653
39307
25758
25691
44097
33139
46260
38448
34041
45091
29848
36896
37586
39710
24728
34516
47907
51311
33883
48609
49014
36486
52074
26177
29232
34370
31470
49412
40565
25423
30908
23107
42822
42674
33678
28758
41452
24482
49299
23366
28570
28314
49707
34949
39502
32428
27627
24285
30968
43288
22504
40615
24286
30493
41266
37437
23103
46607
47006
41650
50742
53674
41161
42176
46050
43174
51801
29185
28356
36747
53638
41570
41064
30151
25562
31190
55112
24830
40244
24135
29933
45729
34579
27090
51031
27586
40209
27955
53663
25383
31406
30334
34779
41373
38479
45073
33346
22670
44423
43974
27537
42710
50836
28269
44717
40915
27437
53113
42889
51387
32891
33017
23370
32819
24677
54218
31657
33821
38928
35851
47513
35249
28582
22994
43818
39887
40791
51741
51374
45971
54686
50188
50458
48939
29382
26189
50607
35557
40364
22743
48345
49292
38342
26331
27735
28917
26212
29943
53916
23509
24374
42926
34677
27093
30223
52757
52205
36073
30184
25806
53614
31453
40744
50490
31784
30257
40227
54507
42166
39206
29920
51544
40191
55065
53535
54229
31835
43024
53146
51650
30456
37523
45964
40194
50299
34749
41328
47279
23018
50578
51211
38411
31433
45971
39596
40378
25987
28048
32947
43311
40716
28862
40528
47205
41413
40713
39565
45007
29600
36011
34447
45713
26500
52222
51736
27888
36339
43918
47441
25351
39146
39539
47047
38844
46856
42718
36019
40947
43507
51953
52350
30210
39928
31700
31620
41316
30961
44805
52761
34481
52844
51695
43465
29645
30473
44991
52196
48224
38180
24947
47419
31367
41140
25651
23332
51146
35955
25061
28100
33357
50752
47100
41869
29258
38593
26768
41477
25534
42060
41396
48073
34915
40200
52996
35794
46559
52303
27005
54776
54331
40791
31122
53428
37014
23826
32635
48170
43035
38226
46545
27239
24368
35633
25176
40167
30960
40624
43292
23386
49884
31134
38335
42919
35021
33724
53009
45874
34094
25118
43233
31067
41319
34260
34835
25415
39580
36298
52467
22754
24216
32749
47049
25380
46340
40335
31662
50068
35037
55053
29597
42251
26149
41647
44493
51643
32728
47823
49470
23151
53793
34622
41362
47892
46286
46563
25887
34937
29186
50853
45378
41811
46377
36492
49398
27780
26161
30242
47525
38557
50424
30496
49726
45217
22784
40262
36999
52748
35178
36491
24757
28691
28962
24182
35642
37934
50007
45260
44254
35796
54318
28523
38161
33157
39351
38774
28287
53006
47392
25010
54758
35081
29736
51760
54052
25507
35543
47917
26773
54434
25964
24374
44187
38566
39576
24208
41342
29102
42473
35798
49015
27871
25225
50148
25863
52609
40488
34036
41357
34635
55351
33031
36376
33248
33111
44935
43130
55193
53009
41514
25758
29061
30663
41241
26651
42158
27370
53842
41992
46238
22894
28746
49427
24354
41595
54231
37325
54606
30822
54606
32584
50625
53727
51432
41956
23595
31596
39531
34918
23052
23830
52230
46922
44222
51297
23676
39515
42165
25218
55429
54912
45574
32461
39793
39385
51750
32109
33550
36874
23284
33367
39628
28887
28410
39041
33311
23794
26352
38222
37413
32016
27778
53325
34441
38722
33364
33572
44455
36483
54594
26055
25584
32909
45804
23278
24208
30194
51570
49349
35151
55399
38012
47589
31669
41827
39806
33411
51570
33513
25914
42471
45565
54433
50310
43040
29562
48942
25167
30711
50401
54204
43230
48417
47965
28120
29786
54969
40690
50565
44174
40429
29283
26508
44013
49399
45651
34835
38867
51791
36778
25457
36366
43038
43322
41281
52125
51190
34979
28085
45239
39617
26227
48430
50704
38136
31122
28169
42839
32534
54750
48315
30467
43595
40466
48672
48975
23924
36076
54288
25731
36427
39311
53300
35958
47835
47910
47383
40785
30520
36810
25984
50581
33644
27302
25088
34656
32180
36184
54471
28908
34029
37019
54203
24664
24393
49187
24780
24747
31046
28105
32897
46614
53473
32744
40663
32633
41222
48903
46668
37161
24908
42680
27959
27889
28127
48575
40282
31574
27581
47479
31162
27167
48422
28786
50863
54293
39501
24672
55351
38408
41556
52018
51855
29970
30839
44927
43269
31264
49544
40998
30472
42669
38299
48949
53121
26321
47618
24585
36454
25723
46972
38071
47243
40954
41129
43691
38332
29123
40129
23183
45322
55662
35462
44911
45922
48641
53111
26906
52324
33649
42823
24011
40305
39270
34701
40712
23302
26431
27581
26059
38985
47446
40279
35296
28898
37765
52318
34958
34060
36073
35852
24185
31724
39141
34756
47303
32801
24938
33864
49538
27292
38518
33068
35645
36786
55003
36491
24571
25199
38466
43768
30540
25134
42095
48567
55225
34406
47559
33070
26466
40135
44303
29078
28646
52614
46710
37878
39299
47605
25558
43346
41343
26966
41527
41503
53190
30705
32917
26107
28628
48228
36835
50075
53461
55099
33871
40197
37131
24768
31688
41983
47217
43284
36285
47815
26270
48767
34856
52484
38891
44549
32204
46333
50648
45626
35258
33033
26284
50263
27674
44358
36956
50060
25640
42382
49838
42648
27517
41895
40094
27544
46736
48570
33025
47644
40572
47367
28264
27520
55300
29910
36423
28026
39892
33201
48983
45807
41993
47312
40760
42763
41716
26581
55131
54928
38683
25786
45343
50030
41089
40455
46394
38549
47912
31560
55899
41991
33491
41406
34574
30001
25616
29013
27359
52603
24182
52694
29378
23838
48172
34910
23730
38453
25259
32015
44697
55320
41156
47365
38000
25829
40420
48267
27047
54623
52887
44431
29127
32508
37451
36436
33878
32825
24151
52327
45051
26417
39483
48084
39138
42606
37161
53913
38498
52223
40133
47195
54237
44746
27946
32344
30952
34340
37421
37789
40108
40863
43493
51577
34956
42787
55403
31793
36361
46401
27870
46069
29666
38851
55210
53779
48767
34952
54794
40555
55183
50831
30412
51491
55537
50513
23637
46236
32464
26196
24548
39844
34067
28925
31259
26605
29684
48294
38075
52413
40942
49392
43439
31208
24797
32858
54092
31484
50273
33043
45527
38587
49027
51213
51783
49870
41883
35411
49741
32695
55921
34972
40338
45320
44450
51488
24640
50642
40261
41898
47811
50529
35279
54255
41681
37926
46388
34334
32167
34037
24399
37304
49046
35441
33156
54946
42175
40132
28068
28793
26395
42899
54288
46117
38334
37936
29986
43953
29020
50194
33224
33881
29196
36739
28530
41701
55884
40089
49967
53814
31557
41575
38930
49183
36433
27764
25819
48246
51131
45677
50387
28266
34502
38934
51192
29718
50928
27014
36442
41047
46711
26516
45765
51931
38429
47245
51360
26235
50728
53544
28949
53707
42158
27067
52083
38383
41231
54190
50384
34736
43203
49968
35570
32463
53590
24874
42608
38808
25520
47473
32788
45755
44186
55616
54660
42840
46718
45541
24865
56153
53358
37818
47408
46596
34408
54615
43576
41168
28377
31494
37034
35448
29023
29304
30151
41039
27347
46774
29631
45523
53895
28761
42262
29316
50380
26110
41804
36343
38584
53493
55485
49702
55078
27193
43462
29706
24829
50085
47401
29292
25270
49508
52147
56056
32536
51114
36636
54675
27462
28833
51246
39406
44540
24231
44073
29531
25622
32438
26983
46816
44626
53027
41788
24458
44118
32396
25888
50436
43253
30476
53520
41064
56238
43440
36145
54101
25461
44591
46263
42306
24247
35541
53253
27410
50328
47297
38933
52456
25471
47184
35099
40508
43220
51673
34917
31791
38408
40603
41350
42523
34518
38387
40627
50287
44233
56019
32877
37306
25599
30063
39009
39429
50476
42297
52108
33894
39137
38672
49058
39634
36879
52148
30641
33843
26055
49790
41985
25786
52803
48206
43328
55415
55082
43716
41691
31783
40208
40883
25775
30797
31292
53458
49121
49796
37551
33717
36618
35091
24930
30204
52632
31938
43726
38347
48753
27884
30897
40570
26073
27094
33552
28045
55957
24895
43640
41958
45648
26936
26506
26425
36159
44342
54199
55233
34049
45414
44871
36401
33481
24640
34976
46574
49342
38495
26821
38779
31394
41104
43293
42804
37298
24617
54902
27712
42958
35228
50505
54209
30170
45387
47935
50253
24932
39582
53749
34210
38279
32083
30460
53397
41743
46358
44325
39756
27613
36690
29435
30125
23950
43846
29328
35350
48983
41051
24189
38479
38707
24245
40996
28861
27201
32264
47928
28120
56423
28333
35456
47583
29500
49397
47575
31434
32805
30397
41336
52864
30142
37698
26232
31050
44155
23863
33940
55431
55951
34581
42285
28066
49932
45491
26513
38210
24652
32022
32380
48832
36241
39818
50911
47070
29672
39665
48095
24758
48723
55388
27681
56304
55590
53720
54341
36664
49330
51851
49840
34799
41761
29951
43151
38945
55713
38845
31768
49080
31941
24606
36883
46575
38951
55134
33946
42761
49491
44530
46365
31298
38368
53531
51113
46086
25824
32444
49513
51297
34683
52073
50285
29111
44246
52928
55978
24501
40250
27132
29250
53895
47218
56519
28422
30283
45940
40016
30009
37574
55620
41118
53655
25430
54038
39972
41622
43816
48051
53653
42732
55723
33309
31737
54609
54085
24438
32001
41350
45636
25630
50583
37526
37911
24604
44218
36444
50878
43711
43145
32325
27263
36228
40349
45400
56283
54843
47260
40819
31168
54374
34315
29143
39936
50658
48228
29926
52738
30409
27753
55084
41400
39062
35767
55709
44752
38026
36254
54557
37423
23887
32304
47430
33179
33756
54168
26725
51127
37784
27054
38085
48181
31170
56264
33585
35911
31760
45266
54964
26454
33430
36257
51619
25591
47338
24964
30685
45339
51846
49436
40530
26501
48749
25454
29634
36738
46610
30007
32455
44756
37749
46719
36118
29423
51855
38513
45058
52072
25072
49514
25154
34986
26279
54608
47859
53995
55138
45093
53729
36190
51926
36060
47362
31146
54625
25195
44867
44956
29166
47393
28807
48408
29210
27194
50925
33366
47509
32177
49490
40523
51402
39509
45848
32612
56002
48159
24869
27770
39493
42179
32814
39427
45635
47749
26677
40837
48499
51534
41296
24913
55610
55807
44461
49773
24526
37893
46291
45778
36251
56622
29738
28119
38374
43962
39102
31982
27312
48822
26176
53902
48093
45189
53070
37232
29077
38848
25331
54270
42475
43584
45938
34825
25020
38520
39487
45754
41178
34568
32079
45259
24938
33936
31121
50934
49803
43458
38589
38574
30265
23996
26700
51982
35440
34964
49095
37391
52628
30260
54341
46589
53776
56168
33584
27436
54590
45365
36423
42471
36231
55917
31465
36009
41931
51072
30352
55952
56322
35989
25756
50702
45348
40409
31058
49122
26695
42519
34340
40518
24327
43914
56114
34922
39211
30447
25106
46626
53638
28893
54732
55259
37402
26969
48169
47828
38788
32166
33838
32139
33684
36954
28131
26741
41787
34743
40793
48881
52138
50743
35562
40063
37560
37225
35523
45613
26244
56060
54688
30803
51292
40985
45271
43136
44766
54007
33688
37812
54109
33449
44915
43216
28295
46394
53786
48970
43076
43003
54377
31269
48865
27164
27299
55073
43373
34170
27135
48687
47459
43448
38755
42279
32650
36241
54127
39869
30746
31340
51133
54194
49696
46641
31079
31047
26147
48988
25802
28663
28680
36688
34442
51045
24627
55021
30167
31892
47087
26980
29678
56150
42256
51530
38114
37895
37079
35820
26012
55674
38421
34531
45856
39732
41619
31720
55059
45016
51122
46825
44410
33763
32335
53852
38853
41113
25065
38355
45324
40768
42758
41680
38808
56459
53458
25563
28581
32857
27146
29139
33638
44448
50456
25474
42058
28323
34688
47987
45438
45420
33914
26632
26547
26742
43744
35271
56865
41898
35403
29685
54476
46476
45946
39782
47110
47287
30707
26515
32053
35207
52460
39405
48342
34837
54635
49009
44482
46696
55213
24701
26032
34537
41413
25314
33532
28440
41349
53818
41895
37502
45985
33404
52638
39394
28178
49357
44095
35520
27065
34457
50969
45815
53061
25315
38387
31938
43862
36313
38416
48873
52706
55980
50354
56633
47321
31646
41693
52529
25092
52317
42589
54014
52275
38543
48139
35498
48023
33966
48971
37264
35181
46870
35545
25619
56028
44892
34502
50063
48929
34274
55229
47248
30953
40360
37771
34114
30462
51813
40670
39977
49190
40151
38989
28434
54857
51543
29849
43594
54481
56496
45107
45069
52822
45873
47614
26689
44411
26113
31573
47205
40211
41651
41296
47044
48009
41242
35651
29678
40318
43871
33416
55656
25523
27728
40831
38051
26666
30715
32722
32555
50824
49788
45566
27937
50110
30995
31247
28395
55528
29050
54186
56106
25973
41845
54609
46316
52361
24746
55523
49700
33183
48819
36194
26199
51315
26482
54777
38295
44063
50084
39486
29621
29060
46009
27572
29619
35051
51940
42132
35704
49900
49262
25549
53191
52368
35663
35401
35954
46770
56319
40306
44235
36011
26762
45813
34908
48686
48867
51653
26584
24688
37242
46180
54865
35468
45584
30814
37546
53543
44746
50966
46416
42319
50565
29636
56869
39593
41322
35519
32445
55500
38594
28152
38093
48104
53515
39623
26848
26795
42827
31979
42316
55141
35492
29388
55653
39530
49961
26370
48368
25528
28400
41755
51163
36313
30568
49049
29227
44043
28909
54587
45109
26015
39066
54142
32529
41119
25695
41058
38220
49075
55635
25969
35805
30533
40011
44542
37722
32228
28843
47787
35180
39910
39292
44590
33409
56914
53439
30548
39872
28925
51457
40005
43330
25586
27952
51979
38015
24599
53933
54094
32518
36622
37282
28001
32114
47706
30614
29315
32409
26051
51263
27230
45830
26875
32919
37332
34986
52353
53298
48891
36558
28102
48334
50790
54860
44687
42028
50599
41471
45978
36894
30481
31608
30340
37090
29379
32754
44778
37294
32994
31112
54991
56204
24869
39078
52797
47720
43927
25022
25135
30823
44696
41788
47791
41851
28197
34747
29756
53557
43098
39033
26734
54490
33589
50184
27101
39864
51101
48455
30526
41914
52643
50833
43471
49211
32263
48436
25334
41240
36094
31013
32036
53257
53810
54514
33792
38961
25099
29175
47042
35827
52269
36053
57308
40200
41794
30240
45280
31438
45561
33624
51614
43747
33102
35867
35724
36851
37901
51096
53868
53966
31633
40519
53032
25022
43474
50136
35329
31255
42143
44393
53224
28687
32295
47099
36652
43216
46782
37671
26454
31436
27614
50189
28754
26705
30828
54414
31951
26717
27197
33467
56295
45491
28889
33932
56835
48174
43391
46038
41209
27734
27753
46711
26488
40241
32592
30419
32678
31836
53555
32901
32007
27737
41813
38222
51617
24875
50053
36433
53854
27424
48033
56707
53937
25583
39517
50013
33660
29186
47425
36052
45362
54805
41969
28042
32057
46848
33969
51782
52882
57297
47656
34722
46523
42014
31332
45315
51156
56986
42783
35790
46338
48613
46913
27353
40465
54185
55718
54816
27997
39394
46368
55994
46834
25213
27072
38667
25586
25893
46929
55098
44343
57178
27942
54757
43322
31427
34582
29972
28979
28101
39876
33644
41346
35412
32804
24998
47438
44809
50234
39999
40300
52853
27941
52592
49794
32950
36957
56160
49772
54087
46137
26265
24798
51997
39348
31928
49995
52463
54128
25449
57350
57301
52731
36755
26792
32276
44370
40144
46001
26680
41891
55584
26994
44644
42327
47326
30762
25575
40528
50931
37743
45327
35951
25929
49871
46914
41818
29059
50104
31562
56700
41451
49813
51697
40525
44715
44858
51918
51667
39745
45186
46430
30057
46125
31542
56407
38335
38124
36913
33592
52770
51754
42434
45605
50429
25652
49234
31730
41376
36268
48711
27262
38721
31360
56104
34114
41280
49948
28161
42537
54448
32735
26377
37026
27410
47308
53378
32500
27235
32131
55009
39379
36442
47471
39983
36400
55019
38976
55983
46421
57359
36508
39617
33584
26311
56081
32774
44783
40798
37711
29125
51662
49391
37268
41613
47149
27176
54887
47900
49382
49997
45705
44160
42717
33152
52521
28028
32985
44863
55895
42797
50066
56878
38331
38125
45579
42519
54663
39800
43041
38191
51626
56142
29540
30107
47943
49752
44583
35890
57445
57549
53459
46213
38888
34135
28033
32284
41408
25714
51655
44803
42848
53013
51921
53126
43121
48277
26548
41784
40904
43974
38400
45882
29846
40803
25748
52665
35807
47536
47287
40633
36398
47965
24932
50705
46470
27054
29924
36535
47003
40921
44195
43838
41026
36784
45884
39837
45095
30079
39126
41010
37822
49976
25011
56839
34428
34509
25350
38995
46662
36830
25093
41796
31530
39060
43328
29691
46925
30157
34865
29145
29476
37497
28948
27897
35303
47683
43257
56829
31299
30581
48663
54030
44880
34837
47203
44574
54722
44628
47201
39024
37219
57386
30778
53083
42689
39482
25360
44619
27939
55803
46734
39432
40130
33561
25283
45371
52534
46105
39984
26158
47151
52797
54303
26067
37989
46247
35639
28680
40146
34496
45646
34073
38942
55771
36222
35974
29787
46614
52603
55559
51954
55937
54051
44494
57565
35971
53591
43276
30487
30329
49418
47030
32593
55711
56215
30345
35047
38708
36696
42060
31250
54489
41588
35157
26975
49211
30712
30798
43872
46577
43818
52281
26785
53160
29978
34738
53213
40317
36985
31092
47218
36522
36782
35359
51475
52581
55591
38713
30397
37381
48621
32626
28652
45415
56956
50220
51214
27280
53713
25658
30520
46995
49860
54248
33304
42421
30616
46652
56875
30928
30673
47996
26159
40437
50245
51440
29404
45397
54646
52713
27599
39778
54303
27139
25799
35121
49165
51366
39699
50211
31024
54739
26443
44228
57074
45085
30527
56563
31175
31733
25645
46404
25350
31787
31031
55714
57079
37810
48659
57657
56621
38052
39429
48531
54038
32901
41738
40192
42192
40396
27990
52284
36926
34463
28417
56140
52828
38111
52222
35241
57039
53092
40524
48544
45505
48266
36464
35577
41963
48620
53282
36055
33011
55663
55111
38623
32761
37763
55583
33180
28269
48805
28096
38434
32035
25640
26051
56562
25513
43574
43069
54302
52696
56082
44273
53422
51113
29087
26307
36673
39754
53030
45680
47096
54641
32340
40317
55695
25585
42882
39277
40909
33419
39482
28471
51487
27142
36854
34551
40832
30081
35882
55268
30875
45577
32133
38018
33076
35943
33908
26393
55236
37179
33513
53861
47715
29519
55642
35471
52203
52261
29964
55900
46171
51922
37777
26789
41081
50447
57232
29191
25788
56974
51908
51931
51048
47754
51527
48488
46587
27554
53777
39000
27080
38375
51387
33129
49122
30516
46217
57445
51259
51646
26792
30292
53261
46315
33204
29936
27513
49256
56446
43609
49775
32118
27147
38154
42189
55940
34016
29708
43467
54531
43900
42857
56982
32118
50215
29924
51259
33224
52714
34023
48327
45539
41695
43965
55212
45694
44971
54017
36199
53814
50248
38743
41568
46305
57864
28250
35090
51487
43734
26837
27499
48177
54719
25909
25462
57359
52402
50750
42807
47028
55172
33278
43991
40381
30775
40191
33793
47410
56444
26049
32139
46244
34934
33895
49753
27512
40641
45745
32894
33154
27059
45098
56741
39126
35298
50851
47536
39386
28134
29407
33950
49568
30560
34192
43954
27251
28987
53378
57809
49840
47921
46103
50989
26072
52881
41203
46112
35810
32832
57848
43866
49878
41982
49781
46911
26263
29931
25754
46731
51968
26442
56368
56376
52275
51076
57735
26273
47406
51824
45231
53735
52384
29393
26858
35220
43002
28705
32866
56702
33992
55949
40984
48623
36930
28736
31773
33538
42270
47076
31748
50000
55209
44134
51095
32204
34838
54778
35785
39660
28438
29792
35820
35082
55465
40549
54052
30729
33075
31404
39452
30779
51410
30126
46327
32898
45295
39168
40330
40886
55315
26581
28104
56647
26620
25795
56957
36132
43505
42186
40512
39643
46418
37778
38050
36865
27763
52468
26028
55764
48042
44988
51593
37407
52903
36269
35967
53086
45060
40134
52004
49187
34589
36292
48846
38328
26658
27624
44619
33286
27243
43514
54994
52405
30987
32910
57658
50069
37287
33158
46954
35389
25993
34008
52753
36082
37104
53906
46743
39626
56490
44571
36179
27408
48613
42683
38910
37355
34883
53597
43111
43067
34348
53140
38761
43716
27496
51165
27674
54414
54765
45860
33606
30859
53493
41865
51996
40571
36436
26723
26406
26381
51721
45957
53375
31559
35859
41921
50752
35623
48262
55467
41531
40843
48605
29599
26092
49998
33170
43526
37804
51124
51948
52436
43048
43016
37913
26965
51218
53379
51580
26410
30230
52336
53064
51087
25872
40846
34126
27103
47740
52918
48403
31065
54573
56253
54822
26660
27715
47260
29872
39825
39511
30158
34381
44449
43256
45050
35098
26567
45147
32978
51472
56046
57166
30523
34704
47294
32622
55982
49470
53787
35226
48606
34323
57071
56999
42139
38830
29482
30805
49398
49643
50439
42626
35750
41399
43152
44190
48042
52771
25700
54111
57648
38839
50104
49846
42934
53768
35228
47105
33647
56204
43391
27778
52712
55214
26870
49168
38379
53022
52921
31756
42660
43627
33518
49815
35330
47827
33963
32258
35424
50522
55478
25734
30565
50201
38287
25654
45608
53721
28848
35633
50328
29664
45331
49180
34844
46603
43765
57040
40822
52509
43226
36175
51181
45911
26065
56573
50603
29513
31993
35853
28516
38119
29252
31545
40248
57567
47227
43958
32475
28202
55426
55655
40179
44513
40414
34129
35265
26963
27764
33871
34052
26196
41875
26118
38682
42456
45621
51228
26473
28864
49282
27045
53757
42739
37526
37598
32882
33969
34948
42270
35349
53796
57243
26377
57158
45368
39144
57607
33825
32173
43259
56821
56925
29547
54510
58394
39539
36629
57508
47708
27651
56544
29263
52659
44404
43430
53045
35551
41692
51766
54707
32854
58399
27887
55426
56449
45658
43405
48953
39975
48258
49986
36883
32042
38728
53513
50931
35185
27712
49207
40357
52773
42051
25938
43367
37664
37138
36647
29096
42658
55867
53271
58383
37190
45377
29106
51647
50741
37111
50823
41434
41882
35885
52793
34115
55126
28558
57302
30633
31732
47817
52837
51649
33247
46319
48062
28882
47314
40988
36255
30583
36241
53338
47355
27553
53207
43458
55189
28123
38031
51685
48078
50642
34886
57450
30395
40980
50657
31480
33915
55576
34187
51286
37576
31103
47090
38608
38347
51097
57779
37341
40757
37419
51986
33536
43915
39023
55279
39404
55745
45917
39926
32747
49419
42025
32533
47744
55536
44045
34355
41291
42912
53576
37919
27438
43655
30055
46790
38574
44322
41155
54442
45468
33298
42827
52879
50164
53871
35459
26999
57861
30558
48333
38097
43474
37350
43496
57582
44985
54527
43190
47540
40530
46572
47682
47510
36250
30411
47617
43204
54609
49003
58200
31902
56992
47197
53343
27503
47359
56398
54757
26712
30294
29588
57524
39818
37474
28166
47125
43704
26971
36625
51607
26061
33236
40968
57869
43994
44514
40124
30678
40018
51072
36429
27233
26745
35890
34879
56047
55578
56297
31696
33435
56440
57127
54665
43416
45192
55395
39188
41915
32093
42159
28493
30265
29668
44952
55963
35505
50385
56910
34177
37741
33753
46597
57200
34021
52002
49562
31712
51332
45816
31354
26527
36015
29121
47296
26728
54788
47155
28317
55991
46559
40388
45821
41436
51747
45410
57191
56910
27191
33381
50469
56899
42318
46530
48550
31869
30188
31617
39456
57703
52902
30833
46713
55904
58409
30746
45928
47959
55421
31475
39896
32408
43915
29909
31117
38629
38109
53168
40201
42953
43686
34429
40113
38953
31234
27763
53036
45852
29822
29822
50444
51965
55003
36077
34224
37566
27919
58218
37736
41342
55181
42288
31451
54366
46534
36728
29094
33425
55792
58420
51270
47027
27142
38656
45880
26716
37392
50774
44894
54516
43940
54529
34213
36553
32429
47060
45541
54110
32619
52123
45321
45575
44475
51026
31343
44978
31129
40597
43154
56584
53475
26712
38118
37557
47711
40408
27395
51203
41472
50641
30470
47022
47717
57330
45876
50932
38819
42126
55521
58091
26436
27796
30865
51223
27024
54721
56668
26684
36875
30484
49047
57969
58686
47491
35504
49526
41402
43244
47706
29767
37467
53582
37610
46321
46026
31801
47361
53669
42821
57987
27756
35851
58531
42557
27208
33496
52626
43237
47722
55715
34340
37341
27646
37621
46730
39196
34157
53407
39455
27172
43909
28240
32680
45876
50132
43622
40665
46270
38484
53509
26396
58651
45646
40294
43919
31870
39544
50546
53323
32039
31840
58256
56556
35801
30478
45755
38990
44173
46309
53463
37268
46952
56523
31557
47727
39403
40586
31157
30365
47210
56949
43835
50351
33727
50254
27046
58384
38719
45415
46861
40003
29421
57864
27050
35180
42478
48657
51691
37394
32061
40160
54983
27171
35488
32885
42063
51000
38875
35796
34949
43547
55843
47275
35440
57735
31189
36917
51056
43566
49768
27486
49872
36864
36513
32296
54170
29867
50437
45645
42159
57182
30868
38182
31510
31187
33204
56523
46741
56972
41836
51324
49278
40029
37074
57408
56524
37674
26311
55243
37230
36338
28129
39077
38883
48652
47273
46985
36103
31665
29191
55564
54061
28603
28666
51583
55917
35500
56972
52245
49984
27890
38662
58697
36682
42090
30560
42106
54390
58146
52731
45272
42568
37731
44435
40324
43375
27887
48495
51443
34202
28551
55770
52116
43405
26288
39127
47538
38260
55991
34577
48283
40823
37619
45329
50946
59022
36170
52403
26786
26519
36598
38619
34084
26790
45705
47460
29251
44700
38703
52569
49454
45307
38196
52584
46893
49144
39878
35987
47496
53458
39931
34089
45221
58467
42262
37877
42608
48117
38406
29621
41983
53334
34863
36046
37495
48943
55149
27965
41769
41617
27478
31953
33537
34513
42432
49559
56609
29334
39556
51350
28873
46384
29825
34493
48762
28459
44003
50714
36955
35108
29093
29517
57819
36060
29780
57147
27288
38027
57878
51463
53376
50295
52204
50238
50485
33476
52788
53073
37558
57742
41586
44617
56125
28469
32335
56758
36963
57592
58338
45544
58762
52166
50991
30306
49532
57168
44269
41356
29520
55139
42637
28840
44686
38773
53111
32775
37523
42110
44951
45949
49462
28937
42776
33554
51371
44938
51055
32762
58536
40690
48540
42440
56007
34177
45484
52190
30252
52699
49027
52008
58983
31327
27864
44042
34203
58036
49281
28822
51680
28580
57073
52995
58855
51502
53247
28762
56541
43734
53737
34675
36241
53824
56728
54304
30936
48125
49189
59048
50993
41637
28061
46967
53669
29734
28929
59155
45553
45403
40337
47698
40423
27617
58698
42699
37394
54822
30894
33674
36761
39362
37827
45576
29029
26635
40030
54106
40070
30947
30113
56744
36819
27605
44227
42465
38609
48993
58127
45485
41943
53907
39216
58787
38255
42203
49067
58301
27390
51224
45229
44552
44200
47350
30471
57760
35438
37242
34423
40412
30361
51675
51497
27590
48988
31636
42621
47566
27573
55991
59147
49087
57236
55684
39397
57073
35647
43578
57115
53953
43509
37677
48005
50494
54225
51481
55740
39973
59122
50102
56426
37392
35801
49292
42436
28650
55570
26633
47188
31398
55831
51409
38140
26928
32113
40277
47672
30372
44576
36775
43171
58559
39997
28557
37053
33427
30942
36564
36331
35710
43322
47078
37567
29276
46350
29343
27258
27900
29759
35677
29647
54225
49088
36950
30954
43498
43446
47407
51377
57636
32986
27850
30026
44703
41759
55647
56285
33646
58262
53966
55707
32147
34702
27443
53759
58666
40703
31163
27219
35300
48169
33719
40567
38071
52856
48111
37598
41428
42155
35897
51161
46810
55861
56650
37400
26953
46051
37067
31853
51513
44992
57776
30420
58444
52278
40645
30385
29921
51829
29577
27736
37258
28697
45888
45522
28865
35846
55876
55007
38102
49815
47516
28215
29740
58617
32975
49173
29093
55249
39418
34294
47451
52517
35873
37790
54673
54649
55235
37213
36841
35896
33201
43920
29399
58198
49184
56170
32597
53812
32252
44277
27352
27588
43135
42579
31107
40941
31491
46154
51355
44081
48404
49152
40252
32653
42698
53762
35658
38304
57173
59019
34985
36112
51674
55044
49329
32042
38014
31943
48092
52936
48576
28968
44994
40056
33803
36534
35656
56794
29579
38846
37652
57930
34369
42513
41540
57023
35410
51207
58207
37619
49829
28356
38283
51653
30124
37306
45569
47323
56962
43887
34239
33675
46135
29569
37756
58620
47976
31207
53729
50568
38418
34681
39414
48997
50599
59315
55771
54917
37730
32694
57272
59322
53976
54927
53494
37662
45777
29372
41392
42418
36949
45292
41060
50757
32778
30727
27119
27032
33213
28270
55736
53695
37438
38020
51755
40138
36721
59501
47465
42661
41634
30486
42557
49725
42265
32373
47443
36324
45806
34066
36516
59127
57375
35526
45877
49342
50144
46786
43777
58003
52786
42708
37683
53575
39863
50150
46233
59329
48069
49096
39510
58088
40121
41007
32983
58564
37518
31485
45320
45791
43950
51138
39879
46066
51207
27267
51609
28861
42594
56251
29339
39991
56304
37280
53948
59111
27174
36519
36394
41362
59083
47434
47626
29462
27216
57609
56684
42390
47199
38063
32382
52951
54966
44502
36863
55274
34358
46509
54007
43020
53815
34553
32934
30410
43551
53594
53434
35177
47411
57808
44997
57220
28845
54397
47597
37623
30734
37805
52710
28412
30645
51219
52253
33428
29105
40533
54838
45609
40148
34252
41657
35953
30216
52357
47368
59029
31718
48267
43413
33683
51333
40552
38481
51937
32144
50409
40808
53843
46748
34338
34859
48958
30136
50610
43085
49886
48709
29768
32083
46581
53768
43110
28742
38837
50301
46181
41899
29664
55406
56762
56757
29742
56261
39287
58040
41199
30111
29205
54241
38129
39585
31344
58917
43172
39823
29203
34167
55420
33306
32438
47166
27287
45050
40709
55046
38816
29757
47779
27765
47859
35551
29551
53633
52737
47770
39942
55777
45814
34047
30601
42177
37530
40134
42656
58810
53621
38499
58814
47617
57399
34522
32935
56799
27479
34003
40752
54881
44537
49137
53062
58192
27669
41568
28722
52579
55254
45229
58139
58548
58944
39899
42189
50033
55062
47539
46265
43220
29691
55131
27964
32853
51927
39466
45348
59678
59260
58043
37488
53695
53386
58944
54871
31779
52111
29209
31372
32194
44147
36262
40897
36889
46100
28249
32106
50519
49709
29199
49859
30042
56956
37792
35092
30425
56612
36276
47923
30947
41552
40921
38475
37000
51481
43475
42973
52950
45482
37171
27908
29447
47777
42284
30461
36088
43449
29857
47334
41949
34726
51842
58054
46388
29505
50265
28110
40951
45029
46880
48607
53270
29465
54870
31820
48676
46447
53586
36832
38736
35500
56022
54819
41368
50472
52967
33241
45113
59512
27356
49868
48234
44875
52150
39627
30281
43154
42671
33779
57878
45028
28694
52269
54687
50464
58457
51704
27131
34644
42852
52841
46459
55005
28201
30831
57822
58064
59008
52572
29380
42393
53554
47777
53350
38114
33360
58585
27267
34999
48074
59402
34718
40423
38460
27943
37990
38829
27659
47321
34678
33935
31409
38782
44350
43655
44629
51827
28737
32353
52127
55950
29058
43620
27594
29679
34104
59444
32507
44793
59337
45559
51409
27291
48886
36535
35645
39892
47955
32263
54164
46710
28155
50922
40418
37674
42625
44528
49794
30388
27946
54946
57835
40568
27993
54304
49869
30269
58442
44297
54877
56114
59395
54939
55020
36910
39560
27420
46271
51004
40271
40824
50459
58455
55539
48171
59295
56690
27948
40289
38359
56252
56575
32348
37133
33313
52018
37911
41570
32020
56067
47913
41246
49036
35098
48363
45893
37196
37051
28637
31851
53864
45376
46918
44744
38917
59335
42523
45711
34400
28968
51490
55164
35858
43050
56407
50348
58002
37878
28559
39602
30715
47819
48731
31719
42511
36084
48943
28417
55932
31735
44484
53224
37983
37392
38074
49861
56071
40413
39554
56667
37371
50779
38267
31386
52798
39697
43867
27761
37073
29835
32721
32741
35450
47370
46697
34656
52420
55674
52143
57163
35911
39588
35223
41182
55337
32421
39708
30519
27365
58015
33576
51882
30795
42158
31412
46681
40137
58910
31280
31748
53736
48603
29221
59938
35865
28456
30489
59440
58802
30868
58547
40265
31540
36650
48159
58615
56527
55785
49588
34377
47400
33140
40404
57637
42329
59402
34068
34272
42553
40375
43933
27404
57055
58572
34771
46481
34913
55950
43060
50944
38625
38955
41090
34339
45003
57330
53796
38361
54616
43714
37834
28192
27479
43459
31824
35700
31020
36949
54501
43096
52505
47686
30316
46386
58556
33352
38434
33371
48857
56482
50561
53367
31322
35365
43365
47874
59028
30562
44142
45356
59596
39962
45221
28903
56058
28406
33890
47166
51148
49528
40557
41192
42990
38962
58723
55837
33929
54070
34395
46248
41738
47821
40650
46398
40484
50284
48548
41230
36888
41955
32708
47257
45620
31960
52110
38084
38297
51316
28627
55851
55618
50012
43508
46777
33090
30691
55115
56694
54093
47230
54726
29855
56442
40568
55253
43516
33863
57574
44935
57710
53470
38878
54512
45512
49303
49124
43981
41951
56509
37285
52331
59365
59797
33256
54212
29938
55196
32193
32491
50916
55825
46855
38315
44649
50867
38153
59499
59226
41676
40317
58709
59723
33134
59833
35000
42592
38653
31782
44202
44130
42477
35313
31729
56337
43213
36099
35876
43708
56709
45620
58125
41488
38364
30651
60242
37422
28989
36841
40020
43520
58298
56344
55640
59852
44625
37854
52197
41993
44142
27782
48492
32882
39602
54464
46127
46426
47859
39063
55131
60223
31108
33188
56951
32417
30646
51073
36866
37908
40862
58497
37720
45717
42265
41630
39382
55322
38926
29875
41790
48237
27635
28652
57693
46649
39059
31098
32491
30309
47118
31883
52658
36258
50721
48249
40947
28736
58535
38721
53509
27718
51552
52280
49471
50625
47346
39673
51480
27996
45869
52898
59277
34097
46227
35136
44995
42975
45336
58247
47598
42461
44070
46279
39793
44302
37348
38683
43591
36501
46520
31716
36769
38634
39435
58485
28112
44077
58700
37648
40294
42683
43063
51218
50584
38912
55639
57194
54247
29580
43465
57935
38656
52840
38724
57651
32992
43178
57174
43506
54331
30023
47088
44624
49439
54313
28965
44706
46293
45697
58415
31947
57608
50527
54195
60266
48680
37504
41286
48466
36113
31590
31791
43323
39912
32430
28014
50615
53830
41887
58622
29031
51353
50175
44120
35694
28359
43050
57912
36902
34324
43365
58275
28178
29253
52847
50729
42772
42501
38489
51048
37344
44681
58776
54737
53169
41584
51545
38575
51771
30701
34068
36196
52704
34343
40548
51190
37926
46560
56086
46283
53865
42325
58751
34225
41165
50022
35603
50210
52599
42487
51508
31429
28669
40854
40008
38967
53530
55390
50446
28428
31399
28187
30770
30481
33734
57263
44063
46036
28001
51124
30996
58471
41683
43618
49018
57440
29412
55987
34933
50724
38139
47814
54457
56934
36495
56193
52639
55530
36063
49019
35959
50831
34531
50457
60448
29836
48002
31735
39127
36090
57349
59785
53837
41107
37580
33026
37884
32185
58943
53876
38842
30906
38920
46393
59023
35154
51328
29075
60356
57713
50790
44431
48700
57663
49879
41263
37896
35933
33146
54727
37941
58478
55548
29864
31464
52439
38844
59644
50094
56258
41159
55537
52749
48233
54534
47642
45151
34449
40118
34066
44256
44884
42265
52322
32005
30500
42603
47780
59151
30989
50712
48105
53729
48954
59692
54873
51982
32955
35595
30233
45879
60550
60514
45170
33940
42427
44637
49711
59344
54572
44571
52550
35610
29724
46175
39355
28537
46151
52616
56770
41055
43299
56771
53540
35202
38502
50559
36835
57063
34760
43553
36897
52031
38410
46841
44862
55415
32055
60021
39489
50827
59434
50069
38265
50331
38224
58271
59236
49216
47279
30740
60111
48928
48935
32994
35903
30400
55032
50907
46736
38554
57733
38502
29404
30832
45656
37493
49054
43743
48997
46007
58135
35383
42643
51214
48369
56202
44152
34371
56099
40451
39012
35321
54804
34425
37282
52191
47107
55620
57850
59946
29606
38480
49530
54595
44561
43888
36727
46268
57306
41204
40142
39049
37243
29821
60271
51821
46839
38416
34589
54194
28353
47978
56175
35613
42969
32147
43803
48929
29496
29878
35955
53331
33902
50736
36656
53278
42378
55527
28527
30648
41530
41949
31225
35668
28211
51973
34247
32154
35539
32341
42694
59220
28677
53020
32215
42858
31846
28566
51738
48912
45222
37053
40812
48702
47664
53859
58926
54368
37133
31102
34889
55632
44293
57539
28526
57985
38408
55158
47267
47229
54221
57984
49403
49297
32953
37826
28580
44742
33794
60329
57639
37908
46868
30978
55276
40147
31284
43792
38397
37746
31843
35292
33803
31595
47749
51405
51638
55414
31170
59256
47881
30206
49453
54457
48964
49873
38563
51203
38111
38171
33526
50420
38603
60053
41291
32045
59131
30970
48577
33888
41507
41659
51028
35498
32960
41971
39168
37156
35160
35741
56873
52405
47107
54533
38458
43818
48938
46460
31629
44680
50575
29264
53643
37536
50573
54011
56852
28901
29090
33691
37409
54907
49706
31650
42407
32912
36973
48335
43711
45807
58076
32349
56325
56530
52888
39034
43581
32760
37428
50170
52541
36344
52668
33357
56327
45013
31734
49582
45109
43986
37095
37278
39066
56712
57753
31633
40742
29749
47388
54247
58890
60247
48843
38685
57373
29050
37328
42821
59518
45390
48619
32179
32123
45308
60783
42234
41650
48058
31885
36631
44662
35230
53716
39915
34421
39343
40953
58351
36759
29250
29908
39715
54569
48004
47532
41031
43834
59475
34996
35918
53317
57682
31701
54800
53777
58940
55470
56895
47574
39288
48602
30620
50081
59886
46449
49002
42233
53018
53457
55843
42691
35678
45470
59499
38499
59549
41991
51266
53796
41733
44619
30333
29914
30252
47484
42103
58566
32863
46980
54788
51641
28727
60005
39846
44668
45164
45253
48388
53616
34286
31657
59287
59506
54322
53633
46503
56321
31690
33381
41334
48547
34617
29086
47291
32132
39429
39016
42065
41825
54798
42486
55345
36516
43805
57527
32670
33233
50368
44248
31135
32032
35414
56330
31154
44140
58726
43653
41151
60491
49717
36172
41547
43647
32407
46515
51694
42381
47877
60959
29959
53163
49648
46094
54446
55519
31061
45911
35818
42086
37522
34482
32292
44371
60536
57722
57820
40568
56225
34482
60315
41353
52483
45383
42281
43391
30406
53652
50431
48187
35667
50219
39423
32620
41646
58835
57187
36018
52741
43213
36084
53508
35209
36700
30588
31567
32892
44932
54653
48735
55179
42001
31779
59907
29023
36571
59512
40812
57711
36937
59607
42199
33048
55316
31395
40044
56047
45901
45112
41573
57430
48034
45858
38514
40269
35805
46734
37980
56971
40365
60925
57321
32206
46249
56384
51201
51311
31378
36512
50446
46137
45272
39005
54953
54907
39776
57946
58482
53596
34949
41750
42559
43887
39517
37598
55162
50567
46397
45121
47556
58061
46975
43205
43742
30479
56962
47576
53706
44891
31987
40457
42797
59597
58955
55928
56568
35237
45977
32907
59719
28828
50562
47075
47242
61049
42886
42127
51938
32223
47237
32127
49358
44393
48257
59195
39686
28665
48037
59093
45479
51020
53894
33051
42641
31954
55210
55826
55053
56509
31303
59552
37044
42840
48716
37513
36236
44187
31141
50333
31603
50684
46779
56111
37569
41607
41019
61128
32809
39217
55833
55581
42464
30058
60372
34367
30721
29169
40955
58898
30769
54764
31984
37376
38015
59448
47852
31470
60813
44286
56131
45935
51189
41351
50410
43576
44262
59985
35382
59605
32270
42850
48102
43674
32957
58076
60772
57307
42055
52690
52808
29024
34730
48986
32030
55315
33392
43491
30569
56572
46295
31433
51944
38255
58160
38951
60439
28548
41093
28909
54777
58056
35966
54066
55061
39218
43141
31947
44990
42073
34857
39452
58776
37603
57536
42798
28760
31297
48209
59138
41931
51354
54193
58661
31514
29444
54251
46469
43340
54266
37605
59011
37644
52747
30529
55625
38317
34511
38786
29790
49003
52767
54384
58487
56564
34181
29373
57233
32807
39922
30696
40508
58395
29103
52834
32570
53859
47254
29936
35144
60816
42114
48464
48956
34040
32772
56863
31312
54710
31064
56314
48830
56562
48023
36324
48781
40803
43053
49383
32426
35345
50318
48894
53818
53344
45093
48435
41007
60234
46733
29957
42777
40428
53764
60684
45887
41796
45597
46304
31471
59705
39605
38966
38162
31963
44839
36172
48643
35821
32196
57992
56994
40865
57213
61276
35236
29858
32739
52332
58157
37975
41298
55027
42656
37735
29032
33634
48822
39288
33212
49995
41933
38461
47309
33406
29827
51119
53049
32626
31876
30106
44336
33510
40352
34396
48167
47815
53025
53481
32977
48213
42843
53267
37195
29058
41860
39689
48023
30106
41414
50973
28747
42281
49555
38602
50570
58650
40505
39413
42548
58652
38838
41843
33114
57674
40397
47052
36341
42762
45401
55614
30423
57653
36834
54533
33505
61305
48494
30170
36215
52476
57497
49082
58161
51778
42216
39144
54995
40529
38747
33845
41600
37651
45377
53375
59690
53499
34128
57720
60493
36331
49909
30120
51677
41814
33769
36278
54909
53154
38917
55523
59377
42704
50007
51927
41942
30302
41589
48800
42640
41068
43281
51960
38533
45599
61134
43974
30601
47427
48722
58600
53912
40244
39581
33328
34251
32510
44697
39084
53381
58563
56050
60715
61421
46173
54823
58364
57250
49477
37602
40441
37546
29107
57477
59077
47275
48903
31237
55377
58205
38248
30459
55205
41023
54955
54008
52957
55945
33910
32537
51313
39266
54693
45532
53178
61012
47852
59698
47794
43005
38590
53974
49404
40199
44142
36572
33828
41818
35477
32909
60711
34703
29875
41330
33590
39080
36889
35503
40887
39935
55302
43155
41869
48509
40208
52332
37273
53260
37829
37024
45696
29263
46739
49913
42415
60304
32485
51521
33693
54522
47503
46095
30032
58120
31340
29664
58659
58173
29509
58473
44230
49686
45557
41516
58502
44349
35275
56906
47055
42495
44080
42136
58095
38912
46218
51188
48668
51245
43872
59610
31161
45043
50366
51762
61397
39086
56795
59500
44789
35685
32249
34511
41491
59572
56973
42766
31206
48393
48800
40733
47972
42260
34165
49474
38790
54904
30828
51823
61515
41159
34854
35535
44799
31405
30954
31903
53181
61291
59975
48447
50739
32903
33275
40073
40869
53186
48660
46689
34356
42315
45653
51853
35169
42546
46299
50888
53197
53023
48641
46865
38466
34628
32640
36937
40951
57232
30427
35069
31760
53798
32506
29825
50277
38413
42260
54334
47492
56105
50387
37708
57337
33386
44979
41028
33485
42563
58284
55631
48972
34654
38160
32387
32267
45454
36790
40560
32042
60677
45912
45301
53207
53191
36666
54361
30483
33630
57612
57494
30649
37583
31506
50424
37308
54478
54658
58343
31920
50734
53038
57601
52620
59547
57698
38253
59822
31115
51984
40555
43807
38258
30506
47663
39449
39733
41552
59119
57286
58338
33707
30779
54859
41630
32025
38541
55813
32991
38538
56609
49170
51931
51370
35334
38420
49216
56000
29814
36657
56613
55253
48483
49759
44864
57114
61010
40414
35674
54148
31340
46085
46849
44729
54738
50498
55933
31535
38706
43869
52997
47506
55192
35324
40242
46439
50310
59500
49075
36080
38982
39070
32323
61519
60543
36720
29912
56301
39687
37422
39709
53789
41208
56665
57379
55293
47110
43175
44627
47517
39439
44106
60328
55652
41716
35701
51739
36527
50344
51229
31838
55226
33158
41981
41676
58052
57576
37596
33953
45678
37365
41490
59750
57701
45242
31049
42672
51520
57725
55425
46602
37036
46669
46935
59184
58566
37598
59782
33406
57800
33428
60590
61351
61160
46302
50004
46250
37245
37829
33066
57602
31588
43205
60561
47389
55458
50139
55645
46608
41034
39135
41176
44425
60578
50964
56073
46597
40577
32510
48438
39747
53243
47731
49575
30456
55872
47861
31917
49604
29378
49727
49891
61541
41878
47390
33972
61739
41757
47234
33565
40363
52963
43221
49588
29880
52679
60299
55786
45199
40285
49915
37773
36178
36496
60525
59025
54200
30092
41076
51727
31746
37083
60798
29838
32049
60365
41129
61826
40054
49182
45272
45074
53482
39635
57351
61214
36735
51301
34523
43649
37686
52257
48765
60819
30099
59087
56489
44786
43855
61586
30210
39299
47436
35343
55977
59059
46542
59601
49421
44547
59879
49900
37637
52675
42803
40417
37148
53533
42438
33986
49195
30550
32355
59799
54574
49233
38126
46591
37712
41557
34596
53019
53320
52495
29578
37031
37608
40411
44195
33642
32755
43327
44134
53969
35120
32184
56303
50647
37564
33722
33653
48935
33444
40690
30332
34949
61107
29902
53324
60778
56457
31807
54433
59630
51181
47806
51364
60139
58213
53901
55322
30816
50947
50751
56028
43795
33153
38266
36487
54395
49041
38652
39028
51164
32110
46044
58347
36788
30391
59410
45203
37462
51325
44090
58669
59861
31131
44181
31362
29475
56645
61777
37530
55418
33764
56330
36911
39675
44577
40592
49761
57238
30272
36587
30892
33577
41904
31900
37654
47596
56544
60198
58029
48652
43860
54733
60976
53654
34295
57502
61197
38807
54707
39599
39563
34946
43071
46504
35657
34257
34104
54914
57063
53487
39284
58255
56323
59734
44179
29627
46183
38388
38102
49937
46976
40404
40245
53377
35091
29690
37291
35040
45099
55951
58837
41776
37462
49470
43451
37410
44816
58077
49390
44761
44928
58960
36819
33009
40546
34474
37694
51136
56389
34454
38466
43227
41974
29430
31304
42972
45884
30921
50527
52067
60357
53842
60115
37723
32865
36727
33281
42111
33390
48487
57193
52508
58259
45439
50181
50968
49074
31599
38618
56115
33559
49816
56524
51597
49398
37561
58038
39785
52756
56267
52666
49712
29636
43305
34262
42937
53013
54260
44728
37831
45130
46262
41684
35539
36490
38981
42163
35340
58329
31723
47758
50333
34119
54467
59419
50734
52071
58982
47783
40621
40707
60615
56165
31566
48654
40284
39942
53456
52442
50047
45449
31491
34700
31763
37205
30087
42956
54378
42117
37334
53953
53350
50563
52868
41788
39903
48088
46022
42035
60229
43586
55602
53106
53127
41735
30917
58509
33075
54922
45866
44057
59102
36892
59705
31515
56006
29972
52927
35521
29622
47650
39549
30800
54570
49888
30579
33118
51892
57258
39774
53313
45726
40368
42623
60615
31697
56649
45214
42280
47861
41611
42831
33592
39642
54296
57716
41441
44055
56378
35843
30417
55281
57395
54281
58480
31358
33230
61935
43029
59402
57146
31228
30841
57785
50456
38428
59500
48494
50899
36064
57798
50412
45360
47557
52385
36923
35622
55993
46789
57166
39151
55003
36708
46818
38239
57987
51976
50345
38261
42114
33737
52904
51760
49323
59843
45533
38051
60306
38855
46118
41036
60307
41041
44382
30626
43798
59066
52169
50925
49170
39087
30642
49498
36048
56290
39506
56399
56818
33791
52212
54524
43443
58594
44375
46131
54384
38151
61524
50297
40552
46146
54208
44637
40640
35504
38548
44808
61386
37869
42571
40214
61574
51847
35980
44964
49001
51123
57353
48042
53854
35647
48295
56204
53259
32712
34527
46315
36437
36653
32356
53441
55846
56131
58374
47533
60525
61131
46806
54411
45159
31393
52363
42824
48926
62262
51492
33268
46127
41535
47567
48665
49103
32943
55050
34892
39440
60643
45576
59393
47969
37149
53590
31140
32340
36404
32958
36581
36517
48778
55404
43347
51575
42301
48975
33580
62176
56738
60610
39539
58536
40687
44396
62020
39502
43063
61284
32357
48716
43164
55705
60701
40092
30656
62066
49993
40571
45692
39345
32428
45933
36821
55709
45703
52097
33323
54112
53865
50902
30900
51886
40777
32350
54569
38055
60114
51682
59839
60927
42238
42823
37721
31836
59366
59151
50172
32511
30169
33315
37251
62119
56747
31951
40084
44210
47439
31502
58322
45446
47784
59912
55124
51759
31389
58073
49239
40265
48748
43668
53551
53025
42816
62343
61828
60695
32773
50113
39610
43079
40315
42194
55473
41832
33929
32978
49839
55283
51925
53413
32922
54920
58769
32636
45163
59023
55960
42911
49119
51483
34745
35947
36463
41747
62546
30102
60291
53907
57633
53179
50403
45968
35416
46610
39278
38843
53231
51582
33806
30120
47166
30926
62187
37680
32971
40508
57055
44820
45409
38458
38699
60898
58722
45935
30056
36381
48989
46076
36288
42904
47843
39939
44893
31267
53399
39274
51490
36713
41093
54492
34457
46105
38581
54289
47405
35908
48639
53584
57754
50951
46368
44082
60833
46441
31246
55208
32256
51334
32649
59711
51361
47854
49395
44451
60178
59720
51297
58978
49461
40507
56050
38131
37945
54670
48992
30455
46536
47757
53972
38846
56194
58799
57343
39693
52907
40311
60518
42271
50208
40600
61437
33769
61584
44892
43768
32163
44264
33350
36318
59523
48911
44023
59359
61388
39636
45134
53095
43527
44837
60115
30963
58512
37761
54870
61476
51285
43439
30675
59153
48091
34737
61593
36834
42626
48628
31659
46235
30985
52681
55911
33077
40788
58393
62565
46067
49005
44115
44706
42995
59850
53162
48606
60932
40654
62590
30786
59319
52625
53783
59974
39097
45028
44185
45778
41567
42896
52532
60067
40323
32991
51868
39665
50831
48734
46521
34639
45015
53728
32415
52946
60972
59078
42432
43125
62381
41342
36192
48828
36065
30794
32586
61080
46083
35139
47810
60811
44701
37277
40634
39692
43353
59948
50249
33069
50707
44327
40280
51323
53298
59693
60319
41766
35641
34181
41936
62306
53145
48042
37137
45324
59850
51719
52400
53905
61337
50175
56850
48396
32708
41776
38637
32686
40900
32249
32695
56931
44010
34617
59487
61362
36269
47962
61754
53733
44099
56975
41024
47979
52078
45145
54904
60026
52377
30800
47537
47097
34339
53280
58995
53660
42235
52946
32309
57169
52333
31053
58832
38875
59451
39964
51252
35004
58608
62065
45402
38233
49777
48746
54650
61785
46293
46740
55421
39502
51062
60590
43445
38039
46664
37295
51148
61317
61802
47882
33018
54460
32507
36144
33659
42716
44847
61270
53825
62305
54946
44153
61926
48072
33516
42400
57828
55796
56693
31074
46600
33743
45195
50343
58404
45620
49841
57523
39429
61197
31802
49760
44964
52920
35607
57002
35232
39088
30958
47217
32748
58217
59244
31611
40133
42875
59099
51385
51176
36355
39671
38859
45569
32326
41469
53701
37990
44696
61958
35124
39173
48253
41107
62300
32412
36877
51305
34500
52520
36509
33183
58101
44703
57499
40949
58750
49121
52922
43879
36923
60908
31311
50946
42199
45904
62715
31223
39312
51684
31627
36590
52026
42166
55324
32156
36999
50760
44931
37528
37509
50937
48620
51562
36456
40897
50880
36069
58506
36129
48077
53688
39088
40538
57249
48959
42895
50398
59190
55967
54671
30724
57045
59409
56014
49407
54836
30334
36968
49937
38882
51533
33526
37884
61412
38009
36436
30906
50593
48870
59048
55917
36091
40693
45727
34713
53951
58710
39674
38289
59455
43549
62282
63023
62013
53272
57335
38344
57099
45664
40327
38239
34801
53295
52509
62745
33231
60145
59968
49905
57603
51870
52702
41389
62605
40006
58001
48145
48241
40686
60960
30802
40797
37530
37961
32718
41868
40363
30398
61177
44778
40043
38509
49563
37497
36583
55812
53049
58611
39165
56757
60368
61617
51381
61495
32970
47307
38613
57613
45610
55681
54703
33802
58378
51162
33342
36373
46151
46218
43889
44842
48251
38425
58311
36257
45099
40514
61724
34483
43842
40602
44739
55354
50366
41074
54740
38840
47530
46077
40903
39579
50252
47798
30530
46015
62367
45308
43824
59957
38660
47871
55315
36163
37428
30944
31643
51627
44409
58900
58999
42032
46622
51210
32875
32087
33571
61453
37539
33387
45622
54379
35911
44995
45279
50391
62799
51272
58875
48652
33689
58929
36715
41139
34360
35089
43021
53127
39696
50452
59883
30903
58016
30597
49331
36491
42526
42132
49256
45899
41929
57943
62550
40029
62843
62734
39499
45229
50557
32939
40452
58962
50592
62354
59622
41838
40073
36509
55791
42581
48461
44643
31211
47346
56638
47546
49131
45927
31748
55674
31219
37364
45551
56708
44531
41498
47243
62211
34552
35584
57717
36850
41636
46357
61294
47071
53980
54519
34222
32238
42944
40340
41338
59424
54752
56719
53753
38869
52396
35813
41540
56208
37165
34768
59836
36347
45299
36843
63136
58923
57679
46231
50911
40228
40642
51614
49962
36000
57524
39703
45134
43788
46441
59786
51905
35028
55858
61780
49274
45792
41952
33100
32006
40543
52094
58534
31705
33219
62272
42008
38114
48908
30646
57916
30562
49994
57669
55094
50941
32605
35288
44950
36626
56832
51923
53888
32840
56070
51017
54026
44137
40930
42606
37093
46196
51565
53839
52288
40173
47844
36544
45289
48248
41520
31894
40117
30886
37227
56599
42275
50447
53663
43439
41020
39073
53969
54245
46269
52535
56638
49548
46456
40301
59364
55614
52216
46259
47172
45830
46692
34209
44903
49501
40101
55947
59423
34392
49355
54356
35471
43295
36525
52103
30957
32673
52944
51107
47495
57478
32907
32951
49668
53605
40808
40751
34797
58680
55244
44526
31340
57101
61147
62109
51539
60670
57750
41026
40287
36706
32582
38932
42431
32837
33566
44174
40656
44822
61724
39618
46635
42144
47664
44528
61409
58172
60320
49495
61701
38724
60843
37963
54123
43978
38253
42120
59056
38794
36354
33478
33402
63006
56558
54669
52737
49521
34236
32331
41167
49014
37094
38052
57540
30746
31221
44041
33116
51063
51433
38796
34869
57418
56027
40946
47819
53927
40417
57354
55686
60139
50226
47934
35832
31987
45707
41576
57951
61323
44497
39655
36978
39977
35831
48113
50522
55004
60450
38442
50430
45695
47627
47478
42627
54578
32933
52492
56339
61707
53249
60877
59358
46344
47726
50899
57951
51784
44260
38988
46561
45435
42659
41097
45889
38040
37911
39762
58357
57550
53503
52093
48461
48316
38350
49855
39161
44772
54353
56257
38604
34909
51091
39542
52160
59337
47870
59053
57913
59527
52418
54498
36750
53802
44923
61786
33477
56361
44814
49519
45214
55767
31955
61224
41172
58006
34554
54028
41119
51784
57127
53304
32381
32263
62560
46768
45874
39190
42025
40947
39949
50711
59117
31186
43630
49278
39840
45953
44165
35397
46755
49391
37724
43490
55272
59475
55832
33910
35926
36359
62076
43079
48751
62106
55982
39792
39472
38689
49214
33495
59448
48077
54372
46432
42029
44227
46473
36704
53852
53543
37385
39509
55455
45178
59448
56532
56964
57895
34723
59074
30891
39768
47000
60871
41840
53006
42728
36352
53450
38001
35051
33524
36211
51045
33733
60618
33098
38749
54248
62905
52981
63604
51418
60351
38602
43706
32569
41622
41200
52171
31740
45540
62145
42663
36091
58290
54131
46525
37554
59167
33784
35657
38721
39765
44578
37856
54968
34493
53003
59209
40082
52847
41140
39823
39551
49645
50924
52820
40039
53008
50036
55400
48555
62018
62816
57243
33710
63214
42944
47823
33172
39989
62336
56401
59721
61923
63629
46697
44485
33185
45625
52783
39567
39020
60129
61601
33920
50245
37581
48627
63434
55850
32343
32550
34617
38982
53072
31196
41144
47205
36255
46699
35606
34474
45867
60464
61706
53380
44796
34854
40309
49118
41885
33206
52456
63126
58564
61905
47206
32305
63540
41021
48491
57293
40419
31532
50988
63574
41816
44307
56609
56573
34392
50361
31425
58342
43713
41871
38029
42273
42934
42559
61007
34780
61436
48007
42660
45015
55716
56648
39864
57112
51435
40922
36177
40927
33374
52131
40975
51932
59458
46312
42482
48544
42802
50658
53276
54610
38410
61205
44504
33187
52484
61917
40156
33795
47137
47434
36555
44822
43211
46381
51198
47713
43704
60275
31620
32330
40977
46002
59495
44095
59604
53506
56369
55093
39287
56846
48815
57428
33998
49003
35573
39920
40238
36904
55714
49852
61651
48294
57446
33594
50559
49065
35521
51062
38756
46512
36877
33524
32580
47746
43710
40167
50135
50442
54505
51875
39533
62820
44547
61013
56020
35128
60908
52722
43644
59975
35115
46701
58073
35651
60028
57133
46857
34532
58760
41406
56503
46392
50931
55751
48191
43835
42395
33084
60434
55463
55583
56532
31581
47117
47519
52414
53221
50469
36035
38288
39733
44387
50175
46464
43772
61130
61461
39382
39089
55557
36315
51361
40056
42164
36926
53929
34633
38148
52103
41382
43087
55170
42461
63151
41358
38449
45323
44277
61385
61401
37252
38065
43427
51875
54948
31323
47620
46307
43065
44573
39358
51253
60738
40839
52337
49867
53239
57732
42156
51973
49929
43661
37716
37186
60458
42268
34378
50167
38864
42084
39496
35326
39478
37183
41996
63280
49572
41832
54457
44853
48625
47850
32122
43675
41286
60888
46696
53798
56868
40511
60590
58471
59049
44121
39914
55696
53519
39171
46807
47495
42357
44145
33578
38969
47330
62753
60601
44081
47495
45837
37858
45929
53316
33573
39723
39520
31598
57084
63526
39276
34512
50370
52120
48210
50415
39794
34009
34836
60819
42828
54398
45834
50562
41606
45622
41780
62351
52799
31218
42703
42707
36788
58441
39718
62011
60854
56858
62891
33091
33372
33651
58182
35328
46325
49585
61933
41060
53312
58601
63605
52926
51424
38023
45224
38784
51210
33589
46999
50245
52865
54783
59442
42514
33732
34484
50197
43740
34181
50575
56997
60491
52062
40470
32348
39870
62144
58179
59489
61327
34604
42722
35420
62872
39589
49210
63112
61174
49765
42479
58890
39180
52175
40743
46465
34763
48549
36844
36830
62769
63867
58578
47990
43536
37227
57817
48469
58385
42507
55444
50901
56568
57500
35211
41328
55082
56708
46303
36051
54124
39679
40492
49971
54253
49169
34739
38884
53383
53183
59577
58408
49218
40062
58154
46661
56346
36844
48258
63194
32514
39614
56813
63602
50984
57593
40877
42330
56443
63078
58301
49072
32875
48959
50100
59325
51951
51503
54763
56453
47309
45178
52706
43675
61206
58743
31712
48442
55279
58951
61402
34194
31895
49345
50070
44128
49318
61612
53265
33217
58003
60977
53789
40776
58745
32911
49742
61518
51227
43281
58391
38025
44325
47678
53297
53473
55477
61263
32316
33406
42777
38886
37289
51238
57563
44028
60887
54726
36858
56347
54652
42574
47739
61902
39239
32706
42528
37975
39364
32142
35192
50591
41087
38171
52760
43891
54380
51359
51239
63724
52614
31801
34592
35887
35767
41277
41939
37975
54520
43981
44973
54192
48825
34473
43322
53798
59011
63815
39400
37885
40412
46119
49422
43202
36203
63329
61484
42625
37724
34688
31861
58680
57606
58514
59786
36492
39883
63360
45449
54715
34112
43420
52806
60370
61070
39545
59352
33824
31513
59391
52312
31978
63071
48318
38117
32864
49442
39043
39915
45520
39369
34601
43173
47898
50180
47538
62433
52836
54191
46487
59908
61454
40697
36443
52813
40168
39877
56678
41822
41123
44112
60433
31992
45190
40724
50174
40710
40546
58861
39338
36317
47048
51323
50501
62402
42361
38343
48577
32684
57118
39209
51753
41292
34618
54889
56628
50763
50012
53540
53018
31955
58521
58225
59814
40784
62521
59333
64140
60792
63665
47636
57342
46729
34514
54329
50042
63697
62271
35224
63206
39540
47140
42498
42974
40810
58149
62425
56653
32967
40853
60788
62266
35135
45289
40388
35045
56041
61804
62520
38163
33347
43316
36831
38054
47735
53588
50637
34672
50908
38739
59071
44873
34240
46301
34818
50527
41061
61369
54160
39374
31817
54779
41853
53617
53674
35451
60561
46583
35658
46469
48183
52281
54128
60882
52629
42186
61999
44471
63997
39632
57578
43165
34948
62739
46872
38065
41200
40276
54341
48349
58840
57824
60249
61174
64006
62821
54045
39479
62752
41219
49147
45550
35720
56486
51974
43125
60800
49556
59962
38500
41362
35650
48644
57861
56879
39532
55301
64264
42646
44644
57107
32376
44791
51371
46208
55022
52184
61118
32415
44293
61625
48690
48261
48141
33267
34563
50957
57092
32230
57386
58143
59842
49491
60013
51505
41587
60167
46459
50701
61258
41658
64312
55509
35956
50998
42326
62021
56907
51132
53541
47417
46029
44195
50604
63599
36172
37698
36856
39309
47974
41232
47540
53606
59960
45578
52730
57721
60623
50773
41065
37562
56543
62245
35448
52630
58040
56029
37641
62257
47477
61560
46146
56306
50039
35367
45976
40769
49938
34619
49196
34959
35717
36166
52059
56727
48688
41085
53136
55780
59393
39777
63837
33684
37680
51615
59083
48475
41260
43572
61678
47563
32981
40148
46012
46034
38123
32397
51231
36996
57030
63912
58440
52762
49480
36048
54855
58427
61457
36214
36056
63867
57073
43379
41600
37410
50595
44015
40665
39982
35768
35202
57898
31899
45265
63386
61243
33249
34065
37661
34664
57279
50642
55887
52467
38967
62103
32245
57247
62938
60994
52667
42874
64325
49288
50131
49658
60396
35745
62431
50507
53782
35396
57617
52712
42537
43474
32656
35433
64296
38098
58654
47515
54394
49565
60665
52950
35053
55642
54014
45195
55034
35629
35348
50461
36427
40876
53704
49650
62074
57491
53045
61641
47900
43192
44327
57166
54526
45121
34688
44267
51374
59668
42458
60130
59965
32655
51565
49817
46660
54138
37427
54836
32805
32057
48971
36713
54675
45894
52892
53392
47957
41951
49082
48122
42822
38652
32269
34180
56225
60548
46640
33388
34683
51904
39575
60259
53393
37136
56181
34019
43588
58077
54748
41410
40418
57038
48678
46088
59431
54847
51605
57342
36868
39151
39734
50567
55966
43256
63499
62387
49306
60165
34408
47762
51352
42687
40094
53062
60157
60296
58071
63068
58102
44396
52289
43101
37050
44628
43887
58527
53519
34685
58876
42593
60943
59177
35697
45079
36140
54933
54120
41219
48754
39978
50930
35077
37132
36343
39223
61108
53514
59487
62300
64429
53857
32015
47018
49964
60723
52788
32748
55001
36689
59882
56088
40420
34559
39415
36402
41555
60151
48057
56430
51355
50096
54365
39573
42350
55775
46418
37289
58837
52799
50429
62668
32126
56973
49071
61022
36695
64471
34004
34918
50268
38391
50285
62515
33964
49243
41152
62787
50915
37895
38989
62307
59812
62172
52229
63512
52085
36890
62903
39742
38096
57892
41675
41711
59510
57731
34610
55974
60935
47406
64669
58788
60112
52232
33261
37011
56548
45995
52971
58986
52334
40036
53306
35984
51013
41598
40842
43588
47809
38084
52237
57148
40910
49217
34607
36236
44350
43338
35202
64202
33892
54719
50167
35952
35806
35981
45396
41857
60594
44663
56290
56176
58781
35863
60262
45117
59559
56607
53075
53217
46843
48357
55614
39660
61174
53279
56210
39021
49278
63466
41093
57618
48021
46610
52555
50576
60717
42637
34185
46149
48702
45640
58124
41500
51479
57127
38331
64178
39154
57671
49098
56247
34762
53638
57905
40854
44657
44357
60765
64344
39645
33644
51749
46021
49346
62127
61183
44493
55399
56592
54644
56871
40882
62629
58321
56376
45444
34204
40736
39990
59213
41340
47446
38029
63703
36781
53198
53890
52838
42811
60918
49686
47363
62935
43081
44333
34069
55327
58237
46575
39729
59167
39933
53359
41779
57111
49561
32650
56718
58238
64380
55571
42720
50248
59487
38189
55754
43109
44797
44279
33534
49546
62151
52335
39833
60723
32984
39824
48564
59113
51499
41662
34613
61376
63500
52836
40683
36645
50124
54748
36827
53462
49849
35215
61140
42034
56653
52317
32330
49331
45222
48191
50273
46009
62774
52778
51015
64393
48572
57655
58311
54165
41587
36098
61979
38398
44169
44879
44290
54871
38354
64756
36627
39340
45246
39411
39505
53186
35977
64742
48639
61857
43441
41376
52918
59728
53933
53009
50356
42720
60636
62570
46199
34475
54716
57730
46475
60638
41052
56952
43936
47669
50964
59035
42463
32262
42355
35462
51326
35201
52857
48527
62610
51254
37638
37475
41509
33240
52371
43754
41097
59712
49184
57201
45291
40116
44397
57607
44843
64362
56941
56103
48364
62536
51960
55448
41703
45550
42176
61330
56452
51190
57222
63778
33195
50554
35214
55247
33495
53463
34896
37246
60269
45233
36208
49299
40525
58936
55280
41049
49318
48297
38309
47268
50958
61975
63719
60597
55506
56683
54925
61789
64906
46506
57369
61030
51441
56950
52783
53038
63732
56792
36684
34453
47625
57148
52916
51737
34242
59325
59308
34880
53154
40867
39146
40503
62511
54570
35914
37048
40520
40070
34498
52272
38585
45347
54424
45090
45581
64561
50642
59846
53412
58464
52975
57847
42245
51944
41428
49740
46196
55757
54025
54660
50632
34657
57125
50983
45687
62218
42119
34410
52723
32581
42311
53331
55097
52459
42348
42271
43174
64436
63840
44257
39437
54265
39073
53099
51464
48574
51384
33649
48011
43247
62575
39148
37055
51946
33599
33469
46093
54590
50440
58259
50808
35250
50693
57870
45617
53130
40702
34853
40037
44549
38335
45509
43354
53290
41418
52922
50874
62916
43337
64467
61487
62892
35398
46913
41519
46406
50206
46145
61210
47438
54579
37371
60034
46037
41186
63913
57033
45958
61877
59387
33010
55342
60377
42426
38577
45180
33746
45997
49860
42245
52589
44473
60294
38026
46838
59723
61378
34174
33964
54011
40389
37059
41074
53097
41143
59829
37319
41835
55339
42857
45560
42859
52724
45878
61588
51722
48698
32885
48161
42505
58830
61830
58125
44906
35515
36372
33000
48082
62238
61081
52176
59954
48695
33060
54828
44454
54207
35674
39069
32670
56700
36282
55345
64827
32532
60454
48346
62460
49183
32671
44063
41369
56447
62801
48146
43823
61172
40655
53890
36766
43499
38815
50289
39215
37527
58361
35272
37499
62019
60620
55626
49800
61927
64770
49351
62516
37881
41989
36242
36055
32901
41346
39221
63012
55168
48749
52834
57168
64858
46917
64045
39287
38354
39833
48505
37691
41230
50891
45744
47022
61163
54804
39864
46194
56466
49096
44066
60190
36940
61403
50084
37348
42903
36261
44233
51057
35705
52962
46055
40469
57108
64509
43602
57892
48251
35214
43471
40860
46020
60193
44107
43783
49246
33593
52173
45475
43173
54420
48810
38081
64436
55473
58360
37995
41338
40848
62532
36169
45329
40121
43656
52678
33098
50559
63831
50798
42893
58502
41051
39322
55520
50819
46593
52816
57669
42051
63859
43621
42313
60911
32967
63460
57818
56206
38773
47540
40537
59083
57615
37748
34032
37368
37932
59562
38182
41044
57766
63261
58544
41865
56325
61567
57994
33401
62266
55119
53319
56634
55441
41726
58790
62047
57057
61265
53861
59770
43781
47878
37466
42719
51344
63930
51135
36010
63165
64778
36814
52483
49573
63737
34190
45472
48053
42897
59116
64652
60254
53198
36877
50727
49422
46007
49379
64623
43360
43470
57598
59261
36752
58794
46501
55122
58417
46051
48678
57044
64546
44334
43626
49172
56254
42185
40908
60882
49747
54810
49195
50755
35285
38291
42814
60178
44756
35032
53800
55972
38060
43556
42317
44704
55804
39657
33891
41903
53593
35254
45260
52864
62019
44894
57891
41488
54871
42839
52501
43816
38599
42848
35954
42279
40456
55910
41091
52225
49610
58025
63647
36744
47405
50971
47865
35818
49970
53256
48828
60283
37231
38652
60506
38325
51976
52706
63520
53117
48090
33129
43791
45224
33785
55980
44519
37566
56157
42001
35460
56574
48600
38257
55149
53666
37707
43898
49579
49252
43034
36434
59607
49728
35293
52093
49527
57980
40025
59137
61835
55526
64174
34760
56162
47453
63697
49989
51890
48274
55613
52315
63464
34320
35558
35194
54717
35706
33647
54795
56586
33044
35228
62222
51933
61317
33802
60161
33996
55004
40990
60676
38793
33488
58683
58172
33719
62540
34872
51317
52476
33835
37649
33035
65368
41792
46300
47882
40629
56217
52735
39316
46271
63236
36001
44931
61685
61139
44382
36176
36608
35037
46143
58932
63300
50629
45545
37004
52662
33919
59668
58754
58093
65295
59455
50154
47995
33940
60322
47722
41341
38022
39781
40158
62577
48956
64015
35066
43848
61361
38721
40497
48316
33415
55972
60630
57828
52812
64288
57474
59142
33021
63055
43445
65196
63176
39985
60096
51962
60950
33569
44002
37182
48329
63495
55985
52169
60098
48848
55483
36350
54695
46875
56686
61096
49635
47413
44853
60561
64750
48968
63460
33104
62670
44751
47190
54882
59614
54861
40788
53372
38862
62271
51129
58656
36587
54351
41428
61039
65184
60362
35854
61758
47165
58964
57037
35179
47352
39387
61336
61553
58930
57545
53115
53819
57083
46462
51373
58422
34519
41469
57200
62122
44482
55269
55865
55370
63859
33956
38161
37898
62430
46567
42043
61744
58108
57940
35351
62894
52686
60028
33862
35503
53920
42507
46095
37744
45707
53570
42497
58961
46653
61096
64730
56364
53245
61692
50088
59877
40681
49517
43822
63554
46978
62990
46729
60925
54635
52356
39700
40984
55918
48385
55176
40049
48832
47479
50792
33430
54918
60677
44956
57050
37015
36790
40283
48041
37508
41578
63567
56600
54742
42772
44788
56000
43670
43302
60482
35789
49939
43594
41355
63826
44255
51027
59302
51936
56091
43379
64333
57686
42484
38830
55492
37882
58222
48270
47803
50121
64865
62489
65654
47372
43200
46592
48939
65324
41505
61465
33452
45767
37754
58639
65861
62979
34601
58201
50920
65315
35896
59496
39815
62808
61406
33829
43202
36825
45129
37018
41666
43829
35994
37359
63589
51432
54834
53913
52891
44333
59180
36814
51984
36628
57898
51772
61963
36564
40789
36602
39830
58978
60063
52415
50143
34883
63308
35154
47838
41118
44208
35649
63288
44181
45114
52182
36963
39893
53425
50503
41995
45164
46782
61741
43701
37084
65195
35639
65443
49261
40810
60448
40951
61895
49881
37086
58651
59327
62276
41501
48735
55410
49707
36843
44516
34448
52294
38325
36026
34043
48839
47730
55877
55441
49631
41246
39653
60485
60547
48490
35285
35701
42352
49330
41556
54904
38253
54063
50179
58742
36560
60782
63119
36220
36419
58880
37007
64463
47304
34676
50608
39809
64251
49794
57359
63811
44439
53385
43238
39290
58172
55868
50283
62613
50032
63127
34037
36253
38627
38425
63841
55053
59639
44589
47796
55781
57983
47337
48385
54010
49607
56570
42894
47760
37846
53727
63538
59946
37615
54358
62977
54433
52830
48916
46892
33908
65393
39865
48674
54367
44996
49155
61947
38447
38081
52034
62999
39892
50280
38924
42242
54968
42828
63025
45723
65871
52190
49393
47478
34544
65262
42349
46974
40419
52591
44380
48607
51131
54139
57855
55331
44005
64663
39767
61082
65666
39223
53141
43008
62834
60805
63186
36442
54705
40286
55040
64289
53991
39325
52257
36514
44858
62109
57527
46757
47463
46073
51835
34893
53009
44438
40785
61759
55641
52708
54908
33798
63406
61792
59918
58295
52454
52062
44195
37584
41614
52229
42831
43366
54911
42907
37845
46720
50866
58115
50970
53438
44886
35203
40921
39486
44831
61387
52631
48063
58848
43059
33754
39687
57692
35909
60822
53379
52314
65403
62696
41006
37879
53065
45830
63923
63296
54366
40055
50134
46336
47400
48511
63248
52183
35222
39646
52089
65676
61473
35514
65004
40612
50189
39385
61541
42804
52460
53523
43437
57843
57189
61191
63546
33939
46899
59918
48208
58450
45680
52845
40301
58828
53780
52431
44772
40723
41913
36082
51144
57345
63649
39072
37387
38093
36345
62177
38119
46813
35423
44911
48765
49115
62627
40554
45245
54027
34762
57421
54661
37084
34905
63009
65037
51389
65232
41456
37250
64817
64372
43901
36593
60966
51025
56626
58983
40323
42624
52570
60759
66048
36774
51088
62011
56378
64701
60023
45950
57863
47383
52652
48538
46086
53407
50169
62590
53627
33891
36300
52274
65114
59471
36839
62653
53154
36411
57944
64839
53740
57897
52140
45691
65092
39879
64608
48175
61751
59708
40600
48711
38957
46880
36371
65750
51450
47564
52319
58247
63407
39893
34121
41020
65206
62931
47000
41204
44318
62311
54779
60658
36659
51580
62527
61724
42322
57804
54469
42913
64763
57254
59956
58078
57384
57839
41323
49027
36573
42600
34746
66033
46849
61998
41297
58087
40556
58247
33784
36702
45889
37083
35329
57265
63102
39169
45435
35329
62673
35005
64425
54232
49582
47494
57523
34572
43166
36236
43930
44519
35034
44281
53873
55940
36632
43127
40651
64892
49573
42227
47728
36803
37556
62625
62548
37836
60662
49473
53705
45556
61034
43936
49139
62493
50551
33889
63868
58521
58424
66045
62602
37963
65047
38921
60654
52232
33693
54200
56991
60739
37000
57760
33894
50666
65566
41153
44762
56203
39874
59075
34703
61883
38853
55679
38027
53176
53886
65985
36857
35149
35229
64332
59426
52982
63932
58911
64408
35141
39991
64759
58804
50052
63294
62741
61251
43420
46120
35649
63357
40246
61450
57871
59703
42527
64137
38241
36953
49649
63212
42797
58257
55024
37750
43393
38473
52786
51954
51652
34519
39171
58511
41278
56564
42375
42478
61147
60528
34465
60282
40491
45092
54036
39672
49070
61735
65512
42078
54863
60997
47632
34025
40494
38828
66377
65642
45218
45801
38469
34017
43391
64275
54793
60492
45460
37190
52372
37057
37496
53587
64705
59067
46983
57014
35694
37298
49191
64969
33758
42734
34640
36151
47964
37532
50251
46002
38945
54050
43193
38377
49016
65200
40920
43188
61216
50967
37634
62354
34290
61407
55158
55126
65475
60051
43355
44317
59532
36192
55298
53635
35529
38879
34668
61463
56606
64046
43788
41740
62272
37445
40397
47921
62995
54151
64343
50211
59152
35992
40590
39104
45802
49007
59740
39904
55153
49068
47537
59712
41142
35627
45000
37567
49520
37081
43435
48589
51870
55750
38905
46368
50798
51324
36839
49832
64094
58000
48773
58822
38049
55414
41283
47545
51396
49049
42931
41049
40849
45739
41616
34055
65076
52282
41984
52196
43164
44933
46358
49473
49956
37773
33947
40279
38771
33903
62222
61496
41120
52976
40937
35334
41626
51802
56358
45923
53448
62599
42498
51752
51180
37947
37377
38490
57165
54711
50482
60250
38165
38282
58548
59739
39416
52651
40569
62233
49174
55493
44874
43977
53539
65490
35339
37195
36805
34283
66625
34471
59453
42590
43985
58039
37962
47362
43530
55073
46666
61639
55270
50057
44963
59537
59277
51460
46689
62023
50971
45519
60961
56358
41123
65857
34861
41052
39796
49150
44776
45778
49819
55406
49261
57673
46249
38765
40051
63912
65718
42308
35188
43668
54437
35544
62734
53826
57514
38690
37801
44937
37898
47327
41818
43324
38690
41097
54791
40886
42667
48773
42700
64694
46140
61854
40606
62830
61456
63922
52270
45782
40970
66219
62224
54342
59382
56241
46621
65604
59154
44703
49430
63387
52941
52147
46474
57005
54990
56713
57081
45321
45624
39242
62009
37696
59949
48929
56345
63221
49553
65262
58181
50484
34320
38207
41321
66309
62050
46204
38809
42048
34253
36449
57841
65698
62700
37297
52856
40737
38832
45097
56138
52093
63652
49331
57335
43544
59765
53725
58918
48647
49329
65673
62846
38249
42191
42726
54982
36855
34928
63391
37450
62429
48100
55634
44417
50377
47088
38467
60398
37185
34254
46162
38724
43577
59510
35114
37581
63717
43804
57020
48652
59084
47354
48108
60066
35870
57935
42377
59758
38983
62120
60291
62200
43204
64606
54872
61200
66101
64864
51408
57266
57268
49458
43498
62253
52326
42038
43798
65924
47951
39979
48804
63765
53611
43507
53885
65144
38394
39065
41745
50090
64795
44434
47760
55915
65692
44611
61533
34276
47889
57028
64704
53133
47395
56804
62683
58190
62763
66157
49887
63205
45312
40361
61055
49287
41484
50980
51621
49354
41894
38324
54628
58306
58268
59831
62255
48490
48398
44188
46664
58694
46467
43429
59770
46407
53302
58346
40203
61423
43953
36258
53485
37301
40349
66718
36660
53675
49369
63510
35533
38238
43465
39848
38508
56318
46321
35742
34758
58559
41922
50800
56065
38014
64435
57225
43624
57000
56212
53070
52836
46424
47903
66653
47527
50367
51409
39442
58795
64969
55800
55376
58203
46077
41228
57470
58384
53926
40514
43983
52926
60720
65119
48839
46448
44756
56266
46587
48881
60792
38374
36888
55500
58320
45726
55590
50551
54986
65090
39694
56012
43561
56721
46938
66744
43119
34327
36413
57399
66049
37049
38611
66176
51078
39566
52393
49276
58256
59376
38528
35453
55166
48595
35406
45101
49057
58710
45702
41157
58013
36248
47257
64383
53266
65485
39101
66637
53884
55697
49901
53451
47192
49531
52529
49522
47241
51702
39711
39695
62969
63052
40610
54388
59011
38404
38394
60526
41233
60014
60164
56311
55041
51836
38844
63660
64718
47315
46080
56193
58860
40994
37015
40883
55283
43443
66417
36350
55552
57920
51504
34833
48472
41223
40936
51263
47183
58656
65315
51575
62569
40207
37161
60278
63166
35990
53630
42811
53667
50381
62635
59323
60038
57972
64833
56023
55066
34439
41500
52875
38325
48403
59877
61032
42230
50761
40922
62788
48810
62928
67026
42800
47600
40032
59259
42922
55452
44941
62183
65556
66522
41952
64071
60005
48148
44332
66294
46111
49173
55583
50617
52609
44910
47128
66629
55549
44056
34872
55297
52972
48988
38588
56846
35201
67056
52106
58501
52475
59235
37641
64767
40991
56506
39478
39003
35046
35420
37109
36795
65907
45355
59044
48848
47431
47860
46326
37720
63160
58889
52479
46564
44191
54316
39563
45023
38994
65711
53684
45772
64466
57818
39604
58575
51269
47501
45047
54895
52390
55590
41589
66970
48315
56485
47166
37353
42055
41231
39254
67110
39554
64016
48836
56076
51654
60131
55270
38733
40843
58999
39431
45274
47253
56010
44595
37726
56684
35737
45386
61451
41741
65596
64084
47770
66527
35020
39700
63373
66792
40582
52960
49080
47937
41844
52144
40191
50631
50506
43380
42081
36628
34702
54187
61750
60334
47355
47409
58804
59517
55336
44632
54456
56707
43877
46395
63684
39111
36837
41039
56387
46482
50211
49979
38677
62430
45438
42474
66887
41996
63782
60894
56098
64213
51260
61895
47720
57731
46901
43860
44250
38497
47232
64329
43005
45424
55912
62418
65054
57691
57403
40214
57492
62637
63148
59408
55109
66370
34678
50074
53612
52219
61506
34763
45977
39606
41163
43907
34553
51838
58432
63556
44503
47102
55786
45124
49507
47164
57614
56000
64690
59268
64533
43666
55559
58529
61162
45830
48977
52308
40100
57066
62196
35070
59493
56804
39372
51872
40321
64521
66927
47877
41699
38826
41395
49726
64941
43377
44145
61263
59167
37549
39560
55592
63930
42475
52772
35799
47525
40390
66112
54779
64591
62976
36713
35452
62294
56017
60869
35449
57000
41598
38997
43906
43496
66862
46455
52744
63763
67322
43183
47121
59491
51267
61862
34864
66419
45128
64627
54453
47013
42487
50970
52001
50625
51972
65618
58333
63198
60729
66444
65067
39046
41485
54832
63580
66581
49271
35370
38980
46434
44292
43429
55275
46241
44072
36886
60037
55176
44753
54397
36260
40369
52546
43240
64173
44096
58399
54072
35976
44229
34756
41767
60828
37732
49627
35210
57851
36915
52526
46292
66009
45027
50105
55004
63555
61347
62212
63456
39438
51265
51888
64201
59661
62610
39247
46768
55175
63253
35705
51618
57319
41683
41244
34976
50358
43913
36115
45290
36039
65801
45818
48766
36785
63966
46913
35803
42626
37167
54656
40714
54450
48102
61706
51167
64854
39184
37829
62333
63638
65927
53049
55576
40289
47823
46054
58367
37728
53567
53979
65241
65832
56673
64900
42030
60083
47259
47044
55338
54289
58638
36931
61342
64603
44222
54026
51272
50409
48115
51789
54868
39108
47840
65927
43810
59486
43651
48845
55626
36225
35020
42587
55774
43910
65537
48244
55023
57287
42337
47465
65362
54871
35592
58359
51107
38640
43282
58837
48267
40492
57859
52878
51775
38648
42599
47245
40265
51270
64437
50294
65675
35587
60025
57021
56449
56393
38834
66417
48070
57301
36217
62552
63706
59067
63204
38209
63778
52824
54058
58006
39216
52105
58376
46641
44613
63002
56163
52848
49428
43138
35886
52108
58825
67533
41614
38694
54602
51161
42812
59939
43965
65477
53804
58554
61514
41639
61548
60619
51746
61565
57678
50803
67264
62311
61129
39645
54639
56595
66845
57691
56332
55416
36278
57013
35085
41927
61779
44737
50882
67230
66919
35891
62427
63615
59583
51895
50475
35714
37734
46909
62635
61254
40390
53908
57794
41005
66319
39483
67267
38601
58077
54132
59320
35729
67093
35993
56926
41689
43791
51379
59248
38145
56571
35145
54568
42732
55933
43638
35588
67251
53147
50494
42694
57499
59097
35874
47806
49221
62882
54770
64843
37413
51178
51939
37280
55605
53010
59362
52676
60651
47116
52263
41436
54120
44223
66828
66733
35826
50349
52256
35165
56740
59603
60279
66169
65124
44752
48197
54845
42518
61258
62379
59407
57871
39822
45521
47948
48333
38518
67381
45895
36325
38032
58435
38031
67132
51068
42789
43889
52346
55446
48092
48062
48572
63190
66192
40399
42634
64500
61476
44229
67592
60623
40206
59925
48496
55567
46694
64069
38335
56841
66876
57072
46511
53476
65583
37392
54758
54266
39739
59005
45421
56193
51667
53680
47203
58731
59184
66253
56051
59530
63720
60129
65667
48888
65474
39527
65326
36790
51913
38930
42869
64403
65695
38086
47153
37200
54036
41191
52940
52481
37111
50903
42929
42678
35373
44730
49921
62555
63999
44925
49544
41693
60344
61718
36335
35471
52592
66573
42547
58059
42275
37435
39254
39132
39942
36050
36180
36379
54298
64413
57688
65881
48129
53641
49200
42877
54545
60005
46846
46958
40871
38374
42033
60724
41405
54254
37556
51290
48063
42509
54629
35222
49051
39497
63177
45996
65048
62234
53502
37775
48744
37049
57841
37833
54272
65434
45009
57118
50855
53303
53699
38508
49357
39952
61655
40406
47135
56304
54586
50465
66648
62321
54190
53086
55386
38338
44856
40394
53629
59304
49944
66034
37159
66243
67838
64283
38045
48659
53115
58080
48920
57275
46262
52509
51740
39940
47456
40716
36869
66980
65514
41390
58595
54081
35829
37741
61831
40497
38410
64767
50398
65156
51083
52621
36734
43076
62185
66069
48511
60923
39960
56333
57996
52342
58688
60233
44089
58313
46006
61214
52887
65939
41258
53960
40711
41091
36130
51465
53579
65819
58023
51987
35555
49076
58941
65192
49302
35779
40985
51072
37455
58458
46735
67563
39210
65010
52426
54455
56271
46439
47551
41044
56575
46148
43875
41270
63596
43585
35356
63355
65998
49162
45174
54734
55859
42818
51992
45451
61334
60360
62710
48675
55988
59961
58312
47043
36635
36790
47290
49456
53636
50919
51557
55542
59490
46655
62718
43457
47803
45954
55757
47627
53559
36997
65249
48887
60791
42294
50691
38525
43943
47835
47592
44232
57943
48287
36011
53468
46214
53578
55930
48252
35328
49744
66703
54091
57835
54285
47201
56625
45980
62287
63260
49152
53679
56341
45391
64600
66390
40342
51941
61896
51185
40837
39767
44597
63711
35988
48672
52352
48532
50743
51056
42595
67052
50602
45348
56732
65215
36405
37878
65614
46262
38063
65777
52388
55645
49217
36649
55223
56953
59500
61864
39858
56219
62541
43435
45364
61941
65312
43279
47093
41581
42500
63750
45741
51696
58109
47374
55857
47113
39231
35364
43999
37810
46762
47668
46909
66154
36497
50133
61149
50567
53695
63027
65668
49614
51132
55628
63626
42305
44364
41568
46212
40760
56377
52386
59681
57011
41042
43572
48978
51951
56756
65874
52398
43575
60488
68046
60180
43773
52365
57020
45970
66345
39320
47214
41093
39345
56409
66211
39682
61034
42015
41723
63349
46110
67678
66478
42376
53470
63409
46718
38727
47257
63515
50154
41857
54766
48274
64165
59249
62783
46014
54086
60317
58887
62462
48193
36863
50797
43180
57878
66403
44313
58530
51144
51728
42310
65020
50065
38826
45336
55072
46036
65623
50736
47356
65619
50465
63615
41615
48034
49052
51031
45483
63708
45256
49352
67833
43412
63288
61225
55101
38926
61556
50421
58331
53679
67997
64217
50331
38323
49999
37898
41129
39966
44235
64732
42208
51445
39510
63377
36167
40877
39644
52078
59356
35556
61657
59925
62609
52303
37498
65294
50837
43252
62719
40359
35540
42393
42851
65790
38849
59260
65599
37468
43603
36164
58092
43460
62541
37944
57319
48332
57283
40367
46202
61356
43994
43207
60825
48277
50895
37978
45579
42308
67899
64814
63434
41686
46741
52332
43179
51166
59128
68180
64065
51381
48678
51502
64767
56849
37838
48260
42654
46553
61706
53390
56254
58936
67372
54766
48336
38641
66490
38302
47667
54514
58807
57638
45981
50219
47140
62226
42685
41888
54727
45987
45343
55229
39467
46533
59727
61162
41960
65601
54081
54368
35876
63284
62448
42299
46938
63936
51270
56272
41819
67585
41788
50496
54930
66882
46914
62798
54411
60017
52961
44141
48055
64721
63647
58397
61545
56559
43555
62840
63781
66007
40601
36360
61466
62599
62552
59100
44525
57252
52674
61915
37304
51052
63852
61784
68179
65004
58752
44518
50386
42867
57951
48749
42062
58182
63626
38525
59113
60565
54722
52963
39948
51118
38254
56442
53235
53105
59454
43332
36972
46852
57102
50105
44763
54216
56589
39007
58242
50059
62750
59803
46591
49919
46718
63943
53014
51306
44199
39812
38833
46752
38517
40018
51493
48175
39048
48478
53943
45785
61161
44698
47199
37703
57840
49171
52940
53499
66149
48512
63655
45703
61669
43030
51484
63996
46215
49828
44951
61862
58560
41947
37067
45302
43652
49901
61689
44480
56494
45659
37743
60839
48034
64775
45903
60373
36913
55697
47505
67311
45501
42976
37963
35655
47005
60671
37680
44372
55746
49451
60759
67680
50331
58410
54335
62849
58423
60382
47119
52938
60074
49433
41250
62146
38321
57011
49858
39957
63385
67290
43828
57738
51036
58026
46326
62005
64526
49149
40260
57838
46967
57733
58336
39426
50178
38168
55315
49704
43478
66634
63215
46518
40770
62273
65240
55572
55390
57797
56387
58225
63983
49815
54204
61622
45964
48388
36142
61368
50431
44217
58463
49330
62190
54233
41658
38898
44731
62285
67153
63698
62888
48476
47650
56554
43839
54907
41881
56196
62193
55398
43351
58704
52477
68463
55090
59482
64147
51734
66429
61496
60729
49883
55689
38536
50543
35920
60779
55194
42126
49010
48384
40809
54774
35897
49711
41680
37736
64622
64110
55546
59569
55485
67464
43291
64137
58379
52637
41053
46266
57610
45674
50206
41861
38410
57802
54360
64577
49938
47997
37472
39237
48687
52777
57300
60680
43532
66462
51662
45191
64195
57950
54366
53479
48371
67677
39480
57436
54035
49925
38057
36425
40197
59517
40912
60073
48622
54827
36618
63661
62534
47224
58798
54438
47147
65491
67579
61734
37883
42744
63566
44898
60193
44658
62616
55003
41775
61790
67600
45118
58158
46963
58661
51080
56625
43071
39863
39277
54833
66483
65414
45051
57364
50146
53995
62075
64015
68614
68038
44184
68398
67780
47287
37059
60209
42417
66705
47573
60826
48148
42507
61430
41732
40686
54713
46270
50358
43063
46139
55963
65144
43883
66229
43891
68262
61765
49023
57994
54402
41162
64285
64933
38094
47498
63857
43376
40091
66339
62255
52509
49756
38406
68498
63822
42302
57726
52813
48693
47804
53998
51653
44281
55917
66138
39293
67676
48161
67624
62673
59548
39981
57384
38376
54934
64003
64979
36068
41521
42246
62928
54107
63482
68508
57533
46091
64012
65668
56107
56009
57395
60010
50922
41147
58193
37304
45448
59591
63488
65712
66580
41035
40056
43448
57383
47119
48564
51188
52774
43384
63440
44570
41153
56318
46518
63362
45503
65247
62457
53117
56318
43797
43777
49896
54965
57734
42089
53249
54781
47484
49061
43129
38032
54100
59880
55754
43728
58234
52548
53194
55051
59797
64276
58752
39677
59390
38295
63543
53910
44919
48349
45266
43006
37658
49895
63327
67799
39055
60170
50415
65730
63618
47252
51108
40228
66388
37042
36107
48682
48657
45969
42668
63754
52131
53444
64736
61324
63045
47846
50147
49354
60730
65152
50986
63283
68286
57388
65271
38870
46653
67067
42026
46814
46787
53269
46682
46424
68020
42143
43044
68669
37309
45794
42435
51372
45578
61865
43489
40311
43449
56554
54445
44513
50063
46761
47406
62886
44522
53018
38103
62012
36599
38918
42331
61785
43301
67439
37059
43189
41946
36215
37821
64273
52324
41342
59959
36472
58162
43659
42540
38853
51524
50925
59582
65381
41440
46882
45446
50014
48263
61431
47144
47760
56103
38897
66602
40251
43154
62444
46854
63170
62255
67330
48253
58543
65519
59822
54575
50934
67971
39985
44905
50558
49101
55349
66110
52957
56212
42417
57049
62564
39547
46860
44049
51035
46900
53381
65598
39821
45553
48850
52555
54024
64795
41223
37645
38686
57927
68026
68563
41647
45926
47973
67391
65963
39995
66571
59220
59858
43027
64543
62415
37054
53168
44193
63419
41764
41862
57482
56640
49495
58922
42346
48060
42253
43783
48976
68629
54374
52563
37866
63309
67114
54081
53485
62294
39762
37240
53687
41512
53707
41669
67636
42770
38006
67596
60670
58957
68723
66693
47816
58071
55199
68132
63740
44670
67675
51801
39331
41019
53904
48890
44678
50370
68080
49022
63890
48471
54654
63083
56449
65763
48208
51985
60343
45895
61331
37753
43114
67312
62929
41625
42502
56492
39791
67273
40656
38332
52346
68731
48073
52266
48035
55590
37845
58717
64135
45699
42524
45802
59188
50684
54193
38317
37609
66658
40050
55065
67102
58846
41775
44236
67012
43562
48398
39526
48590
59648
36909
42396
62704
67283
66954
37000
44455
57790
37408
36419
55417
51898
39763
42422
64382
40723
64142
46765
62239
38429
58411
54573
45086
38691
46483
61192
38615
43936
61094
61358
58309
57777
55901
54854
47431
45771
43693
61950
47780
49833
68527
47263
55373
68233
61951
60260
45411
50328
43106
65036
44665
43947
57515
62510
47515
58159
52191
43213
46991
39779
64919
46124
42586
50629
40614
58339
66823
60873
45820
63795
59555
68049
63178
41367
57996
55386
38631
56731
39916
40307
51315
51697
51840
54388
66490
65218
58014
43500
58970
63810
43638
53723
65705
50055
37528
36386
37457
52891
63414
63799
64061
45776
45483
59677
56761
51795
37821
65172
51924
55812
49695
46221
55817
48261
65722
66528
37663
50065
57134
61249
39246
50064
58899
68465
58019
64872
43396
55217
65190
55957
58590
64124
45113
44924
66501
46709
57027
63484
48232
43935
41614
49735
40710
47308
61550
48112
48818
37208
43172
38213
55123
56086
68865
44766
38126
59531
57935
50550
57384
58202
49388
36858
54278
64256
55480
66528
49400
60353
44081
46010
57622
61922
67293
64523
41385
64793
45801
62041
42477
47170
45583
51843
59157
47443
64957
42581
38288
60818
37491
66394
40843
38406
51820
47857
65719
59435
52098
51363
48972
42730
68684
51892
47694
51143
46217
61688
44303
63581
56513
52712
68597
38919
61737
48629
40573
63969
48072
55581
64128
66287
55768
41659
50357
63643
41071
60323
55928
37733
46174
39534
51401
43478
55641
52755
46232
67509
48217
36536
38976
50558
48447
65735
64081
46096
64442
52803
65938
45222
43882
47709
68166
62728
62278
37698
41135
47107
56379
63032
66769
45590
37653
39401
39800
55918
65955
37630
61564
61461
66326
50928
44612
41830
47019
65819
44681
62404
48010
56853
67676
38283
50413
65853
49003
62535
60804
51351
63616
42276
43801
62167
55114
56742
47984
60347
59744
49818
67441
45726
49795
41805
49544
36683
44579
62715
49997
67855
39461
41610
61024
54290
40676
66680
38039
43238
51318
38163
43868
47713
66864
46312
52816
48552
56684
37757
54581
47245
55433
36931
65802
68123
45876
42950
66679
57710
51942
49447
60268
38601
58030
61388
42502
39650
42289
64854
47794
61568
67567
53203
58260
58440
62408
65589
39722
63188
54974
46340
56364
44294
66300
38223
39095
47772
65304
59368
44203
47876
43925
45777
53074
60529
57772
61169
51266
41262
61259
41995
60292
56115
37983
65777
41205
50678
58703
50165
64237
66179
46792
67489
40991
63951
63168
51112
68800
43337
38581
45595
61164
40371
60214
39136
41541
36912
42149
38753
69341
55710
50491
49281
61270
45093
47180
59604
49735
58128
61133
57615
60130
67804
42259
46269
50388
54159
46557
49460
44909
65356
40597
47304
54273
69411
39123
58942
43918
52269
60707
50308
67486
47833
58120
48799
41583
64129
62017
44004
64082
49985
39242
56427
64593
62984
64806
51649
49684
62191
46684
49117
59142
43466
61248
37461
47283
39165
46963
45522
50804
44690
45229
46530
37967
49032
63674
44620
62745
67949
62659
53897
53213
61999
57807
57073
54402
64047
52873
47123
58279
38039
57924
42378
44498
55790
38204
47404
52682
51433
48671
46724
57921
67972
39116
69251
60086
58962
43610
50034
60314
61457
42588
51499
40370
65410
47459
46473
44220
67960
56517
54557
51541
63790
38813
63522
37402
66781
53523
68531
38926
45198
38878
54076
66108
62253
66311
54831
38045
45536
36847
54776
40507
66967
41363
57394
37527
65251
66831
53531
53832
56331
40801
55877
59110
58717
43120
57743
46630
58306
38733
52308
61510
58773
41912
68322
48556
50613
65766
63534
61386
43225
46465
57798
47428
58660
46321
52230
45397
67578
40410
50831
42607
60945
49637
58613
66593
41419
56004
44984
53310
62403
36976
41334
66364
65957
46261
66654
49114
40772
55281
50152
44549
54758
39705
67267
64765
60898
58108
42255
53428
46702
53452
52941
40567
65458
41946
63124
48335
64289
59553
54405
43690
62984
39174
38273
53686
41575
37342
68249
51214
57857
65969
60613
54552
51119
46269
67801
48557
49913
57918
59318
39803
43495
57069
50877
50088
38165
55495
62602
65720
49670
65551
58846
41905
61370
49558
38620
45181
59779
63034
68729
43407
46100
43949
68142
48842
37083
60024
53231
58270
52113
40255
62561
36980
67087
64838
44872
45900
63075
43060
43070
37796
52003
49943
40363
44444
43521
52905
63473
51289
64672
37074
40167
52135
65446
46957
38793
39138
51219
38991
59374
60182
45777
45701
69498
66149
62091
54494
44372
40617
44995
69034
48922
68955
61215
51136
55764
52916
45572
47302
61223
38417
66918
66732
62156
43420
62175
47738
62528
58665
67582
69196
65724
58462
59361
62618
57703
38935
39686
66237
68043
51976
37214
47279
51845
55717
68259
38931
40001
41278
55532
44149
38630
60015
45439
59602
59662
53943
65510
65115
58297
63847
61253
69750
60994
62398
40426
59910
63122
52306
44838
38892
45459
37297
44891
68814
49127
47177
65111
45590
68315
54149
46048
68158
60822
59961
45712
51276
65175
59968
56548
65688
68958
65380
41103
54997
43112
53629
52244
52559
48993
60893
58003
39282
46486
57324
57827
41356
63657
48400
44770
67540
61320
42960
39945
59050
54687
69176
48708
41504
54861
42879
66560
62138
64661
62695
49797
68978
51991
51685
44422
68863
69694
40834
60662
65623
51898
46849
50462
49779
45617
53186
66797
65362
47153
62566
44687
68160
38250
41780
69185
59736
46874
54715
45923
47688
41160
43961
65486
54356
38453
48444
49513
52126
41360
55303
68087
47524
51689
44087
47411
61194
69096
44071
60703
62106
63167
41872
52377
61833
55133
51701
57391
66811
68580
54334
60724
61642
52574
51619
67347
49027
60844
40907
51940
57266
69566
57909
63805
42592
45066
59608
57931
56025
37174
57862
55329
44979
57624
45974
39759
52491
43489
63298
62903
53266
58261
38478
63388
58313
47551
51307
68348
55048
55650
63962
53536
54213
56114
56532
65137
39827
40452
43562
43149
60777
42372
54569
47770
63653
53542
46784
66523
65872
65375
62437
38016
39332
61716
41780
56515
38091
65875
62937
49712
38634
66881
59313
40772
58974
59475
47788
57658
57926
55489
49526
47138
49729
38968
48470
68915
66425
50384
54102
45922
42720
44605
56484
67124
42169
68425
38456
60112
47451
41858
62391
59224
61233
49455
39319
50297
68102
65417
49797
60737
46975
51496
37891
65841
43241
39612
42582
52372
64053
56829
50079
39695
68161
61669
41544
39032
43098
44316
40609
46059
47870
66484
47051
47387
50150
65814
54230
37863
58692
52540
69414
61998
52297
64545
39707
47075
42218
49782
61425
63844
64228
58007
54756
61447
44029
58813
67992
40182
53133
62837
65465
69182
46910
59729
68574
64034
60688
56541
61108
42165
53920
57812
69464
50088
50601
41620
58372
54368
60875
67792
52718
38987
38795
48261
60525
43893
49308
69423
43870
59734
47453
42812
69830
37871
65442
65473
69049
61717
46775
69740
54906
53772
57506
45498
67043
47447
48297
69993
69639
37583
61204
52017
51223
45555
54836
63919
64898
68223
45220
54178
62560
55104
63695
43353
48401
41766
39346
54892
44833
59547
57572
64427
68463
47891
53715
38228
67983
44772
48720
49545
54380
62297
51278
51968
47666
54017
45286
52221
37739
69197
39071
64893
42344
50266
38125
67252
66530
56844
48887
57530
46561
44892
40861
41602
41437
49907
40122
51467
66851
66551
52134
53210
64123
47653
52480
44455
54280
68640
38314
67927
52335
64520
51476
47914
54076
37455
67774
60982
63617
43720
56568
62996
48063
38913
39661
44249
49674
69843
60383
60743
46953
39991
55732
64837
57212
61275
66738
64653
39265
61942
59015
43941
56023
56536
50828
40720
59044
42693
49994
45765
49717
45955
38206
53728
44677
63794
61145
59032
43072
69596
40395
67185
45863
57165
53633
44722
62646
57125
43756
42266
57860
40235
63877
53455
66796
64996
51598
40855
40042
60261
42906
52042
40007
58981
48463
37768
53241
44438
43883
49063
42181
61238
50437
64751
57126
47328
69654
60682
49010
39337
44855
63670
55739
43624
39084
47805
42227
61525
48802
38695
66900
52694
68789
53934
54783
62869
57013
48754
46564
37846
54442
52206
39905
41480
43029
40235
63022
39065
59001
58675
55544
62223
46362
44233
65612
47701
66053
53079
43319
67922
50768
50216
67116
49088
48547
67543
53925
55100
46840
47624
51725
69273
58014
50005
67038
57210
49540
38796
67335
61984
39348
59415
61072
66432
37918
55995
43392
61849
59287
39046
37887
57860
46369
51458
55224
46797
63853
52655
67969
50561
47006
53680
51774
66696
49488
65989
61186
41653
49113
65657
62584
48412
58062
60061
49538
42788
55242
65524
64799
63709
61290
50224
64402
55187
37788
44061
67265
44195
62234
43805
67035
48781
67121
46292
51261
57419
53447
67364
63383
43745
66972
53340
62794
62774
61136
66988
42773
65058
49062
64989
63217
64712
45959
42046
68153
68390
40522
55266
62478
40682
53682
51976
59130
66695
64568
63195
43475
69769
58635
63324
54243
64293
43350
58268
37957
39445
57025
63022
67730
60579
48954
39388
59070
44547
49653
44697
65084
57829
50609
39607
54377
69451
45118
64602
57383
40344
42812
69421
43208
67562
50725
39507
52271
55978
62862
64161
45105
44898
51113
40202
58177
39630
65039
64858
61517
49461
40124
64808
43491
66809
44635
42757
45208
66414
40389
45562
47274
54248
51396
55602
53988
48408
45084
56307
48322
54424
59596
47571
64470
48324
45713
65320
51306
62668
55212
46528
68455
61191
47589
52690
62326
57738
45264
70453
58724
66810
40271
66256
52171
46494
54872
37970
68079
43704
54008
52259
38374
47126
46488
43418
65020
52708
40064
50544
56661
43716
56217
46196
66516
62497
66423
66177
54588
43199
55702
55725
41877
41367
42468
43460
67794
38115
63872
58357
66480
53109
53954
40650
56289
38988
49787
46686
69994
62057
63102
48330
56138
45279
52575
52960
63836
69930
55162
41244
56702
53185
59703
55511
61427
60143
41613
67006
62214
67550
69573
53123
51696
44533
51073
43986
42748
52323
43516
45191
58601
48636
42387
54814
69520
48965
42117
48746
57287
68298
67575
54154
44676
69560
54331
54042
41798
63143
62033
39334
41392
59576
43694
49764
47735
52448
48445
61218
41855
61315
47780
52349
64321
51269
66248
42580
56176
53789
68755
41084
65244
43435
56053
59317
65174
58827
49960
61149
59989
56938
59449
68708
49176
54680
69572
68608
67341
46815
46079
67746
70066
57555
63225
41640
43834
44267
56100
58964
46130
43407
58642
63101
62052
47730
68220
53124
38908
70434
70280
46730
50665
49118
52043
43232
68998
45223
47245
57279
46458
64153
40909
48186
50653
50044
38277
44912
40860
68503
61360
62214
41758
51652
49544
42453
43559
69066
50324
41183
55549
40166
53986
39048
68298
48299
54930
56835
56642
40973
53908
54538
40837
43704
59569
61906
43079
65190
65744
54078
55086
67568
62834
52563
50555
64228
59776
63468
59885
63577
43846
38318
46050
52287
51391
59199
57792
64122
47379
48819
38547
69105
48990
59207
62200
56801
60083
46418
46393
48504
55137
53880
42169
51615
38260
39457
52371
51479
55423
39465
51582
53959
54425
68570
44788
44628
60582
55575
51091
41715
38360
66009
46275
43131
70773
62944
45465
44735
62938
46754
64763
61210
60352
54664
44805
64587
60606
41561
64940
66691
48655
40438
46241
63933
51862
66889
58488
70734
60191
67704
68874
58301
66536
66142
50968
57812
39776
50235
45361
48119
52782
51626
41941
50869
50293
59604
61658
53149
68694
53988
45583
49491
64951
63675
60192
52707
68419
42980
66233
70484
42162
62410
55022
61057
69195
48936
61659
61476
53671
63938
39815
43060
43959
58963
57871
47985
39945
64710
47360
63293
63814
48296
55044
55213
44800
66526
65729
46048
67754
48531
52222
66703
44520
64885
40455
63718
46090
56097
59731
52626
59602
41435
61029
39452
47742
43139
66544
67701
57602
58820
43582
43730
44182
70799
60882
58297
40304
64712
56653
70748
43219
46143
38542
66855
53064
60385
44829
48277
59436
40240
64458
47175
50794
44016
64401
48215
39562
53283
59841
44266
46571
56376
47966
42500
70476
45952
68547
50593
51345
66785
48267
56321
50628
40398
52402
63043
66907
59766
43768
63285
70073
61500
67462
45675
66551
60264
59604
48526
57315
49436
67530
60407
61769
64649
46886
43132
69234
38498
55837
41354
58347
41361
44613
64373
44423
45098
60594
64779
65703
66717
67167
60015
68537
58159
65488
66085
61183
38827
45046
53353
70290
66388
58963
52421
40358
50975
48223
62946
62223
56863
38441
57247
55045
48193
38465
59232
41508
50489
67798
66216
42422
44988
68124
56299
42293
43248
60400
45469
67852
52257
40639
43919
44702
49845
41380
39547
63881
41058
48592
54750
68140
53150
69935
44037
48487
41559
44105
39019
55713
56037
51046
46146
68880
49469
54005
70992
41268
39015
59182
69372
67493
67634
55031
68009
41999
53030
59908
58434
63355
53434
66115
70678
69840
54215
45175
63207
59033
66877
64546
68413
65032
70421
58025
66304
66363
62342
53683
58438
46783
44156
41170
44138
54355
44870
52837
43358
55022
40078
66493
64834
48643
66703
42110
65589
47107
63362
60744
62571
54820
64089
58775
49279
44385
46000
43240
41995
67777
58625
51998
39543
69853
66583
56355
57358
68764
67781
52946
52567
40770
49879
50965
64674
42921
52297
70474
60897
42189
60343
54508
40121
50063
64277
40047
48345
63922
42656
64619
69771
53802
38932
55293
69000
52886
57888
61547
50193
66059
49175
62982
48187
51475
65000
41045
48523
49909
40016
69999
46274
61495
66894
67753
44026
39522
58584
43121
67826
59653
63948
54138
66983
51196
62249
58650
38692
66290
44415
51440
46746
47653
58532
46537
49331
70761
44457
69572
57124
53872
52492
46517
45186
42824
48431
48584
41558
64037
63753
58727
45427
62817
57116
47197
66695
67265
49319
45883
70897
46330
61724
58618
55762
61044
59860
54243
43367
46413
54786
43436
50326
52385
39654
60132
49350
51977
45123
48529
50164
46689
56594
66327
50947
68815
44152
51547
53844
57088
44790
55081
59543
57269
56288
55251
70625
68735
42768
59931
51454
54214
40667
38483
70920
56336
42564
61379
51512
53376
40816
58699
39165
54941
39514
66890
56907
69974
56264
47294
63542
54594
53374
47532
63423
61996
49329
51394
69358
46542
55230
58939
63009
68573
54300
70147
48035
57158
62351
55067
45440
41144
61343
42560
60824
71266
40521
50119
69619
55550
68340
52428
50004
41486
39847
38795
44049
53093
38520
62222
47393
49130
39752
68105
68471
60825
58797
60674
59278
59594
60208
67508
58694
39094
43449
66998
53742
58679
47687
59992
63650
44495
64484
57294
50391
45548
60121
65936
62260
52842
63518
42496
50340
46170
62740
60237
59305
64770
59254
68504
68595
48932
55693
48214
54321
67972
64164
40182
39463
59044
41916
63683
47360
52690
70785
57355
53734
42340
64636
56449
48849
47683
42121
50400
42908
53414
52364
62417
60766
45600
69984
58895
57335
56541
61200
66505
61929
47145
45898
39240
56938
62001
62480
49873
62903
60174
57009
53197
66474
53503
62200
57639
66703
53750
65187
50934
39988
67159
60694
57692
66367
63740
48977
67757
57028
61564
49184
49364
46615
56749
51345
48115
64223
70503
43179
61514
55148
43915
67677
50522
46923
48452
54453
40010
48663
51341
68947
46985
41105
64244
67100
50613
70643
45469
61747
70588
51074
56457
50469
43585
40035
42776
54115
55873
69551
68045
41718
64758
68298
43346
58222
60155
69104
42684
68635
61106
59664
50447
64384
46563
63198
67589
43781
67237
69156
45067
51948
48002
40280
46989
55942
51926
42100
46451
69799
56696
65794
51436
43095
47260
49270
62058
58826
65272
60609
65006
59283
68902
67363
57989
38932
62794
42305
47890
54073
56820
58487
48207
70758
51272
42863
52239
49325
65884
53747
40390
57669
49889
63231
63562
57911
50950
44315
67803
43355
54169
64743
59234
39299
65647
40440
45046
54774
48391
62946
54692
55840
55658
69014
70256
47495
71253
61679
39063
39937
65690
44167
59671
51749
39876
56783
62321
56831
40954
67935
58030
60424
53030
43914
48032
47188
42326
46902
45162
52238
59490
63210
52547
65314
56015
66601
57974
51769
71155
51455
53165
62698
53082
49113
70768
62510
68969
58778
51689
68885
69441
70122
59882
69560
60390
43473
67377
48751
44193
57478
56042
46404
59042
64129
52085
58791
38890
50903
53354
64099
52072
49863
55258
47056
51298
39824
69848
44106
53527
66182
48952
50403
46243
67429
64663
39509
47138
60645
68252
68155
39704
43919
39548
61568
47889
71374
44484
70935
39556
55369
62547
41452
52989
46448
52133
46363
39547
54101
50008
58209
46103
60606
51944
48847
66535
44664
60606
46534
54818
44526
47721
56863
51589
44538
52779
65706
64757
42490
66999
63706
49253
48935
55865
48318
52474
48162
63895
41267
51309
65232
66806
44633
71602
41064
39041
38979
50391
53194
65637
45043
64558
59923
48928
57477
58542
65902
51452
68778
55191
50733
39126
57432
47957
67096
66084
60096
66983
46596
58423
70785
43264
47528
41661
50715
61742
56749
67465
53926
70457
47108
61847
64196
62606
57980
62794
39892
60764
50068
53753
57192
68159
55693
57514
65273
69916
48068
57373
61402
52556
50751
49677
68459
59132
41862
56754
67471
51667
43188
43914
54112
57046
47053
61017
44065
40329
40018
60783
65139
47191
71187
42025
59340
59444
67141
68282
60454
39809
62164
56363
46068
68656
54267
64929
58970
65832
57361
60127
62365
48875
51622
52235
58329
60278
41934
39093
65010
59753
57533
60437
56012
61031
40596
61076
47295
55488
46715
63631
41797
67661
49648
53847
49910
48796
68190
46460
59831
51789
71410
62283
44846
65980
52394
58517
45433
53473
54447
67250
52767
56948
48356
59846
59206
68692
67263
54339
67879
55081
71768
49071
66496
55624
50111
70312
52424
62680
55443
48165
48616
59699
62416
70654
66344
55183
66025
42159
52648
64222
42775
49753
40592
71411
66032
70409
48713
58085
64571
60477
46062
62136
40451
43428
53501
58426
71402
57638
42323
54060
61888
71716
61271
55458
42580
56833
56437
39341
64906
61409
44494
43318
64430
51632
70957
49453
50440
51303
56893
71396
45233
49546
47098
52917
64933
46069
45670
53995
56856
62937
50301
70112
52494
66562
61034
59234
57894
54875
52219
46427
71606
56755
43859
61361
46877
69313
64479
40812
57173
40550
43403
41239
55752
54067
47157
41576
45413
69675
45921
41763
49138
64714
50735
64827
42404
60998
69515
47162
57069
62996
67236
44004
60565
47534
66463
46615
49676
63380
49292
67574
60927
56720
59033
52807
45353
70719
64389
47384
63340
41933
50008
42665
59168
71168
59986
62854
64171
63864
68385
49652
55377
43573
58711
70286
56398
66393
55322
47152
67874
56879
62749
58644
53805
66157
49104
48955
62587
60342
60628
61967
53729
67683
46514
66374
66121
54659
70860
61193
69450
64544
64916
53078
69116
54213
58619
70307
68362
60988
44589
67012
64776
69788
53115
46350
45319
48516
50072
59581
58727
46241
39689
49299
67309
68470
49623
45762
50197
50012
52615
61964
60074
65735
59211
65321
50067
51148
42618
59753
57584
57824
61246
66202
70246
53475
43405
68140
62390
62301
58458
70547
51605
48647
47372
44013
41144
44685
66351
66277
58158
56210
49257
39639
55282
50676
44208
50229
49345
53074
61115
59433
68137
63948
59574
59003
49635
54538
65850
68278
51042
48256
63612
56454
60076
51952
40389
53093
60777
42800
63778
71030
39481
69165
48476
39345
58955
48688
71210
58689
53548
42848
42662
62506
63196
66953
52222
48431
67623
50971
63596
61683
40242
58742
47720
46174
71253
70244
50204
55874
65320
57063
67352
57407
42977
48950
47175
45796
59613
69634
53281
64790
50300
65789
56099
67254
56114
67741
44668
59006
58843
50461
54538
68396
43599
61126
51332
57315
40503
49004
51961
69582
44063
62267
62585
44294
52940
50868
51474
48822
63183
71154
60158
64125
61018
65842
48410
44307
44883
47762
67994
71216
57255
57625
65787
48041
59361
68856
42298
63452
55291
61711
62788
51023
69235
46515
60589
72084
54690
61615
43940
43376
60234
56968
56103
41020
42606
49414
41331
67722
44902
67311
47807
54284
65074
41238
68137
63666
70415
43156
46833
59667
40264
47702
43493
60430
66639
43992
65308
71601
67340
64815
49127
62297
58741
44109
63749
66843
51295
52609
65814
52835
56211
68925
66386
64475
52773
65308
41595
52367
44289
56867
51216
62542
52167
41544
62404
64851
45017
69424
40751
60709
45490
41021
68034
45243
51321
62920
65792
70628
46037
42923
63723
51174
63492
41219
67773
48485
57383
59700
40921
54663
64224
65069
67329
44630
50463
41965
65993
69222
63289
52549
42060
46007
43067
66016
45341
68060
47997
58754
70529
68445
52346
50317
51675
53851
68830
51657
54375
40050
51425
49508
64555
50660
67028
68920
67115
65523
61177
44621
42717
50830
66712
67487
51676
55600
49487
48673
66016
47878
43434
55809
46318
65104
63988
68910
55500
57097
58956
49944
54200
61642
41211
56759
54617
58348
39684
50126
48118
42477
45821
42097
55782
57620
50718
70597
44872
40792
55192
58631
60404
70783
49703
58831
52657
54147
42987
56982
44712
62265
70772
64630
55320
58932
66844
67634
60748
68072
52121
69238
66250
45323
65234
56672
46542
44353
60914
64318
55286
39927
51643
64154
66367
64143
63518
53108
43568
50622
50696
68046
63573
43059
60286
72046
71407
64634
71148
65247
43498
42527
60602
69049
71951
67094
50209
42018
63867
69210
62013
64405
43856
47317
64099
63202
65450
58752
66228
70006
64213
58315
51186
54237
67261
43839
66451
61829
43429
67426
63508
62405
70940
47835
71568
71197
41261
56790
63633
47040
67543
64426
68902
67151
62653
46009
53302
50664
48413
57752
56595
55903
54278
69745
42322
62923
52934
48549
47323
69701
69026
44725
54332
68844
56523
56930
43331
45101
41357
50451
71115
52033
59336
65656
48342
49398
58276
40557
46556
51123
48001
69409
50787
68790
44589
66167
55760
40097
59738
46252
43901
46389
42063
60987
55051
58461
53981
47869
49914
71790
66709
40085
72054
66989
50232
48139
50036
66834
68463
57015
72190
53323
40636
41569
49611
48900
58801
50342
58643
59750
70496
63901
49057
54237
45842
71099
45354
67615
60732
69364
51677
49002
71854
71971
66875
66060
60430
57772
42793
57385
58245
44640
61252
42937
44728
58273
71284
48080
47866
46534
51908
61730
44479
68033
40305
70598
58196
51454
71488
64058
50638
44175
59157
51624
69697
50055
57026
53095
53810
47267
45597
70597
51022
72496
44117
68100
55132
44840
53126
65954
53872
67743
70282
48350
48481
63069
45331
53367
49790
65485
49654
45239
72317
64022
67530
69552
65972
63623
44978
61638
69004
39992
62071
71021
63026
67310
52186
42804
43151
62784
48168
49923
46203
50168
51214
51616
60205
58556
43695
72056
49654
67054
60916
71069
52528
61904
56611
40459
59249
59628
66996
56623
55556
64435
47712
69290
70553
42852
52346
41810
54843
47663
61314
59001
52611
49819
64248
67699
66571
69157
65134
45650
46886
64297
56289
67316
58318
41478
56393
46400
40926
72062
62063
65452
70530
55899
40959
56578
42731
67160
45278
71269
47175
71230
49341
67215
60912
45902
48879
56924
63715
49119
58487
70284
56181
54088
53350
54980
67649
44288
48740
51671
60773
58116
68492
46916
49134
53113
64893
70144
72592
65939
65453
68725
51867
46517
51969
61898
51754
71898
43931
42085
56989
56115
55540
58798
52298
54801
70698
51990
67696
51462
65691
66649
63084
62023
60082
55039
66864
67157
61697
62249
49392
51933
50064
66954
44318
55516
60789
43700
64153
51718
56485
42901
60962
54633
39946
68417
68367
40782
62422
40434
54851
49248
58390
49484
50525
51216
44426
42470
44592
48695
56500
64007
51828
59389
68399
62893
41914
54267
52034
59348
64422
61852
61877
43252
66648
47049
45539
71372
64811
40645
49169
64862
67490
61781
60926
69947
51359
47397
62907
57088
43478
51815
59069
54305
53122
45757
59697
50405
71254
69465
52111
70578
44471
69218
69234
56715
41512
40858
58023
53207
60422
71743
52612
68452
54901
52783
59259
47275
53914
61007
59631
45398
68363
70188
63813
58111
52099
55523
62527
53051
69851
67391
72069
52439
54581
62242
55941
61025
60539
48678
47741
45546
66824
41859
62678
56843
41124
56628
56756
45094
72118
58453
45259
49134
67765
69840
49780
48170
40416
56376
50944
58550
49967
52213
42060
58826
72329
50850
65941
63614
44087
55475
67982
60558
55705
44123
70320
65371
59415
47277
41426
42035
47195
60417
64249
41426
64957
54681
46193
43305
68095
70276
65565
51550
65851
65987
40715
58643
68121
66475
45899
68843
52805
51338
58370
58186
57121
62093
67514
60765
53943
69345
51452
62811
44273
43545
63777
57866
59660
66512
66917
42884
46922
42383
49725
46395
49895
57585
65771
66875
70735
63748
41807
45231
58254
64243
41472
44455
61192
68066
47259
72216
43626
41498
44123
47140
55776
71526
57578
65436
60809
53948
44919
59588
45352
70432
46089
54358
42012
46534
66835
46281
69010
51575
67912
56530
41209
61749
57264
71468
50870
55842
69116
60309
56601
51358
59671
46361
66960
65712
60413
60818
53787
69031
61648
53872
59136
44289
65577
50870
58560
57483
43692
71237
44617
60362
41183
65117
57197
49306
64828
40801
67475
40725
62596
48090
64685
60598
57431
59583
55914
67262
55298
70388
65964
70615
52120
65040
44092
71928
54596
41059
59581
54664
46301
65592
70366
43718
43451
63063
72660
70248
40649
63950
46856
59522
56540
55537
48908
68778
46915
66464
59092
40538
59040
51912
68387
55446
67062
47404
47171
53454
58882
59750
47097
72965
43727
64808
48056
42291
59269
72136
63253
41960
44161
69116
48763
72243
48043
66786
65056
47810
55044
59971
73015
69706
56703
58392
41320
58154
43538
66893
42621
41547
59660
40390
65118
54090
55209
52128
68927
52697
41444
45497
46616
50786
53900
63346
60245
60398
67994
62899
47055
73030
60610
46384
54268
63831
67144
41451
72546
52955
67093
71674
63058
44854
71946
44427
68562
43166
51860
56869
53211
60287
42113
64305
49605
57118
65810
67000
61183
59772
50001
54638
69123
61053
59812
45296
50569
51785
44707
47946
62459
51955
44071
55996
68394
60761
46243
64702
54335
57675
54968
56129
45044
71919
48899
42808
42756
59235
60474
48215
57055
62117
59767
49690
50851
64688
66259
56842
69704
51176
43063
56124
51738
72376
62063
60186
44141
42618
65152
58213
61324
54679
70460
73083
48626
50415
50451
56022
71357
60539
68652
53974
46175
47920
65717
52672
52119
43559
45431
61702
46752
68348
51373
41161
57512
71028
62230
72348
66947
63586
48457
44427
72097
61899
56137
45916
60989
45640
69209
44820
58840
69548
72977
46269
52454
51943
70066
65127
43719
60714
45751
53869
40696
65612
59820
40697
40587
42605
68675
61130
42452
54489
48037
72501
45670
46638
52742
57194
71998
63426
63100
45305
68925
67135
40721
65941
59868
64912
43287
52759
71195
53249
67515
40646
70586
59553
59613
56533
69292
52459
57375
41261
65737
65958
51260
57453
48579
46858
52892
71727
64347
65572
56613
57742
43476
72060
54867
68837
45224
66292
55179
43736
58235
61683
62892
42649
49997
55491
42984
54628
57331
72760
54482
40780
60872
71827
46519
42298
58272
72869
66610
67635
46333
68152
42491
46553
64646
42666
51968
56885
43700
57051
45495
63155
68815
66122
66994
61038
49177
47482
68724
63406
58697
48027
70787
68271
43066
67430
55998
66981
61413
41801
55793
69116
51853
43204
47271
71396
59961
40723
51519
45325
50535
59661
53314
67503
45055
51788
66804
44750
65670
51086
65577
42684
71060
58971
68954
47327
53128
69608
70136
70068
53882
72508
65280
48148
42097
49809
65744
57783
64470
67581
57657
62710
53801
52561
53205
42965
69363
41794
66715
54336
57084
70598
61616
47509
68541
60353
61824
45923
59160
51169
47630
52594
40775
59590
59016
55555
69395
70247
60959
59224
56902
64177
59158
52599
67170
68465
53528
70956
69523
64371
55758
65357
72163
66283
53169
64321
67245
44821
46877
47043
54868
71961
46503
45284
69172
66609
51121
57167
47833
42765
62524
60625
57967
42103
62205
70169
64378
63283
63666
65980
48072
54569
73142
66684
54179
52678
70355
43721
59723
42911
71768
46984
59555
49495
60268
43028
64298
63939
73122
64898
48173
58189
68302
43818
64827
50838
57622
52834
44762
47200
61260
70541
49528
50858
44411
60501
70308
65820
46015
64308
47742
57510
70490
55353
52588
53861
50693
70409
58895
59846
42884
71204
68470
65005
44413
53097
51089
46680
53642
49629
66024
51903
57741
58536
62092
64063
43588
62304
49486
64952
45085
70538
42288
63860
59979
62302
71705
45577
46105
50635
62157
67712
59518
49083
66843
65974
56306
64152
65113
56579
43137
57359
47629
65050
65566
66324
50413
44592
63801
68134
44554
63585
67988
69332
63560
42319
41810
71296
49169
72204
43089
67683
59722
73274
42937
50385
59782
52592
72149
49598
66170
47072
69154
53378
65714
63031
65446
61657
53890
46277
50051
54574
68414
63966
50636
64537
42669
43904
67735
66342
41148
71733
72020
71384
46448
67387
61533
41965
56606
70627
61134
44516
55518
55351
61078
61117
58173
43743
71886
41984
55602
62534
63050
44288
61268
57080
61038
56929
51017
59215
43075
44760
63874
69198
65994
41266
59173
46029
70033
69528
59467
56278
59011
48145
43628
58192
64004
51784
54039
59354
67646
67216
47847
59130
49845
73253
54450
55415
69922
44212
70915
51203
54398
49950
60875
45597
57437
52090
45651
43062
73341
61017
63349
65555
69791
56653
50188
70258
42133
42668
42409
52464
69277
63121
64904
72490
73197
59684
72130
60195
49039
53787
61123
53478
41839
73089
66815
68972
47027
44470
61153
64703
61002
55992
56068
44896
65736
63136
71334
45798
42609
64368
70746
52713
61587
50699
51964
45854
49434
66181
65770
61379
69470
44445
55153
71998
61247
53128
43654
65025
69236
54257
71863
56752
72736
41789
51041
60550
52902
57619
46882
42485
64447
62492
48273
45708
63178
47879
61741
58654
43363
70353
45204
70433
72246
70211
62966
52308
54805
73404
44488
46501
61257
48688
53181
68433
67366
51825
54514
69197
71139
59821
56936
57573
58536
61496
73656
71331
60903
69516
57858
64370
71664
63119
45863
54787
64960
50964
70968
43376
47642
66723
49710
47647
59610
57469
55259
55786
53893
67291
65568
49020
63012
53623
59745
60670
58707
66381
41782
59892
42645
61859
45923
54369
70122
48711
63243
68914
56228
67352
42016
66521
49526
44743
65310
58681
69070
41695
71929
45506
58724
49923
43347
65245
70419
52599
55539
59274
50665
62691
69747
61511
62842
66387
73528
57909
57465
44673
52904
57718
55689
65879
46486
49881
54864
65200
57345
58553
62669
57695
73471
69410
60140
73074
70900
73526
70744
67256
53767
65999
70289
49280
70871
49510
45886
55972
66409
43828
69828
49094
61542
53142
41239
55514
65667
57782
42705
68068
50240
47720
47233
60419
72149
66130
53829
59567
60265
51024
42395
72255
73094
65815
72564
71086
49610
51480
48266
65950
57823
51623
62452
73373
63149
43100
57335
42152
57293
61369
42272
72173
61249
48142
63375
67285
56675
44954
52886
43842
47388
61939
63107
71958
43094
48808
62649
55284
68788
50980
61958
63050
57472
60373
73520
43919
57317
69774
51153
61385
53854
69674
67429
44115
67694
70515
54434
59869
57746
53058
55048
73652
61044
60903
47800
67652
66401
42954
63113
73435
52989
53075
47193
43695
51509
54280
60321
64291
69238
65781
69196
47430
64284
64081
51146
62108
72494
48734
63072
49442
49736
44433
42690
46220
57304
56819
43491
57553
58253
48583
48396
46569
50701
51565
63532
66773
68071
55430
63087
54753
51400
50777
60689
62502
73969
63862
42101
53842
71400
69272
67441
44204
49006
43728
48364
68690
50610
47328
65452
69573
41412
71141
43113
72872
70476
61754
73254
57029
46204
58264
73921
47185
47427
65922
41416
67441
44740
60640
73614
58621
52998
43498
46718
49283
48365
47943
56496
64911
48233
51574
64442
63017
47853
55662
56521
67232
48163
54913
72432
67206
65246
62342
69567
54012
61008
42807
60952
52784
45949
51160
65342
63523
64239
68122
46639
66736
49835
59198
68916
70346
50277
44669
57782
59653
53232
50600
49747
56151
43512
56588
58161
48672
49907
72344
44178
68201
55893
65602
71593
71529
57859
70054
52653
68942
46603
64752
48427
62778
64658
51965
72096
68235
49678
55997
63815
45407
42421
43996
66864
46679
43572
48289
61330
48028
65189
65302
42082
63264
54203
43369
59428
42535
69952
58770
55554
55813
65474
42038
67099
66089
47753
71371
69917
55130
64972
70910
69142
68673
42276
61777
71047
59176
60992
65801
48315
43265
54235
56135
59478
58794
70891
70517
44337
45423
48155
62179
45925
51153
47996
62898
53158
69509
61559
69362
50899
73664
41991
63495
61386
43698
56101
69457
42881
61776
68483
68108
52051
42071
67708
64884
44439
54926
48203
66349
47223
58443
65916
64739
45824
62520
45217
47918
56437
62807
46662
68536
53737
48708
50471
62113
61964
45499
63648
70434
45894
68697
64356
68465
73730
49063
67186
51173
60749
65108
52293
69979
57247
56770
42059
56024
61944
45253
68249
70256
62255
65447
51165
63846
68999
49519
54676
51092
60548
47714
53885
73229
62717
41931
72525
68866
50033
65784
56228
45282
58527
50565
43840
43717
64592
45277
68465
63499
52856
66301
55500
60736
56957
61051
66852
55363
71895
60359
44470
69032
47833
53682
57764
58714
60622
55084
44197
60037
49736
57938
47610
49843
70837
51368
41892
69685
60467
58530
49620
54212
60070
42090
69283
69992
60679
62941
61955
48281
55039
46038
68085
44964
48308
63664
49917
45649
57059
64006
54483
54211
44335
53693
63324
72607
49848
55365
58328
54897
69872
62491
63069
65867
44202
66195
66436
71855
61812
48596
46690
52910
61223
50212
68282
60498
54716
42086
46960
57914
54113
70624
73025
52356
71884
45378
69042
60912
63440
63716
65094
58945
53294
52816
64500
42983
48813
48896
62168
61660
49773
57961
73257
51916
52344
64312
46187
54904
60826
48603
41958
58972
71283
57411
62294
44175
73162
55016
72420
65516
65828
58126
59733
64623
70549
54855
51586
66273
69335
44858
64520
56248
47769
62370
72000
65849
73241
60314
61298
54495
61429
74263
69957
50176
47167
52918
43130
73646
55503
68792
57562
43996
61405
66378
65389
43457
51407
58122
63981
57730
53071
56520
74362
61195
47265
62857
48015
54845
55091
56274
67637
74319
52342
74275
44151
70766
68845
66241
61973
42407
60036
69816
50557
57351
71970
64033
65270
54017
57729
49057
52255
42767
63038
66866
52632
70812
73516
57382
48383
49698
44782
50793
44830
52624
63173
66310
50786
66798
44198
54252
59791
70211
63376
70899
53939
73399
71196
72730
68185
45301
54102
43794
41726
51923
48587
72193
51401
68149
54499
73600
63862
53550
73841
55781
63636
47465
59017
64968
54256
54984
62354
52672
68689
68938
43163
49006
46693
65074
50163
61885
43004
53350
71667
55399
66932
55317
42015
49340
50036
57756
50286
70559
61662
41899
60133
63697
56574
72867
71530
49010
60936
57155
66008
44996
48065
70276
43599
43571
49788
43201
50126
46994
49736
70171
44291
61096
73320
60956
60257
53995
53507
65691
56436
69771
50973
60895
70001
47538
47302
66055
67858
59659
53649
67496
48032
60801
48456
61881
44369
58185
60638
56492
64213
56866
42917
43742
70700
67803
48321
49201
72122
56854
59613
73975
69533
56909
50205
63507
56126
59154
52307
51290
48934
69531
57205
52544
51476
44669
47695
52912
58956
60600
53109
60475
70193
68084
68220
41845
54038
46602
54121
71068
63826
41926
58986
53371
54418
47340
54212
73358
54132
65400
48141
74343
49489
48170
72859
49488
71257
52802
49212
74034
69094
48265
43047
48566
63242
70544
65843
55465
62314
63804
63815
51621
71760
72066
67858
61678
42491
53360
67068
53658
51514
46445
69724
71413
72505
60353
45547
67875
54170
56408
49273
46343
57543
48322
55518
52068
55943
67455
67124
64322
66256
51578
59715
52116
51421
59603
62525
47127
66175
51425
69292
71037
53176
61304
46504
65739
56454
69479
60493
56832
62717
72773
69740
43511
73624
52078
59265
74638
45521
42568
63461
69640
70383
70091
66117
73392
74016
61248
44883
44991
60615
47688
50619
66176
48663
51233
64601
69298
71905
68645
48297
68910
45738
66963
59775
62410
69377
47762
65016
59516
46608
58483
71856
61379
47472
45367
50997
55874
64322
48721
42428
46510
60283
45229
42771
50411
44927
69104
71895
50034
59378
47874
47079
63478
67786
50122
59672
55879
63401
53304
59947
53366
58475
60041
69372
51002
69626
64198
57083
43410
62826
72590
42720
64428
67906
44054
53915
72966
66327
50030
74634
62931
58720
59654
71407
70560
46981
46704
69793
63799
42553
50791
73218
42436
65034
70929
58672
71478
46134
46465
70784
52200
61889
65664
58920
67457
54468
73869
68667
57113
56328
73506
71899
53405
45267
55097
46762
59764
49922
61711
50561
49250
60248
52008
44901
50861
67606
62611
68022
46207
51148
72815
54954
70796
71278
72366
64250
45812
57514
63001
48091
62315
74105
68500
55600
53911
60917
47780
71678
71353
62314
47918
53536
62352
72623
65666
55356
42363
52151
52631
52981
51165
61539
56984
47202
60101
52634
52128
57535
43983
50076
67779
60771
54853
65171
42829
43250
52874
50284
48206
57300
52409
54500
69718
57574
43657
69606
64637
63087
51316
54804
71846
60245
52760
55204
73477
61585
51677
50541
43231
63200
62424
71745
43153
53435
71663
57982
50388
45194
60222
57312
63807
55061
53434
47001
73742
67131
53524
42148
51489
68582
51681
63574
66120
63806
71671
43830
62653
55837
49434
61454
64498
65731
57560
64834
72077
47564
56497
65633
60081
64607
74619
61434
66176
60071
64517
44977
52702
46727
42747
47761
58487
48777
55305
51108
60163
63256
51779
72897
60105
62448
62405
66470
49761
42450
72854
70983
70591
73852
56531
53093
54125
64728
50697
43105
56600
43892
48098
70995
45390
52018
49156
46679
49286
55361
46390
72999
59233
51019
56772
57839
65583
57584
71973
64092
44469
61812
42204
67318
49966
73908
58524
68273
60815
67167
62895
49342
66063
52834
70041
66727
71143
65956
66552
65691
50006
50932
47022
71175
49129
45120
73538
46182
43001
59399
64644
70233
74613
54032
52080
64762
51170
64093
54357
45421
56223
53595
43319
62649
56942
44123
70257
56790
64304
64325
44702
67080
50928
72843
51642
70507
61731
56413
44933
53710
51502
62492
64808
52676
48425
73232
46619
42489
46563
69981
73798
67267
62502
64051
43879
66553
54076
49734
59315
50440
70833
48510
53184
46915
72027
69359
59810
47739
43928
55819
66389
64464
48855
70678
69211
62150
51290
68059
56997
46236
70970
60830
53431
70105
49579
65873
72456
45607
46465
45323
52903
74340
51699
45493
52004
67831
64671
63495
43438
62560
54223
72627
58233
63507
55291
64223
46947
68487
50831
45529
70358
57226
57837
47878
66032
73175
66230
51996
60129
50922
52806
48529
71829
74259
46717
75092
55444
62410
42693
54714
45094
60994
66128
63419
60602
69697
55202
65374
70536
58926
60752
71026
62582
57708
68615
51583
58424
47590
43471
73724
57788
69099
55953
53442
43717
46141
43479
51649
66518
62564
49620
51698
46929
72008
66468
43148
69600
70143
62677
72827
53780
70884
42533
71694
63820
63721
63373
68848
48089
47406
56703
44121
72287
54994
68461
63365
65150
68873
42890
46182
44210
68462
60372
72342
68984
43675
55378
52367
70067
52983
55962
61726
46669
60880
69271
65813
60193
59562
64649
73025
57625
45782
63565
65691
66451
62790
67039
58050
73994
74911
59165
57001
67314
48528
46798
45453
70883
72547
46306
58923
68346
72913
43003
49199
71549
68379
63533
64495
59325
63318
59138
46681
49217
66054
67778
69930
57376
49391
58097
59234
45999
46888
54296
42484
72284
70513
43209
72897
50138
43206
66013
56263
59519
54581
61440
61590
57578
51948
59504
71684
57576
61334
63233
47138
55705
50664
53605
46703
50894
71030
44970
65099
60342
50380
69124
52142
49850
72122
48077
69145
74917
54255
56266
63437
60168
54729
47536
68924
70109
53100
71910
51389
72810
73746
57485
42627
49512
57762
51390
44240
74341
53891
60690
50278
70247
70066
59496
62783
45010
57618
56802
56189
54667
57860
70449
59556
42846
65592
65555
50439
48541
65219
63257
58752
46090
56177
52142
43364
73719
64604
72021
70838
45484
56253
69682
64155
66825
75267
60108
44046
58733
65058
61713
65237
67798
56366
44187
49332
67145
47656
45617
60128
68468
66328
74897
43446
71058
63579
54380
68781
45455
65855
74163
62090
67436
71885
66065
67027
46310
52710
53433
56709
47954
67986
52065
71177
66764
69524
57486
63077
50320
60738
45843
62896
46760
51859
63188
46280
66248
53626
68304
49223
50806
73586
62559
44722
68205
62810
73655
61172
42820
72068
68021
56075
56651
73737
46811
58114
74678
68959
72597
58399
62205
67373
55744
65629
69250
67421
63340
68124
70005
50547
62177
55320
49908
51742
55265
71064
62839
57613
47661
58088
62828
56580
47435
55816
51998
57903
61829
52134
54235
43702
65077
51274
63062
63889
61760
51665
63050
44958
58337
69916
43872
46833
66728
68617
73555
47211
50882
55202
55122
53134
71290
45717
52390
45199
46848
62437
55444
62637
44393
55774
71557
65730
56568
50510
67428
47640
47260
46322
58696
64893
44473
70959
69203
68762
44075
47106
59354
58752
61321
67898
70341
47236
60838
53989
60985
61517
69214
75272
44405
65579
69775
48019
66810
60586
49253
57747
45807
49768
58075
51370
59075
61219
64126
50620
52244
45334
51572
56300
48336
69766
46270
74439
56986
71576
60602
56510
44911
48229
65260
53722
50569
45392
46333
49835
50819
69528
58628
67458
55743
69673
71429
45024
72197
50872
74679
46637
51820
70414
45195
72621
53886
48292
44265
65713
50583
60529
46269
68874
63886
63744
64562
48323
61591
47301
43197
58640
72296
52913
47966
66945
45211
75012
61475
47483
45652
68195
46829
56809
49955
75050
43382
48943
61740
45315
74387
58207
75397
47800
55991
50352
51679
52805
44473
69676
53865
52018
60887
48296
54001
54047
59386
69113
49228
67233
64828
55397
63225
66636
62887
71768
50177
56849
61503
45656
62753
63691
70723
61243
46123
68116
59313
67736
45482
43101
61192
55675
58053
74046
64081
67421
54886
68106
50016
46931
58779
48807
49496
74629
49980
49820
54637
74978
44750
47212
46318
66834
52903
58147
46210
44204
62803
58926
55474
65962
54839
46959
53159
68122
60788
63377
47157
75542
73486
74905
55833
64501
53582
55998
45951
54723
67172
71547
65480
75503
47441
45794
72585
60228
66052
66355
59863
67610
50371
57005
73410
64718
61645
61348
70431
63343
70206
69332
66955
74170
47922
71669
60588
47689
67629
60560
48826
52743
50107
71952
53822
75239
60755
53276
48154
48342
75649
45092
52938
53742
53573
67386
73449
60140
52918
67876
45303
56036
50410
43951
46169
74035
52506
73030
61345
46262
58114
68034
49680
69433
70279
74116
56921
68914
43164
71361
74408
62896
60262
66846
45539
48782
73118
63357
45616
57580
53560
65558
54455
53727
52546
71369
68265
62312
68366
45490
68481
70051
69267
52223
69770
49217
73233
52990
59809
44088
72948
70010
53052
46521
69115
57672
71083
58979
65689
51997
75166
71606
60828
70819
56808
56778
50956
72907
49794
68161
48982
71268
72915
56186
68521
53485
61742
44039
75169
66471
60829
46690
53283
52975
46557
49371
58248
59339
45225
50645
75005
74179
47676
60466
44329
51954
57361
58380
74257
69212
68077
64422
51257
53378
46111
65698
44812
47668
73478
49524
64638
58791
71637
49942
72688
57799
48787
65277
54356
65486
60774
48461
67985
73494
75024
57161
44329
60203
74426
44557
74265
49189
66289
65919
71681
43317
71150
54147
74116
44413
51482
70510
68082
57125
51665
52670
44580
57515
50534
64520
56488
54394
60008
69937
65823
60095
69412
71137
73442
65912
74091
59701
57068
68301
50070
63924
46324
44452
47814
68229
57305
54384
70257
55519
51523
73289
71962
46528
67720
58946
72287
59362
68812
54519
64057
59883
45677
45157
71040
55523
51102
56831
68525
75500
50257
51966
54756
58925
47451
44792
53042
49168
47826
56500
70163
60589
51642
70973
53047
48774
65761
69941
65925
71284
67848
46188
74593
54241
71747
73649
51498
70968
65699
70888
50439
56474
70161
57693
47076
60627
54141
49752
46007
62092
55097
63474
54024
52673
44703
64038
59824
69494
49402
66603
45793
65446
68004
59905
73830
49021
65899
60491
44844
56263
46905
65116
58626
58279
56309
45716
56221
55180
50596
49389
64735
66657
44500
56273
54361
73476
44858
50991
72206
46074
50842
58829
55929
48993
56039
45280
57298
65829
69804
52698
49294
57719
60586
46723
46885
63867
68034
75595
75543
70721
58902
51166
62257
48119
68460
49658
67852
75613
71379
47741
50648
72569
58248
57539
71767
71051
56602
67630
66604
53571
48333
65542
59990
65330
46652
73092
47864
49023
55107
44073
62555
46299
73500
47188
70453
50102
69832
59412
55340
53683
50353
54843
67222
72026
48525
74676
65667
58894
66693
45846
58365
52286
53399
49784
69006
45535
48441
55176
74755
47897
54335
45527
70000
61248
61182
46967
68980
43527
45746
69576
72894
44272
44061
57487
43472
58631
52849
57672
72451
47312
55664
47294
68044
62078
60114
55512
65341
72293
48871
52406
55759
54706
58493
44284
49246
73050
59396
44654
50805
57680
47600
65214
75212
60411
54367
58273
45327
72167
58364
53288
58337
47547
63523
58446
46113
75883
65094
68302
67692
64942
68751
76087
63459
56499
49094
71233
46894
48399
45174
51810
54977
49147
49995
65181
46685
58812
55487
44443
53722
46946
73717
43772
52005
47285
69861
50415
54661
46701
53690
74752
58914
50337
68472
56626
52679
65922
61922
59982
73703
61513
66203
64634
68318
65646
49035
56589
66938
70939
59524
53410
62906
73952
63526
45164
46293
43432
59392
44489
70782
51436
65527
62489
51559
64550
46316
72912
57092
55689
55961
43466
71825
64751
44220
63967
58198
49427
62328
60344
48682
71936
50936
74464
47670
73161
46677
74526
63739
74875
54714
46595
52119
61520
63430
52927
55107
54565
71217
57401
58145
56878
44467
55646
45877
52457
69921
48056
70832
66640
63450
65603
65397
46163
52065
48765
61654
55685
63563
51645
58270
58646
50780
47301
67925
73985
64493
68506
75967
74886
53392
58260
50598
60635
62199
65969
62937
60959
75282
65326
67445
45199
47480
62553
56419
52732
57608
65953
73506
58237
45008
61167
46279
52065
47662
54585
69698
45927
74548
67156
51938
58162
72017
75529
75292
50935
67118
44908
55944
70265
62935
50537
55340
69687
63771
75168
56317
61667
67381
69235
65187
44823
74412
57692
73853
56132
50551
61060
55013
58347
55397
73362
48821
44559
47548
61121
55305
70122
71456
62262
53063
69599
73399
54160
55133
53680
52107
62912
63818
52209
53552
51995
64736
70588
60070
62381
52936
48295
69760
43985
67526
54003
55878
47103
63806
50694
69401
49892
58104
55067
76181
57784
46624
57401
54012
45772
67985
67425
72080
51810
74579
45580
58944
57794
47969
52437
62855
64650
56240
47986
55186
63558
65902
66792
48033
47680
58247
69631
68271
61338
66158
66548
70997
70553
58650
74095
55532
45124
75599
75700
73714
68910
48414
72221
65966
49296
69551
63944
66839
54938
55102
51085
60147
66315
54884
57907
58172
69888
55960
70883
45511
66825
75253
59868
67112
75138
75326
71017
68304
56609
72991
68880
61304
43979
73141
73485
62147
72108
66385
73215
44830
57478
50553
62688
44779
48969
52528
46906
68576
44005
44920
65944
73129
55132
61716
48699
64469
47131
46994
74255
55023
69258
68489
62942
60651
71650
69664
65474
72901
58175
54223
73952
56676
64758
73322
64339
72644
58408
57435
46183
50260
65175
75566
75528
64413
65209
47956
72314
51749
61451
52000
53578
49043
56744
50966
66692
53523
50970
54117
73510
63228
55152
62130
52693
52657
70288
52759
46799
48581
60623
48748
60961
61282
65727
64197
64026
68843
55112
69691
64511
71904
62971
67312
53504
56066
75682
55373
49003
75960
45852
72334
66592
68786
62568
66945
54341
70092
68607
46218
75578
46389
71783
51691
56527
50128
44549
55106
70581
75482
65843
44883
50227
58318
63122
66824
62234
54149
69025
64438
69883
54434
55695
68770
55703
64813
64590
58820
51095
69502
55273
75211
61566
46685
59927
72033
56539
52327
67088
56751
45251
45748
57503
68644
47230
64182
74361
54130
44417
59236
62669
74202
51100
67992
48156
50346
61045
64438
62795
73988
73525
65679
59639
59872
55937
67973
76040
63316
44716
59375
68745
74516
45611
44479
73143
52789
66121
65890
44631
62518
72220
59623
67149
61248
71095
53348
57451
53677
46497
53141
76167
63688
46726
62151
46544
48339
53549
68340
57442
57935
63146
51504
51479
45175
72917
76099
74912
53518
44794
61336
53973
56666
63186
48726
44874
48241
70066
67020
53283
46771
50691
54290
75561
58008
52466
51181
47389
52908
58472
76532
57164
68823
48445
63217
51043
66274
72105
51850
75141
74807
45051
69921
52379
63720
75149
57848
73963
71155
46583
55961
71917
60101
55939
63605
49241
67580
67041
46539
61829
50033
51228
60875
47342
56694
61133
52220
71444
68444
62863
51931
70796
68409
55986
67013
56400
74983
44084
57878
53337
48208
57580
54163
52336
55529
53769
49157
68417
50813
59579
50727
57777
45868
54320
60354
50289
61107
56258
63255
52179
44782
74095
63357
76253
64923
59529
49483
50845
45920
46254
57592
63163
74768
54523
51585
65621
57386
44925
49675
57862
44962
57576
54986
69704
76260
66700
53537
72957
69399
47236
64267
64840
50846
45617
45497
57761
75493
63207
68477
54313
59994
68837
70886
69946
62905
47243
59693
52803
54157
72135
76239
58067
67828
48593
72060
67571
75682
63768
56880
74169
49448
73084
44704
50970
73590
57533
61143
64512
59039
67379
65569
53660
66525
75456
51240
57598
69077
71172
45917
54243
64028
56271
46745
61390
52217
45788
70660
55130
73837
62908
59191
62926
47984
67344
48285
51442
64126
68091
47135
64801
53330
65239
69376
69536
44530
71719
55557
60206
64747
56269
64730
45788
69342
58494
48049
44831
75323
55154
73772
69924
64589
57952
54397
65635
59511
54697
74700
75383
68797
44756
76504
44333
76677
75578
64482
58075
68255
72450
47559
63731
67460
56400
61036
69847
49371
50874
73822
68335
63810
75516
60346
52218
71498
51948
74315
60577
59075
52656
46835
67410
65339
62510
63564
71755
62401
44484
56974
74741
45039
68921
61620
71540
75303
52724
66778
71548
45852
47468
57322
45414
55956
65760
63607
74371
49517
57160
57577
76208
67806
71563
72923
71466
61184
74482
58817
69284
55437
74717
74446
44951
75751
61621
71701
71642
66908
52001
69870
62578
64680
71549
67995
70827
70587
75912
72747
45928
48829
62300
46239
60087
54608
49060
53324
66984
60693
75785
52352
74848
48497
65261
67688
58985
61585
60252
56881
69452
66987
53823
46958
55650
75911
57299
49338
60135
74303
50522
65694
74064
51011
65297
54709
75486
67231
46689
73741
67188
65153
70745
72145
45478
47605
71772
74533
44306
64500
50967
66898
55027
48029
50614
61731
64499
46530
46424
48271
44609
47014
58048
74647
70372
67333
73293
69746
72015
68437
53292
44776
53557
72780
72908
52988
53918
72098
44434
56013
60475
45080
61903
58302
68598
61369
60399
68309
71118
71520
57075
51297
72930
47482
61473
55008
45771
73229
69881
50463
49455
67066
50540
62371
74131
45951
72265
65864
59249
56319
57336
60200
69771
59142
64874
58302
69502
73352
61264
75084
58522
46185
51083
50041
47345
49474
49380
49215
44974
73827
47870
59396
57769
52500
45704
47367
46904
75041
68023
55806
70727
46229
46324
58366
68267
61125
73682
66458
67251
63632
56898
46415
76288
59366
65034
74016
51351
72839
68723
55677
48181
71181
74818
65897
66019
60205
71658
73180
54729
50746
68608
71270
49479
68330
71151
76054
53058
67933
45805
54682
55996
57947
76590
66471
76712
65758
46423
59548
54780
52432
60981
61538
69383
64277
63663
44438
60677
73420
55801
70890
50417
57298
58891
67528
72346
64136
53330
62009
55033
60631
46245
65542
47298
62577
76922
77085
45881
49753
50266
46389
44871
67493
58770
75445
58061
49027
67628
72914
45624
55930
49437
58616
53334
44786
65728
70508
69736
54007
71043
52015
73336
49978
50913
48421
70124
64344
72848
74358
69212
58207
75259
46645
59041
46735
54770
62016
63022
51037
50848
70503
74916
50366
63934
75984
51104
58529
59655
45721
54999
71613
64236
70592
75366
76430
44936
56128
72547
63386
72150
75901
69304
69369
63778
44770
53809
63252
67261
72905
68563
60077
52213
59803
56176
47136
70724
53048
65144
75240
53192
62105
58898
65636
63987
65460
62315
46299
55428
48287
52814
73151
75446
55289
68086
58414
65719
63110
68640
72382
74587
50201
60004
62842
54290
68535
45508
49960
66840
72441
52358
68558
68075
62642
64063
63604
61442
71378
69169
59434
53180
55178
59350
54861
76183
73137
55741
62983
74658
63591
62101
75541
47925
55800
56456
75725
48863
64003
50890
75871
74912
74459
68977
74587
69720
60973
70535
73587
73344
46307
66397
48771
50968
46665
59683
48590
60640
47726
56246
52106
60619
46030
75705
54688
49585
74797
45287
46509
69700
51398
64935
56908
44869
53669
73953
60823
65528
75858
62993
51435
76501
68015
58266
75244
70784
63267
71516
74953
73467
49912
61832
57282
68379
48130
70067
70631
69176
48258
47658
50978
61481
73801
64902
69495
50543
58913
60032
57227
72113
65640
76294
64611
73321
71934
50062
65647
45532
52322
64426
69575
53839
73751
65756
74164
53624
47181
55980
66418
56371
69821
52985
63540
76406
48341
45453
72297
60295
62229
53748
57918
49772
59321
64397
62820
59044
47768
48097
74771
48404
64588
58164
46927
64836
69267
62298
62570
46795
58357
61644
63946
51976
58023
51707
55532
44819
61104
51428
70057
68083
57162
49893
53944
66322
58251
64207
74613
54510
72260
59708
56032
63504
57642
57123
67561
64066
73523
46761
44779
54781
69187
67130
65654
56865
51208
68057
60753
70120
72226
46772
48063
60701
58760
77052
66050
67721
68903
64499
76318
73391
47052
60487
58079
51385
59715
50334
74269
67505
46785
48242
72767
60916
72319
69919
54526
64740
76456
61754
77164
68318
46965
45605
70452
50540
70806
66528
46371
74683
70101
71458
57575
56655
59126
59817
60951
47349
71393
77006
55924
51193
69123
64092
64367
57754
65521
52130
59627
62139
51278
59079
66883
62939
54000
46686
50831
75591
53054
48954
75043
51598
45788
75908
54105
69174
53131
68106
74385
63149
65610
62682
47477
49538
45505
59920
65410
47061
51680
46060
57796
61197
45764
54568
54496
53961
68826
66184
47192
68376
52294
55986
65291
70380
50566
53312
49403
70348
60754
64020
72275
54218
53191
48619
64425
57013
66245
67893
53120
72591
71574
68645
71953
66881
53200
76548
61515
50574
72060
72138
65304
52550
71287
54767
58338
48316
45849
62079
73046
45177
69653
60013
58215
50738
50080
60713
70038
60920
46550
55668
67185
56239
72793
55924
72794
76993
55611
56067
73610
71188
49438
49997
58710
77369
68761
46234
59568
75750
63710
46952
69616
69798
56218
69565
65493
59343
77341
76731
73670
74164
54203
57461
45918
60189
73586
59649
77096
49396
56525
56271
73383
45121
57351
68152
59802
53849
57716
65114
71293
55633
75805
68388
62547
49337
51114
74413
58787
63111
62854
59082
65217
69714
47421
75743
55630
57537
64553
50677
49410
65858
48205
75789
73129
74751
59009
48564
48748
49678
72656
48856
59986
63975
58910
73178
55815
45596
73741
57316
65243
54340
70690
53117
47885
46136
71460
48475
61258
63363
74181
50040
65905
69907
77189
48744
49305
75061
55506
61673
51797
59840
71284
67004
54583
54927
60456
58291
66706
47669
66699
67596
76164
67309
71738
56061
70964
60368
62008
45712
57433
69195
70544
63409
52220
63439
47675
74117
73598
68554
53059
64254
75740
72151
65577
59053
48178
57393
67461
70871
60286
70254
59628
57290
47015
47210
74774
49777
65982
63873
74560
72999
68483
75777
59600
48329
45611
73950
49208
55311
50784
54184
63004
63260
75146
67259
56247
63827
63565
76726
72059
77165
47698
55342
70903
77768
61259
46755
60926
66306
76081
66482
55046
71367
50128
60301
52430
45287
63878
56233
61764
60588
46408
72886
69029
50282
50661
51412
65510
55639
54927
61956
71507
60829
53399
68828
74870
50350
68216
62336
49210
56792
59415
70861
69200
48409
53321
74711
65234
46644
72598
56214
54054
60932
57405
76508
59942
67089
49015
56458
71549
75361
71680
69636
68180
55697
49620
71138
67375
61220
46902
66793
63761
55322
52983
72505
73191
45508
60405
49095
53795
62168
50658
47118
49064
61121
77639
58882
62438
74552
64712
74310
74054
66584
61865
67230
69576
47470
54673
48295
65770
66512
71566
74950
68301
47857
74330
59742
77459
72306
50653
53830
77323
53498
55794
60538
58512
66952
65134
55824
75566
50952
72799
56942
61447
72229
68753
64187
55541
72031
67415
77459
76145
56157
49543
45311
64436
70532
56007
46500
48411
73928
65799
70202
69072
65218
60751
55360
50087
52483
73147
46830
70726
57513
61636
47468
76425
70704
67008
46401
76581
51594
67244
64782
60555
53873
48938
76668
58895
45820
74950
72307
72265
62064
46205
55949
65723
61017
51584
48842
45749
58330
53557
53381
57206
74562
65663
49062
52116
74207
60991
74522
57246
56855
46875
73088
68095
51636
69246
47653
63525
77440
57567
71219
60131
49426
60231
76325
76308
54759
60429
51070
56194
60597
53476
73403
49414
67067
67097
57734
74224
63197
51989
54572
58280
77615
77865
59729
71062
75216
74123
75491
62528
57145
74651
68428
75698
49749
74859
74732
49443
77716
67199
64966
48085
69179
51409
48505
66877
50174
61464
62323
53348
51920
70986
65633
47245
55546
48480
73193
63256
53098
56921
57244
77990
57934
46465
49190
73086
77794
54003
69320
69936
47494
65117
53513
75128
62228
55555
60584
68708
56432
57607
77268
52665
55649
47591
64927
62356
48031
56903
56497
59981
45869
73457
63033
71584
71912
70426
57130
60687
51041
56807
54691
63874
62952
60719
70830
48689
51689
71043
69678
51907
70268
77675
77075
58551
57911
72179
51664
48644
64326
50790
76559
65276
49598
45402
73891
75638
75823
60652
63166
68396
51833
73805
67428
60770
76512
73854
65567
65481
50530
67159
77813
51362
60743
58830
61847
46118
76027
68214
67035
54566
65561
56646
62060
71919
61384
55196
47296
62064
63818
75649
63819
49311
65234
59695
55027
62488
58006
72145
77507
47111
72742
75657
63459
74313
47100
49847
57288
77518
62804
54393
63144
68162
63038
48750
65585
61420
46577
51136
48250
73430
47458
56161
48442
76334
77333
64404
72504
76012
60211
69296
73730
67765
67806
59680
47074
67583
65985
47279
49166
72567
70379
46339
66847
49823
52701
47462
67012
69564
69857
76749
52664
59119
55710
54546
64753
47266
75242
69253
53019
47909
55007
59555
46916
59289
51761
77605
58329
48654
73150
60989
48849
70888
53607
56604
48680
63367
47903
53687
71823
55335
65857
74187
45666
71940
69415
70942
55002
78018
47096
52489
70020
60941
64449
50483
48113
73341
74440
53663
70575
72892
74525
48617
60537
68074
66673
61900
53931
46656
46635
48872
45561
64756
68537
48066
54367
71517
54052
53261
52571
76632
47592
54824
75099
71914
62466
62951
55665
52007
55626
72854
66382
69714
60675
46651
48494
48453
66481
68636
71568
73747
64298
60545
77673
67053
47344
65467
49561
55362
58046
61029
50910
70954
66913
48362
61832
75525
73161
65608
73517
57183
47200
53267
70301
71960
72347
72124
68120
50625
76494
47379
67007
59976
68164
64011
53833
52952
71055
59325
76791
58875
48925
68784
69066
77570
63500
67672
65779
71590
72511
73180
65675
73967
69298
73757
50564
52053
69386
57075
69344
69158
55665
63929
47648
56871
75680
47885
49152
67454
45629
57809
59745
57039
77160
64373
53383
69030
62353
45945
66180
65045
53900
48173
54516
76190
77543
46268
50155
53074
61819
77928
60460
54587
62273
49943
62876
55544
56167
46863
66038
45991
74659
53246
62399
62728
46792
48957
74109
72158
56727
77141
51492
65945
60887
64707
55249
59187
61352
76280
55738
57688
77076
60580
75365
77257
57319
65076
72985
52226
61888
76185
66963
76571
66153
67660
59641
61164
75876
69775
63252
69748
73670
55541
52153
56700
56137
46372
75912
72567
76700
69594
63194
53677
61693
75310
75252
65176
68362
67609
47489
48270
64212
66100
72767
72097
60214
54467
68344
75460
70501
56307
76724
66095
75719
68960
75053
57604
52489
61146
51843
56370
49516
60009
77617
66713
77919
74638
46912
66160
58451
78284
63418
50148
51915
58471
64354
65282
65202
62316
49058
68311
52466
49649
64965
54230
59202
71070
70758
61306
47423
59245
75048
70444
70591
78253
47784
62054
74338
57165
68272
51225
57194
49239
75950
69452
63948
75707
48228
77574
57734
71246
69856
73071
60980
71442
69551
48690
54238
78008
64590
65573
55829
69731
66529
65068
67902
53679
62759
75611
49709
67570
46254
78426
62454
60610
49475
57358
58367
55223
56493
53621
48218
58225
76955
62674
54354
58333
59354
52747
59204
70069
58315
73295
77233
69446
71189
77563
68752
76406
56983
50111
52969
65541
77217
63485
73119
58387
55907
68465
76174
46051
48549
57879
48085
62686
58553
47945
73845
58587
61614
58408
73500
57245
62919
59710
63035
48541
61227
68450
68702
69642
72414
64475
52157
56847
53744
74696
56334
51028
78069
64191
77470
77767
74933
78004
69792
55452
77604
77596
47045
68242
63636
46419
64781
46457
65833
70715
47580
76017
67213
52519
64336
51828
61926
71671
65490
60567
57861
70788
78571
76684
75232
76606
72537
62188
47939
57619
61283
69811
75202
74387
50025
63885
78322
51794
67263
74320
63705
59022
49852
70345
47010
66066
53261
71099
53141
62554
63055
76325
66119
64760
76254
72132
48654
77367
56295
55513
69304
60157
69829
70444
67197
64502
77962
68177
78641
65518
50651
76074
62399
47999
73474
61613
49618
68589
66878
74215
50133
65870
65117
51521
47902
58350
52365
69379
74342
76017
73840
61718
69757
72250
78190
51726
78651
46476
77903
51560
63162
67311
51209
49423
76994
66134
73942
60453
51333
73854
72074
70401
66189
49945
76580
77940
63730
74796
76451
64593
73680
54454
56603
65324
71160
69266
70151
70497
78310
56734
47073
63321
56052
58397
73456
54536
66253
48730
56930
58042
54051
51599
69530
65808
58277
53764
54219
64069
68651
60539
55238
50870
75572
65228
51728
64162
55443
48077
63288
49454
76901
71284
65639
67756
74310
61504
57401
50204
63685
67284
78283
58867
52501
58598
60950
63516
58117
55895
70523
62781
76081
49059
60318
51003
52602
67708
58232
69376
62901
59826
76200
72060
61600
71254
67338
75241
62234
55327
75147
57684
46483
67340
47420
47961
67009
74827
49061
63534
73876
72794
51547
74723
59501
62572
66005
51943
52107
59150
59771
72655
61125
46090
62976
54867
61567
75660
68850
76697
55255
72835
68751
62391
66591
65098
55003
56435
77968
69000
70383
62796
57404
60501
71828
48319
50757
46494
47632
70339
65101
74698
57408
46230
76077
68253
77031
75195
49642
75869
71494
76356
48869
70196
46829
46669
54097
49110
78032
63177
58602
64099
64157
55169
68068
78479
59469
76377
74530
66048
47098
54229
59049
56312
69616
73949
61012
78131
74502
76221
73417
68371
61231
58992
64171
57850
51788
55326
46610
78583
78148
60387
73272
71846
68951
64210
76149
60241
58287
68410
50029
76891
74552
46887
76168
49375
66738
56364
60322
49044
78085
63584
58628
54772
74196
55463
49555
67741
61524
64563
58184
54007
67167
53578
48096
59927
58820
77641
61141
75491
63970
78313
53132
56183
75637
55745
69584
71624
69295
71180
78463
74119
78731
72621
71299
74569
65630
77168
77316
55012
54958
47507
46556
77596
74312
61573
65868
50303
74381
47341
77293
67981
56845
74990
54249
68124
62551
52393
67178
47611
49678
78340
47187
71382
68416
70058
55599
74073
73716
50516
48742
61848
77570
72518
76983
60079
47912
50972
71138
53669
58969
53190
56997
52119
67416
73426
49386
67346
48518
70889
73279
70848
63225
51101
54918
78663
72909
52322
63214
70254
55743
46297
54562
53634
77559
73813
60096
48376
52006
67224
66828
69459
55249
73693
72934
47432
78061
69148
60153
62752
47787
76681
68662
76127
51605
74333
51841
56995
53466
78298
56745
52430
51942
50313
47262
50023
69686
48071
46814
61758
69739
70783
48689
53071
74141
51513
75926
78569
55793
70996
68221
51984
75630
64911
76086
68895
72204
49615
46506
54450
70670
72732
73545
47810
54418
61676
70467
59410
69735
54436
64507
59082
68894
68188
70841
46946
62052
57314
58782
76994
50575
68354
48094
54184
50038
60421
61993
59721
68742
55672
73066
75067
55058
55599
61876
55954
72683
60041
62329
78922
61745
50676
51454
69861
67432
46516
49163
49492
64718
60385
56295
77595
64236
63919
65412
77233
53868
52211
67574
64293
67882
53474
60201
78855
69262
76571
77524
48774
68120
71144
52137
61654
63548
57024
53455
63189
67953
71697
56209
47853
63365
59709
46936
54844
50483
73698
47574
52210
72695
58975
77701
70651
48161
50068
60496
47327
78633
51177
54415
68838
52290
68497
62009
47743
61233
57872
59989
78818
57696
59130
59058
50677
73006
51198
51160
53868
78730
61476
78654
62773
60352
63571
53694
71955
71058
65814
53829
49033
49547
55711
66767
65529
54160
71693
74131
66061
74680
67306
69754
63318
74078
68600
50390
55347
76916
60461
65873
59381
71961
69884
71715
50240
69998
78550
64393
66484
51622
68849
78450
75725
47709
65096
66939
58888
54571
48099
63517
68680
59256
63576
57893
66679
73618
74898
48485
47984
59388
77265
64426
61213
68874
56562
63726
75740
57514
47857
56782
57640
53381
73388
67134
75125
74311
51177
49275
74075
51770
76699
63553
61943
69658
54625
74303
78479
63013
66128
64456
68980
71281
55538
62155
54317
60034
57998
51717
58065
78108
76202
52597
53941
58966
74191
76560
49223
66032
48268
50103
75834
61414
53181
67686
73700
63301
78094
47022
60644
66366
76474
69477
49159
66169
77209
50844
71533
53420
58457
58321
68583
56939
68619
50022
69028
68418
79330
57938
54285
58881
54840
49431
66797
51031
50386
62196
54997
64162
70245
77147
78527
59654
55129
60325
71921
64188
57292
64261
52516
74413
55514
66234
69094
51264
58140
56457
56125
66416
77422
53611
69773
57121
66294
69251
54715
71092
56162
58962
76691
64473
62576
78382
71527
69028
62900
59376
78329
53732
71574
47086
73116
67504
60058
50985
75669
53826
74724
55751
71879
55049
70395
65987
63888
66041
74957
75235
52462
58406
71667
62698
67302
57489
50743
71951
49702
72513
75603
49071
63721
56982
61692
51519
50459
60123
63519
79236
60349
58394
46955
73734
46988
53812
73487
57538
59101
59184
70085
75039
78028
65492
78607
70947
75157
70258
60096
55527
60994
65541
49599
70216
77703
64381
64520
73440
70634
64342
70643
79413
49446
59759
64185
47151
48338
66842
49716
49104
66622
76655
70630
52767
56222
63975
71997
74085
71786
65318
47381
68764
60164
60951
52863
58149
60316
67390
48321
52409
61009
76874
66718
71074
58008
53738
48855
53035
49634
50146
73713
54357
53625
61278
59705
67275
48043
75654
60166
55320
50219
71762
64574
62232
72628
56224
68379
72108
71407
58500
76591
68274
52375
79071
50342
66613
57051
69939
51404
79328
62468
75445
69583
47033
74327
55204
50117
55564
54077
74202
64752
56228
57761
54177
62273
61249
63386
66247
59676
65863
61258
63989
78683
79028
47878
69692
66197
71252
71862
73457
53664
57656
70783
68027
73044
59236
73376
68842
51602
62152
47258
50698
55173
78450
64916
76472
53544
67585
68093
57781
69129
51549
67187
78393
79180
51877
55780
64906
73970
50281
50931
63180
67164
59930
63645
68891
67594
50366
49692
48087
70825
75240
71179
79167
46925
50920
63692
72514
48379
59455
61991
47761
54122
66902
49715
64505
66826
61551
56698
65520
79430
60123
62552
71790
67590
68973
68004
70910
50041
70960
56466
70932
78609
59477
76248
54433
68815
59247
67600
75493
53696
57059
58206
70532
50888
76953
56402
51677
60062
60920
69136
56983
68888
51730
65454
67452
60329
76827
50397
51595
63272
66080
70092
52552
75474
54261
50761
52567
64659
50800
78890
54089
73345
57044
74987
79542
76201
72336
58008
70284
74255
77610
51181
74918
74736
67190
72637
52129
47690
51979
48016
71403
65183
71927
55696
72988
58869
75442
53670
68746
57121
64081
55776
76311
75333
65276
70166
78414
61848
69282
79565
53423
56165
50155
64347
74054
77143
75887
53068
61571
61683
70437
70405
77125
59750
51998
65447
49464
55937
49779
50742
50017
49410
64892
76283
47351
57365
64066
72230
55413
51226
76855
69304
66285
47785
57381
76960
59295
69587
72805
62756
67018
65707
53585
66691
65730
64262
60923
74713
64067
57982
77088
78402
59141
58045
77399
76098
70032
79608
77710
49253
48978
68281
64183
62498
76783
55266
56255
62469
52952
58863
78528
48142
73503
52859
63095
56660
51594
76549
47864
47597
68838
53237
69792
47122
77981
47322
53068
77951
51595
68086
74184
72729
49422
51964
58763
50387
53852
48920
78497
64978
61978
65072
73704
75472
54314
78698
71551
65214
66500
74990
53116
68013
49608
59629
47837
69102
73042
60386
67266
60536
64143
76823
63449
55435
64464
52843
48153
78483
65757
61524
66739
68175
77964
56096
64581
68658
49298
64640
60753
56842
61336
51270
77039
77535
58770
59246
73150
65054
61004
55387
57120
56823
49733
58468
64679
79107
53697
69263
78282
49962
50714
57244
71133
60868
77143
78662
50240
71422
66559
60101
54486
66687
69936
75927
47288
72012
51435
63872
53035
59113
75954
69328
50896
55746
49749
60900
73499
66761
59657
47343
56838
53343
79034
62715
52743
69752
53154
61738
55359
50682
49691
78658
52980
69479
78001
68968
48193
68796
49276
49452
67852
47769
71085
54214
69689
67745
73830
63391
61981
77604
76751
77588
48182
67580
58214
68726
47385
61108
49814
78677
64683
60400
74380
65278
65684
77832
55878
62018
58609
73975
74988
54393
76105
65396
49764
73671
61891
59230
67105
74910
76950
77661
51259
67204
76736
60359
60613
62999
67323
71872
62811
52302
55789
77734
53498
60161
78495
76716
56852
67244
50224
49604
53988
48496
78283
53187
65536
73562
67030
50879
74029
68584
76140
70844
77942
67785
61454
53640
61312
62949
68501
78564
72472
49821
64619
68580
64782
67668
53755
56217
53318
77358
53094
77549
76556
64023
51320
55757
58280
78600
51930
52110
74546
80005
59273
66185
72360
78699
77958
58121
69182
50152
48848
62824
76533
53451
54415
53108
55919
56318
61330
77079
67842
65616
57339
64568
70155
64632
79673
57308
50821
61271
74551
61073
49626
76158
68051
77836
65784
79856
63634
73233
61352
68649
48274
76947
57371
58719
79552
72989
73926
57095
49226
74096
74865
51355
78680
69998
61578
76443
60407
79926
50622
72914
54613
64657
79563
53722
55092
59533
74127
64482
79769
54375
48741
61103
50372
80046
47538
74465
56165
60326
68539
65144
72973
52715
66234
67222
60131
76374
78640
56966
63640
52516
49788
79870
68509
71253
49069
71841
47763
68435
65173
71880
49411
76756
76062
65410
47951
69121
64226
57306
57064
67032
56053
72536
66242
56271
51205
60874
68613
54970
51878
58947
70406
72942
57831
61797
54389
77991
73257
55516
49880
68519
56881
56363
52279
73248
57979
50859
75801
79060
76497
75472
49584
68219
53789
68271
70225
67685
56444
58813
65575
64096
76691
66522
70951
47580
68902
77198
74310
70733
71654
57746
74474
61649
51851
51090
62623
63763
74019
49201
79628
51567
70826
79438
59429
60503
80090
71045
69794
74997
60484
68089
70831
52497
52896
60753
64741
51766
61794
66817
52089
56848
63118
62923
78259
54809
70092
69765
47522
56949
73663
56348
79887
64537
51091
65753
72367
62003
56021
63715
59036
71366
59272
76294
64262
55957
77941
52402
60454
67651
65474
50247
68212
65208
67526
52367
59930
60103
50716
73868
65192
50189
72950
65141
73481
69916
71348
77051
66998
79577
67510
58832
74025
55074
66158
51562
51349
66228
53689
49157
75988
49740
60783
60391
64929
47885
73016
69863
60167
61986
48546
70960
68377
62372
56177
65347
66532
57534
71991
70971
80290
76047
70436
65877
61745
62287
79134
73647
63171
63798
79636
55632
72918
55961
78736
77929
75623
76759
68748
57818
63330
50035
70279
49144
68190
68354
74200
76430
74375
55112
76353
51234
76507
68510
54471
58489
76698
68758
48065
71773
58103
50658
59696
73373
54804
51058
69454
64086
60973
48605
77674
53873
62996
51714
74482
75373
68573
64495
47826
49246
56026
62722
59644
67638
78282
62797
75848
72772
51533
55359
71295
54010
52891
50305
62642
68083
67190
70431
66001
58933
72797
78312
58233
59827
61955
66839
69900
66070
66303
68659
62727
62652
78021
52787
80016
52225
68309
53478
60751
76222
59186
73618
67967
74512
57110
74972
59973
67931
66532
56295
53312
50318
57438
72896
68193
74408
72216
67578
49917
49275
50988
54677
74528
61359
52272
68389
49189
48651
54885
56623
67459
66032
50737
49111
72938
69670
73168
60088
56975
65244
51270
54292
66500
72169
52376
59181
68043
60504
49467
63986
58092
66340
70605
50654
72645
52544
63747
59422
60130
48346
71907
77042
56973
69089
52019
76373
72935
54725
63537
60896
59960
49278
61828
49644
59780
73423
55155
52727
52063
76236
56917
71241
57089
73626
67656
73430
80285
73078
75558
79207
59375
56056
47797
75509
56853
76441
65310
58453
72095
58228
49057
55835
76265
71753
49542
65464
70313
49095
56151
57829
48324
78347
68684
76869
59750
73572
75783
63045
56145
58457
60033
55112
76405
57069
67653
67073
62913
76065
69340
67359
59194
56507
76168
77616
48714
50246
73269
64447
54362
73050
71340
67520
53155
53277
68106
73519
63552
49162
55920
79347
58248
72177
64253
50696
59804
49983
78329
55517
71996
52864
52051
49147
73183
71970
53070
49384
52226
63100
70007
79947
51136
68623
76762
63568
63907
49931
80501
58958
50618
62229
60141
72616
80107
76359
78976
69105
73867
79480
52283
66131
49196
54206
76141
53297
72118
74802
77403
79627
64442
54515
51509
52130
51714
70766
74057
49245
78957
48604
74871
68844
53242
56843
67813
80171
50722
62818
71412
53065
69227
72480
53106
80169
58938
58852
49681
68872
64232
48498
75799
68961
64025
63924
71512
57357
64585
62207
57697
49327
64936
59288
62199
78415
55592
55927
51136
62533
63956
53066
50751
48729
79459
67517
71686
67624
68365
75257
53798
57290
75165
55402
66027
70577
63432
62150
61894
78804
50109
71755
80523
77325
55037
56136
62684
68032
59245
62942
73445
67262
50857
65544
68171
74601
57244
50905
58974
52760
78414
76037
80534
50621
49660
72867
58685
60869
76142
49713
62057
71999
51589
75993
57133
69953
50708
75762
72976
55943
50416
61898
59838
65118
74571
50083
52990
56000
70973
55035
57060
48577
58276
63505
65608
53290
48174
58788
57207
70499
51124
56830
55079
63126
64202
64817
58801
50961
54420
53409
66170
65516
65499
50114
59314
48364
68191
51747
74818
54440
75375
60076
68095
56810
76472
69668
52260
74840
50267
49909
57855
53332
69442
77876
66026
50720
67763
74204
51325
65606
69669
52314
57346
59703
59987
70991
48169
63538
64144
79761
48638
71015
75354
59507
54295
67933
71473
57926
60178
64401
52906
63519
49727
50272
49343
71387
63641
71206
59497
55137
58875
49576
68209
67111
70800
72111
72322
50168
61068
80374
63108
74740
62489
79174
60453
60120
69012
61152
48312
54143
52730
74523
70467
64681
80285
58190
73939
58364
58652
67824
54035
70216
65681
58366
55581
56591
74508
75933
60048
57669
59969
57345
66787
72532
49789
57485
70393
49251
60127
69948
78581
48344
68036
64575
69199
64539
58755
62696
63528
56733
71003
54470
50650
64282
48809
70674
71124
74779
78430
49481
63653
78526
65201
72731
77910
73145
51473
55172
63997
60317
66654
51001
71055
60248
55128
64581
65526
54782
51032
70900
70499
48585
64318
50160
66022
61022
76458
53930
56892
74321
68975
74491
75496
78316
57156
62476
67461
73516
52157
61043
50266
74509
54906
80798
66607
73735
70559
76917
60511
73177
50307
78651
49967
78469
76973
79029
68702
64668
78588
62607
54269
70331
74533
73979
72577
68694
74595
49563
72983
67508
78441
69025
55607
53563
49564
60725
74364
69614
49023
76311
72627
72500
75374
70533
56370
56795
58256
72031
77419
59996
76295
74377
72896
74849
67177
74385
49305
74628
50804
78481
67508
78682
67837
78167
58301
70832
68138
77508
71711
58388
65505
75378
72217
51608
72320
52633
79636
54738
64975
63540
62772
77863
50739
55647
57901
64074
60964
74500
50264
68863
75744
51382
57862
61989
65377
59869
54036
49139
55437
75540
69823
80258
73134
59087
79802
55435
78369
52545
77950
74867
64850
60285
78306
64132
74216
59867
53739
76670
79164
78237
71909
70222
68368
55762
51890
67613
59774
56187
55907
55692
80174
53485
80901
74046
67020
50294
67773
76696
58041
53827
76056
51140
67585
74113
63900
76284
80782
63683
73123
49925
55963
61860
62569
78073
71531
69549
58467
77130
48954
48761
61650
72708
72820
64278
52633
73810
51493
76975
58699
55876
66992
61544
66953
78287
59333
56458
75147
54038
62861
65248
64252
49127
65831
72289
53515
72329
55384
59406
54719
69045
72830
57118
53642
62946
54982
51289
64802
77766
72863
73922
59788
77849
55407
69496
77433
51356
68228
62174
53974
48730
71245
51450
74655
70957
61386
63259
60660
78981
48449
79039
51566
51557
49459
73139
64435
68014
73870
77692
67144
81056
55588
79350
62887
76958
64604
60219
69778
58929
66087
52934
58022
59472
51254
63449
54579
76255
69995
59163
51787
71797
72077
72582
60953
62562
69951
61056
78452
77297
71219
64328
75956
75754
64411
71060
77253
66395
63200
70521
72826
55448
66711
61066
64035
65921
72113
65604
53601
55555
62705
56746
77625
70626
74916
71212
63080
71349
70796
55757
64758
60722
79901
51845
75790
50859
74988
64740
64013
72665
78180
60409
50905
57817
60346
58482
66164
61044
64804
76548
56785
61859
52550
57870
75238
75858
63981
62073
71938
76901
63232
64482
75361
67065
60084
69627
52222
57836
72190
81198
67240
70047
63822
76932
67672
79866
79226
54982
75970
51121
51448
70882
50218
79558
61777
69519
64633
68432
71890
53812
69776
75130
67717
66822
48604
60110
63072
70257
57386
79540
50107
80826
50109
78901
65544
57570
56734
66821
66494
65485
56884
55745
79766
77476
53780
57205
56314
71031
50458
75361
58554
76583
72633
58877
81154
80259
71311
49722
67465
60593
78909
62987
77578
61904
58741
67364
56056
59611
51029
59137
72814
77264
55283
75051
59237
81170
55609
71351
76841
79628
54771
71439
75022
50968
64806
50677
76894
61855
51107
59076
77463
68993
72669
50425
68819
60599
58360
49651
66440
63543
51746
61431
59761
49943
69414
56951
56012
55542
77630
64404
74950
52120
51497
77537
66868
50128
64382
69994
70275
72099
76864
59125
57330
79786
61106
81031
78334
52664
64365
53290
55070
71357
61103
75246
63665
79338
49398
60974
63541
61206
77262
74004
76985
48737
64743
62303
70805
70423
57706
67684
53080
78295
58253
66899
62466
66036
67686
59836
71540
51739
76796
53586
71460
73782
49572
66286
64533
69777
61067
61655
68103
49211
78479
69184
52971
69296
70483
73234
50841
64180
64914
57068
59077
52866
53427
79976
75567
55078
51358
52641
55835
76584
80335
71922
59649
50282
54184
62720
51589
61779
56588
79610
48809
57645
73513
81439
80450
53196
62101
72833
62121
70769
74397
81161
65714
71662
72410
76476
72162
62986
70405
56636
80604
52774
77067
77458
54813
67361
80228
56874
56041
68218
71073
50463
75909
80564
55621
73658
49575
76031
50390
69685
54315
52756
75572
48836
59655
51809
77097
80598
53377
61798
53056
65943
73376
74847
53723
52666
52192
49187
68480
70775
52777
74316
58740
54223
81410
67992
51851
71191
56323
54671
63550
52916
68232
59750
58878
62500
69549
79396
79560
64318
78710
77827
59642
71610
69197
78617
79973
58867
72626
72503
59043
57836
58670
70418
56746
53137
55688
56992
57506
63552
74812
74949
48884
57736
71977
64559
81316
57649
67722
49023
76512
78460
69415
60585
53209
61611
79565
70557
79057
72388
64251
71719
60277
66707
67038
51987
54126
55534
80255
73366
68915
69949
55612
63977
69409
67129
59253
61495
69837
65011
68487
57017
49305
56088
70654
79392
63365
53620
59654
62259
57160
50102
66339
68281
81568
77427
80418
52377
57318
50285
65616
66112
50661
73748
56809
52291
74476
77389
49363
66373
50722
79475
62604
73756
62234
74651
54882
61231
55207
62237
72162
70434
70642
60496
78226
72374
67785
66964
77795
77290
57402
72342
78945
71271
66657
55247
80173
75546
63614
65358
54445
50979
51274
60088
50050
74734
65932
61069
52922
52895
60391
66220
57927
51380
62198
54298
59312
50149
63131
74751
80135
72015
62867
71665
49179
80850
50766
57205
71150
76216
53758
53955
79466
74135
67055
61130
72783
73336
61206
53876
55664
57144
78828
74027
65311
64815
57469
61084
60134
54800
80059
71611
52088
52496
66841
77063
61926
75595
68949
53775
49942
67427
79253
79413
56690
52330
61878
68274
50909
55298
66273
72154
79595
65474
78687
58273
53585
77276
66734
58207
58522
62717
66516
58064
65820
72565
79859
65119
64555
57752
57118
81572
78732
67428
60779
60203
75052
54628
66121
64119
77586
77011
51220
49990
68499
58117
61927
54039
56773
60419
52146
69098
57910
71798
69772
64327
71645
60102
64330
58497
62800
51074
50512
75836
65080
66819
67495
59181
52482
73292
78416
60961
58584
68917
69080
65857
57296
69577
64301
60564
52579
56556
58800
64965
54560
68673
72587
52007
61857
79178
65605
60406
55231
68049
52628
67040
56834
61319
54898
54211
63579
56556
65650
68025
72726
64878
59221
80466
73738
57557
57048
74016
60691
80350
50897
63097
70338
61478
58746
77944
70738
67914
80909
54597
66014
77133
67985
49814
78290
51770
61427
69238
77472
72458
61272
58694
76980
71111
76722
67841
72873
66802
77969
54724
77245
53283
75581
61325
54402
79855
78593
64834
76247
67854
59337
70902
79383
68285
69360
81257
64656
76898
77395
75981
56119
79471
66986
68816
70297
66184
63000
80854
68117
65256
67584
58246
74825
65793
66331
70793
79818
76642
52423
63374
65560
60126
65698
54162
72401
52971
63320
51550
58660
49480
77753
59473
52617
57571
52751
65631
60847
66553
75182
54618
65718
75135
65740
71536
67999
49601
72339
50422
81409
58953
65397
55652
67837
63746
51136
60832
80499
64157
57458
77183
79478
51252
54862
50825
80126
73773
55087
78844
66013
61026
56733
68628
64757
74622
80542
78474
80551
72618
61902
70746
52367
55402
72626
53450
55918
70081
49738
62376
66407
58012
60389
74963
57199
70766
51257
61693
79103
52759
78771
69550
79627
76298
66828
51852
57144
63407
55581
59867
79946
76806
53492
51776
77019
50574
63015
65482
77395
75621
80232
76338
51220
77744
81754
56930
62197
68925
61348
51509
81138
71783
64067
61310
71970
78650
50980
77643
60393
62680
66546
58987
75630
74779
50221
57901
68687
50556
59260
64619
58004
81972
80452
68039
81634
56993
66681
64821
75761
77290
64180
58554
77888
65766
50566
74611
55304
72250
70413
68824
52078
49602
59076
50498
53500
51507
72607
68523
64594
50174
52312
53429
63769
63095
71171
81646
66105
81974
59625
71763
55628
67005
56211
68883
53842
56668
78885
61333
51110
66386
72686
59835
68145
55605
78140
71529
74205
62612
60277
76353
62028
65754
66915
64177
71627
63605
57808
76336
69761
63800
73299
80580
67052
79870
51305
81864
51855
55185
59591
68588
57316
75466
55535
65661
71832
68089
71426
57831
76535
70534
68565
54648
51110
69593
63302
60518
67728
67704
63185
57364
52258
66159
55902
58257
53435
64501
80733
77409
74846
60748
68117
74881
81067
53481
66873
81829
51981
63189
53181
73156
74036
75603
71911
55510
80326
55491
68265
68573
80209
64710
61998
76066
64389
75939
54963
67009
65696
72938
62104
81511
53033
61527
49847
55643
73185
57848
73716
51643
55799
71314
71445
79881
56699
50498
62165
78822
59925
71520
76851
78620
80887
81832
79120
66018
51472
68764
53497
67676
65666
64036
61506
67938
73303
67192
49492
81538
59247
52799
60487
62792
57789
78841
76980
70076
56500
71322
81348
72237
56827
56183
52365
77869
50792
53094
58527
72413
49964
74529
68313
50795
57163
67308
64130
56536
51536
76152
80021
56319
74046
73222
61787
52435
58057
60879
54335
65512
81862
55460
57823
62261
65249
67794
57439
50456
78478
81480
59906
55450
56386
79100
51707
69365
53218
51850
72576
80467
60284
75550
57121
77273
63285
60821
64088
69348
49538
79583
54625
52114
52123
56488
68427
55941
72237
55095
57424
75747
65103
78486
62050
54177
60088
57075
55302
75010
76079
57414
74085
55130
66626
74036
61344
74776
80187
60723
71269
77315
50768
54768
64448
78276
59674
67566
76339
73637
57673
53871
51464
66200
52117
59031
61158
55419
76024
70095
66211
81818
58906
63336
73305
73078
63245
68992
75964
74437
56122
57642
71850
53433
73115
58825
71428
58245
75051
54205
62141
50718
59803
55874
72496
62270
57415
75924
70839
59311
79208
70232
72569
68038
75147
54071
59523
76334
68418
79308
52507
66022
62745
74176
71760
53645
55243
54579
64214
67038
78006
52574
56593
66935
76941
74359
56176
68574
75341
56021
56572
79301
70258
63829
63537
74381
76394
51964
72204
53002
60490
79838
74597
68998
49856
72510
61567
81672
59720
59126
65246
78294
57507
71194
75096
51512
67462
78552
70255
53887
76687
62370
66782
76614
75388
78736
62066
72952
56223
51711
69915
70034
76173
66943
63043
66986
74775
52716
82014
56241
76411
78298
65219
62581
77275
58166
52154
78057
80877
59179
52438
82217
74229
64835
68997
58553
80880
65999
59365
65549
50194
53128
61401
76623
79475
58486
70749
73308
72966
52753
60182
73232
55242
73895
55853
52931
79172
65021
70750
69651
61228
61241
72524
50660
57191
71167
80920
78502
65845
63707
80433
50903
70316
61151
72814
68040
60005
61069
53338
65443
54645
50167
71631
77997
70046
61988
62662
79305
79815
50102
67437
60990
76458
52938
70266
49849
56781
61472
72127
72086
67763
65916
52991
57435
72275
53067
82177
52869
65737
70026
65762
50568
72012
60388
78255
61969
56416
80154
79412
70286
72268
75176
61710
67312
56271
56742
51976
69039
80655
53740
62372
53775
51410
55417
69623
77731
53744
76822
52154
53007
71945
69430
65695
65553
55411
71201
59361
62659
73846
56401
68127
82458
58812
76060
57706
51635
54275
51092
57757
61647
80149
71084
56044
51356
72698
69276
60096
68534
54380
54406
61123
70893
79499
64857
77366
78665
75474
75510
77195
65355
76362
71313
57392
71030
50941
59226
76969
55822
51374
68701
63201
76320
81351
76199
74946
73154
82067
67755
53507
81820
57517
76772
73793
56743
82105
50619
60498
55093
80977
71338
80342
68658
76354
63138
76814
53673
69369
69034
60146
69513
54072
65482
77693
60330
54030
69671
59980
75275
55557
65391
79975
68190
55709
76151
72287
72390
66297
75299
74137
55263
62681
61831
67561
51711
79048
57163
58722
77755
78487
56660
63597
62893
61705
51616
78873
56181
75472
57202
67762
59902
60344
65456
72341
73475
50723
55433
56130
61905
76981
77914
80051
70990
53328
55251
55021
72506
82499
67414
67540
56501
51902
76703
62787
52225
66442
58794
78172
70538
68342
82385
74013
75299
58133
59958
62772
74899
53542
55392
75029
80976
53588
51753
73801
58250
62112
64983
76297
71275
77595
63881
70411
63902
70744
57813
50588
67086
53281
74671
55279
74224
62825
62860
71861
51971
68994
62408
51693
79382
51600
56389
65022
67532
59454
77142
51971
68252
74671
76763
51302
67099
80824
70829
68272
72574
61516
64828
70047
52058
65591
75638
56442
67759
65551
52459
71841
64805
73064
75055
73320
58005
74312
76672
77861
71115
52443
59305
77704
50827
53095
81446
81195
59601
68737
68489
63082
52061
58242
69405
50549
63343
74037
59592
63395
81360
59602
77366
69130
70929
76080
56115
64588
77079
62006
74073
51635
56280
81555
56044
51329
51039
66990
75010
55169
61718
76256
58599
57826
67140
71394
81087
69957
72149
74881
78701
58901
76634
70041
70580
76311
73552
76608
50844
61762
68773
62530
77080
72912
66424
57550
81125
70805
78113
64110
58549
76432
66929
65596
64397
56512
81210
55124
81772
59704
62994
57221
75565
59510
77653
65612
68526
57841
56425
66050
60466
69361
60486
67412
53764
81827
59957
80628
71518
71277
72663
66958
71048
68991
82026
57342
65092
64171
54600
71104
58474
66934
66480
68519
79824
82799
72649
57042
79980
61119
82148
61405
74941
60162
76546
77396
75622
68693
74134
79981
51229
54448
70540
74486
58307
72567
61577
64908
61396
54091
75637
59150
68866
57894
60983
50769
77085
81831
79551
64277
53302
52650
62794
72504
72964
73500
72673
69674
55431
73998
61219
75937
65770
55815
71749
62094
69550
78751
71767
61775
75525
66121
65737
66598
77436
81777
70957
69866
74461
76231
80446
50940
73044
81882
54818
69245
54736
51432
67052
63422
74924
57332
52325
81656
51087
79130
73228
79934
60817
63776
61019
79791
52895
75597
74316
51696
53792
74110
68636
53466
67800
53878
54351
55407
65037
51830
62452
79891
74729
68109
74794
54265
57120
61234
59107
70363
62931
63632
68840
56302
58803
54049
56606
78101
58729
58878
82183
80212
70966
53366
72331
53128
74454
69213
75513
59734
58539
79526
70473
60002
77847
67637
75172
79809
61226
80110
73766
73648
80253
80658
82146
59782
62557
60619
66342
74215
81452
58885
67073
63291
76037
55424
80899
80478
67743
79395
51268
55193
55156
70036
76967
56274
63266
60677
77152
55807
53265
60241
69044
50401
70742
71495
68096
69870
76247
79173
78589
78479
65456
54026
69186
52363
53974
68037
73739
74435
75258
75377
82488
75041
61617
76901
60569
75467
51665
58919
53864
71068
69918
63618
63767
50644
56358
76760
76877
75278
76393
57273
62251
61299
74941
56499
60115
75310
60401
63596
76331
65055
80561
81903
70366
63444
57001
72772
78756
51637
52462
75075
73668
59774
54681
71337
57303
51699
80565
72556
57294
73935
77403
58188
65078
51453
64539
79531
73915
70922
57758
64670
61931
75227
55946
59204
76861
72091
58278
80471
71250
75512
63807
57344
70778
63631
54474
81904
62330
56484
77258
68780
53389
72983
66036
64296
82600
70547
75921
71832
76034
52745
79141
78467
82644
55133
60750
66841
62557
63583
54766
74694
56618
66812
72588
53255
74644
68022
55800
78461
72074
60753
67374
76352
73361
56015
66941
75381
58120
67487
73961
81443
61617
76306
64461
64066
72813
78862
77509
67093
50503
75270
73674
80314
66740
69161
54431
78592
78873
67546
83053
61560
60302
53089
60586
74447
56802
81376
77118
75866
79327
82312
77801
59123
55503
75276
57055
63492
78399
82262
77494
56033
60674
55418
81794
74075
81273
53480
71999
51858
74002
66021
67439
81930
79631
80444
55299
76033
71305
52784
65919
67584
50612
82358
62554
54961
79460
58081
72611
70640
60368
59550
53483
63524
77206
59809
51038
82896
60416
81823
78387
56421
80262
76478
76359
76635
64916
51530
71428
62335
83085
79785
73352
69775
53519
60561
57603
54532
53881
75128
66401
64047
58538
63308
52522
54919
81164
55141
56742
52802
75986
78008
80964
78370
82045
55629
51260
65682
62629
64499
52084
81137
55286
51762
79009
53550
51833
68225
81070
77205
59924
54969
64353
72424
60501
73418
77628
62130
83307
82860
81057
78296
82037
56985
75834
72049
60672
67706
69784
53719
67018
79263
60186
82942
79052
63922
67601
72965
55416
51182
74273
77835
77376
66444
64747
76356
67159
62590
55016
52556
58555
62560
78488
74683
78707
59308
80605
58361
59925
55085
50849
62804
52876
81334
81855
52047
78616
56851
61729
68413
54678
79168
65574
77839
82946
56537
70982
73835
59962
61906
63480
60158
77061
54120
74195
72978
79443
52823
68852
59235
54983
67662
82337
66862
73842
81824
59179
72076
73442
78652
56345
63230
53339
50911
72066
66889
83044
79752
58811
80260
66437
62509
72243
54383
74832
61100
65690
56070
78238
63748
68425
64854
50715
66245
60638
57232
65797
51909
54054
63836
79920
55573
51521
65391
68430
54579
66816
68448
81005
68737
74642
62903
61889
81142
72032
71240
83108
63508
55605
57023
82395
78362
63138
66427
81691
53626
51105
75424
76235
53901
51576
80231
78604
54150
52448
67513
64759
72869
77159
74237
77093
63661
71699
71982
67701
61847
75080
82224
64521
83336
51691
60772
79762
75777
58312
56186
81102
74581
58673
82054
67663
77409
58344
76886
79741
51831
69440
79619
53214
81307
53630
76999
68501
81138
73861
76814
53033
72567
82355
59856
76936
53488
66822
69661
71500
60705
80771
60154
77372
52031
60632
55147
81430
72103
69696
75985
57740
68048
52391
63606
57996
81022
66575
70503
82116
81465
77362
64130
65894
75774
50792
75983
76840
79924
53452
70676
72080
63457
80538
72611
63086
81950
72156
55671
73898
78793
69702
67967
82239
65913
54622
64314
51080
65975
76768
82308
76219
66923
83552
70832
69299
59540
57137
72406
83186
81212
67462
68206
76518
74412
61911
56094
60523
72924
80774
63697
80274
65581
63939
77065
55968
83290
69037
78454
83290
55724
66489
75463
71552
81774
66136
52928
72344
70305
68564
57485
79084
83441
71547
51286
60374
76775
83456
72467
56123
73823
79134
76706
83542
58941
79486
62998
75191
68956
60891
54611
54923
62663
72292
79576
53021
81196
69474
82139
64669
81805
73754
73371
77345
56377
66293
59122
78057
79355
61406
53545
66023
77201
65004
76817
79998
78175
66625
52047
69259
79205
66098
57080
76194
59247
53928
59742
67994
62347
77509
50985
81995
60608
82891
64937
54934
77309
57402
82794
66214
51024
64569
63241
70518
52056
74039
63559
79251
69885
62674
71516
62756
81246
60152
69262
74023
76299
58188
80385
62461
64373
79307
66001
75049
64419
62127
76382
51285
68902
55699
65255
73109
51790
52185
68187
79600
74910
81481
53867
71453
71806
60922
51428
77194
51504
56438
59196
54179
71941
55065
75882
77648
70097
69050
54523
73407
78236
64654
54627
69989
61338
77128
65169
62015
68958
70533
68806
67422
67658
67688
82086
60066
81738
76161
53904
65478
73922
73460
77867
68508
62660
68823
79937
53402
71559
78811
59601
54422
79892
66863
78687
78798
61251
77217
60303
75051
82662
56327
66546
70599
59716
83677
68896
61868
57545
79151
76551
75743
77819
69306
62594
51101
57776
79694
61742
57572
70014
80246
76153
74293
72820
66651
64763
75161
51719
82150
78602
69346
65871
66085
63880
57139
56948
54512
83456
74178
80995
62156
52465
54749
67269
72719
66410
80427
59441
56645
57047
56629
75936
82899
83739
71460
53282
83418
61151
53452
57808
57694
67113
80874
82690
79528
64304
57514
74434
74216
81263
74861
62848
71711
79608
77256
55559
52028
61451
51664
62639
55685
69863
79509
76244
68665
79328
63212
75912
59764
51634
70514
81029
73042
55829
60621
58981
65111
72337
66357
70934
78095
67988
55092
70536
77553
60354
83881
65192
78985
70028
69907
55186
56023
72452
53772
67074
57330
77295
80148
57100
58096
53788
81808
66574
71434
59381
71186
77282
78332
60756
75227
79960
72107
66712
52127
66019
70922
61943
77704
62354
66622
66326
56957
83266
58369
70870
67747
53779
73796
76657
67876
69912
64024
53447
72496
67155
66766
77042
57410
81888
65117
68896
72613
78704
67333
52386
83766
69625
64562
54336
58731
55212
64163
74704
78996
54824
52171
72199
75617
83693
82552
61070
83621
81939
51890
70232
57433
79164
78054
59956
75748
75463
58436
71582
76698
53574
79973
82907
82818
61746
59953
74053
56668
61150
60416
71395
51682
67242
81151
51772
61263
82297
53206
64365
66846
53605
83079
59258
81172
75441
63897
74978
64896
53502
79991
77430
69826
65730
65811
69738
60938
81143
80078
60333
65378
74000
82076
82806
67823
79665
79459
51488
71027
82591
58789
72247
68631
69238
76639
74963
54120
70810
53553
75300
75167
69871
74686
63311
64037
54477
51286
72824
75862
61102
71123
51744
75654
64042
62656
54450
69697
76838
68289
81496
82647
61256
79150
55059
55064
74926
71426
74507
80221
56543
81396
64292
71880
72961
74467
72657
68300
66637
67959
71213
67567
58817
66310
55112
75214
76308
71860
80318
78434
69103
57567
54671
70787
69722
66490
66090
71082
75125
62263
81611
63739
65896
55851
62727
66435
69532
67245
51622
55742
59948
54206
61360
54876
58774
54832
78282
81476
66743
53440
75203
62938
59638
78726
81515
72573
70335
76431
77732
76628
67123
65480
55483
69707
75805
54301
76024
83544
59176
62435
78451
61955
66896
51827
57130
69925
71063
80152
64593
76016
66041
54572
69609
70959
77217
53629
76948
56527
67421
71414
79784
77727
73808
53371
54658
61780
72423
60948
61469
62928
67086
58190
68579
53924
63651
74974
57026
59859
65834
76168
56707
70105
81347
62015
78679
65259
77914
56718
55219
53633
74526
51766
79454
60946
78132
52505
73161
66078
83884
65110
59294
55922
78516
74166
69531
61096
68363
77383
76961
83437
71609
63814
65544
71943
63486
67650
69430
54678
76168
52863
64368
59033
81640
55705
68591
58933
55879
78185
73271
72882
82005
61228
61604
61639
71555
53218
64326
77079
75634
83445
51951
81659
76971
52763
70281
53890
70800
68477
59053
61366
79251
61209
55154
64801
55205
61029
56451
52112
73969
68917
83829
69399
80587
81630
77911
59733
82659
58012
69770
59641
56511
57137
65491
74373
63336
74191
83886
83539
72547
66616
82149
55253
54498
56868
77666
59936
69180
83427
69697
66988
61083
83011
69162
72533
69876
65460
69598
75942
75581
74410
70927
61783
56794
65859
54645
61972
70488
82474
54814
61569
79965
69307
59654
52346
60383
69224
51943
63135
75669
78171
54098
77840
69803
69212
60159
63349
82106
55286
80994
83778
72439
77013
53886
67897
65963
83827
72190
58160
65507
53492
63618
82196
80744
56142
60983
81966
82673
83628
62890
57253
68760
71189
71134
72260
80011
63304
55964
52606
60420
66027
75530
70063
55419
61925
71295
59301
82714
57609
57238
57183
73841
82932
60801
72724
71787
77368
74656
55672
67200
74170
65362
54842
51757
60760
68620
83921
64417
57039
56744
80760
55482
52188
66815
67703
65071
79522
78521
79781
82191
69964
64612
66603
81002
58611
63428
55690
59213
57282
73834
62176
83700
69208
80776
65383
69948
83053
77316
61502
54103
63673
63691
54124
61635
71697
53096
57378
69245
70612
64725
71744
81522
77701
68241
74523
65334
53689
56818
83325
58360
56372
81853
72430
63670
53071
66036
62514
79533
81053
79855
65299
72980
52429
79022
72545
82441
56530
82798
65846
61388
63042
52858
72830
74283
75516
59460
82359
63549
64526
60084
73718
61011
74710
73920
70699
62508
64359
77373
82341
78696
68397
76277
70617
72255
79573
73209
68959
65139
74855
57913
67645
60547
73397
66897
52072
63266
63225
79782
72072
72423
76218
60594
72956
68166
51951
75420
54558
62911
64871
73740
59592
74837
63848
84029
66071
61506
59031
83284
71534
64489
68887
61680
83390
78604
74229
66306
73733
60479
78532
57055
71701
81565
62596
79507
58519
57273
63945
63608
67663
73176
70681
80648
56994
51805
58517
72432
53589
75908
57307
81765
72599
78931
84268
63675
81474
54734
59594
77108
67934
54379
65956
67606
57063
73413
84533
73472
70351
80532
60586
65917
68679
61661
53827
59098
68667
68198
81403
60981
81179
77933
64107
74967
61409
83353
73452
83652
76368
52017
77820
60815
60025
75404
73443
74099
82820
56009
60566
65696
79789
68288
62427
61651
62349
55095
73390
69417
52891
60762
68323
53813
79090
55653
57870
70224
56917
61860
59552
60464
63088
60829
67666
78269
72288
64908
55751
56607
53110
62991
61804
80412
55096
58403
62372
80289
66729
73039
78882
74654
63179
73759
58517
72471
56417
55508
71307
75897
75001
73306
70799
81450
82730
64378
54933
60259
58395
71761
71065
78146
81988
55297
82562
77339
59769
65190
58444
70416
80420
62348
74086
71649
84434
62367
63577
57605
68337
84002
60331
68601
62935
54692
75011
54744
58631
71472
54157
69676
67248
55749
84384
55299
67447
52229
73119
82758
55926
79409
53789
63559
82565
61013
84292
58265
65720
56512
67447
65572
52265
74935
67894
58744
63223
83307
77890
69730
58510
83752
68610
72125
79145
84174
65830
53131
84630
65925
70794
58437
68153
68269
56669
75887
65620
67092
57986
66158
84102
62572
59190
71838
57233
53244
60148
57760
82528
81813
57493
69361
65096
62920
57532
67009
71310
69718
56177
55810
58153
68584
68876
65471
52426
73728
80469
75439
68122
71472
63465
62474
82498
63370
65760
69275
80049
69463
57516
78103
58905
80396
62532
79533
74427
61817
67203
54750
83429
65348
68554
64911
57017
58006
82157
67676
59951
81428
78157
80432
76382
57873
59457
80914
66295
83713
53691
68162
65298
68657
69160
67717
58413
52918
81303
78013
63089
60580
67102
69564
53816
67712
55673
66650
65229
57591
81397
62661
73330
53455
73357
60953
57256
68383
58962
57905
70570
59323
60176
63420
69179
54259
60206
73875
78497
80765
74454
59978
53746
64943
80982
81156
81550
82673
73670
64652
80109
83571
58859
81826
72091
59419
62044
70035
56448
72386
63715
61965
61797
66207
61990
67376
62900
55299
82823
79336
80767
57927
73288
70779
82372
73475
55795
60254
66032
59777
52729
79949
79521
79474
61081
59290
65456
79839
78083
79814
67439
64866
64190
64334
68911
58517
73799
76999
63750
60875
79611
67885
56527
84222
81462
74873
67185
77577
58301
76913
67429
56087
59225
52676
54642
79964
57797
61270
59579
71683
62154
79833
64252
66407
72361
70045
52241
65157
82617
73897
69560
52914
80209
57098
59543
72073
74984
54123
70785
61480
78459
71142
77301
72348
66352
71450
75495
79769
73016
56702
57539
66670
58361
77044
66992
57657
56173
52386
67346
58711
80581
57085
58706
71711
70227
65574
74977
74192
67750
73338
70778
67783
62199
82277
84136
52982
52420
78454
61577
66449
53946
81081
59345
72970
83160
63041
76305
77632
70610
83972
68410
53748
64947
75756
55645
84860
56775
80170
84916
54203
78776
83662
58086
66384
75255
52372
73351
82702
66397
66049
76766
53164
67603
72623
61932
75198
59823
79590
73385
59876
61087
74603
72081
74050
70859
65437
65375
52784
68470
55997
68377
83250
66661
53646
69708
52778
73796
55582
60057
58828
64069
76771
67184
78675
71434
68873
59164
67186
80581
54795
52736
61838
60062
66177
59168
54314
73045
77369
73443
59811
57128
80264
66839
77853
60663
67554
57653
80829
68262
68777
56294
84505
71875
72259
57799
76268
77160
75631
74601
84751
78947
65241
54941
68260
55957
68844
72942
69524
84120
81895
78702
84797
61605
77363
53174
62052
62388
63220
52776
66161
57828
69854
71031
75483
55838
64329
54122
70369
52469
66952
63196
74619
59089
73847
68360
56720
58701
61012
55299
72809
56285
66768
60554
66662
76724
71013
62718
69103
78565
61417
66477
81070
63176
70500
77395
55035
52639
82207
74977
78232
84857
83453
75132
58271
63063
60942
61897
63160
66958
54882
76136
59279
77932
69915
77246
68230
53278
53190
62200
75943
55505
67564
57932
59612
60952
83427
78210
55650
71310
74218
54196
77179
53948
68470
59218
66403
72509
57030
83304
83590
68127
63677
71204
66032
78733
81137
69267
79621
61867
82432
80811
68722
75714
71715
65166
59747
82077
56837
73229
53495
60467
71637
69995
70128
57478
64665
59492
73392
74186
77254
62574
74081
71114
68878
71487
73843
59016
74874
55951
83787
63523
54456
79135
75577
62974
81334
73978
66731
80671
71024
59131
66721
72149
57606
82831
52833
83614
82961
84156
62828
59975
55863
74083
81840
73557
52989
72130
72703
56996
75741
69948
56512
73550
62617
80221
68325
77262
55758
83481
58653
65126
76236
62292
57162
65214
65445
66472
79413
76493
69764
72802
60288
59644
75584
74445
81373
61833
65073
65204
61822
83242
60227
58914
64717
63220
70216
71276
60764
52602
70035
73329
71967
65337
56514
73249
61401
69172
80347
73532
65748
67291
70811
60252
67797
75313
72714
66358
72783
76590
56915
72477
82391
55138
54995
82120
69848
58076
74352
69204
75912
59210
52780
69260
70426
67170
62457
79465
59702
53120
72144
71637
84390
75920
67325
78260
63826
81454
66493
65829
81774
81676
79626
79877
53746
59028
71350
81078
58954
72399
73143
55070
80463
74118
81090
77554
76151
77991
80155
65332
74312
56809
60843
74490
69651
78259
74323
57202
68830
57659
60800
69411
61346
62443
54271
70261
68279
55304
72467
76148
77452
76437
65733
72401
83099
79477
52860
85033
71324
61137
63949
77706
71161
59577
83860
76340
79747
71694
75076
55452
79715
54175
76923
54199
55635
58514
66778
56180
63758
75014
71699
68235
65284
61942
85059
63349
68947
62560
80003
59067
63731
66983
67513
62068
58160
78647
64949
84745
67422
75111
53881
62780
69832
60835
55255
76137
68841
65482
73026
79883
52703
56021
67038
71553
53532
74938
66777
65299
65119
81295
62462
78640
53986
69107
80007
59129
85205
70826
76339
55044
76556
63367
61593
65881
54517
72591
84668
73409
65228
67675
62687
82241
56850
72382
73883
80865
66107
84648
78638
79793
75175
67658
81430
72206
68307
62587
58847
73762
80337
63579
76601
54186
78325
65590
84557
81148
58322
56747
74833
63048
67428
70925
59226
66590
74383
72201
59506
71472
54216
81801
58347
72538
79123
57049
71667
79839
60205
64008
60776
74998
79114
56722
74477
64133
69506
66875
77373
56364
82247
84030
83903
75397
58138
69799
54363
65962
79934
74238
74125
64760
60205
78629
75703
71699
66187
57219
83644
56618
74328
78691
78026
61565
60777
55190
63351
80156
72473
73824
61200
67313
70972
66450
56365
55808
78420
80371
73609
77550
57352
69604
54289
62656
53713
76100
70459
69606
67575
81042
54169
69240
82620
67921
71086
61887
79318
69041
54016
78071
69667
81771
58222
55635
76697
84973
85188
61250
63868
74679
77965
62705
65235
54533
85033
80401
62748
63918
81695
55514
58175
80972
68532
66640
82625
80029
67004
68549
66874
80681
74672
79775
69129
74789
58881
58203
62534
61848
84140
63698
73976
79036
62223
78011
73096
63143
72186
81010
75382
53290
83978
81144
54859
80122
65586
76602
64719
53773
61083
71062
63099
77639
72622
54939
71729
58454
54639
76048
66347
55515
82700
81208
62770
75722
54965
78677
59664
69139
70063
73579
72519
76930
85668
64070
83715
73955
67134
74686
77646
80491
82420
55866
84099
85331
78115
84851
71173
59846
70752
74363
69680
63997
62221
79613
75408
68521
53034
82374
78417
84113
84846
80516
60663
57980
63382
82638
81744
63057
79614
82533
64678
76413
62830
71866
56888
68757
73270
67504
53996
62012
67965
80802
63294
57672
54230
70824
84348
82720
54292
70934
60981
59240
74592
72006
71919
72161
60296
81048
60696
53130
61338
69558
60223
77580
66226
66589
81540
63572
57616
78041
65101
69506
73581
54415
79931
77570
74895
80065
54877
66808
57628
55886
79267
81890
80300
64312
65685
85625
55073
65962
74308
54999
53563
84026
58753
75999
59239
82795
70734
77786
80856
73846
76690
75614
83161
82250
63249
71540
59490
80337
76186
56313
62953
78453
83330
80709
62074
54243
59730
53259
60170
73742
54461
84608
82185
56439
80341
85184
75062
61869
77438
58989
79031
58383
53794
62361
60521
84441
64422
58086
58997
57951
66461
75499
71204
78483
65212
55002
62964
84685
64654
82528
56299
72140
73321
64717
59435
61688
72353
74613
82375
73193
65531
58198
71125
81197
85349
66043
68804
76358
78308
60832
76272
78067
67789
71830
84340
58289
58936
74729
77887
80768
83890
73025
57963
58602
81202
54278
78794
56898
73295
68039
83649
84778
73647
66013
60761
74071
56515
78923
73875
70297
76209
75753
66044
55317
82322
79810
72578
82645
74974
83898
53638
79236
80932
76916
80690
60274
70399
84594
54541
78047
81733
77950
82380
61557
84097
78153
68972
80406
74660
82003
75389
75480
71415
71178
65985
81486
72276
57142
72693
82186
67478
64404
85487
64607
77646
69569
75497
68460
75192
61018
82205
76117
56301
72802
83090
63700
55641
62692
68661
58609
76144
77785
74027
65293
53661
53323
65638
65061
58235
81339
56950
82773
65352
68801
56738
67483
55959
80626
59960
71390
73540
57862
78113
80943
79533
75323
58552
82766
54559
58356
82909
78704
55695
57510
71492
75583
54667
66292
71955
58915
53616
54809
64173
74432
73948
56455
64712
66240
56166
62925
85446
54226
85389
56254
74306
70130
62959
64208
80873
74476
58044
76226
53899
60187
66409
66690
70513
73591
82601
61005
76530
63695
64665
65304
68673
76882
75066
57391
60297
85332
78629
56348
73276
64591
74362
75210
54696
67368
74778
72426
59339
57012
85270
66966
72296
66939
55911
74036
74842
56252
56543
59038
55593
60593
57695
58240
78555
74003
59723
73985
77324
64225
83771
56741
76865
81502
78835
73329
53370
76889
77718
56145
68102
78256
66326
84664
82331
77847
62959
69766
56486
82966
68629
54318
68320
76881
57386
66072
70178
79372
60917
80964
68730
53998
57616
81457
85118
80901
80864
79869
56288
83467
60106
58573
84035
84712
71588
57455
78413
85111
53610
65598
54014
78989
56371
78662
60224
54840
81251
77225
53695
70724
55329
58178
70394
53508
77324
71047
55195
68431
71721
63668
66819
85192
68640
78886
85034
85346
82345
82436
72358
61476
85057
61989
74249
64810
64801
70702
59760
81133
74096
68859
73049
55492
61624
56129
70069
74922
81815
85873
76351
79425
84663
64223
72971
60695
77311
72227
82786
86056
56331
65215
60621
58533
76250
80899
59504
57844
82631
72494
80025
59128
71867
72406
74905
70802
74912
64906
72915
78184
68377
76725
75026
80613
63856
60613
80160
67457
85712
80781
57236
56898
58804
80360
57067
75650
70047
67488
84186
72436
75022
65678
85987
69346
70570
75266
72487
85176
66755
79717
68731
69318
59898
81436
76989
68418
60989
69808
78441
77964
53497
69932
54887
63158
65930
76487
60199
59972
69367
53955
59888
54320
81884
69781
60021
74546
59047
53574
80042
64062
83463
68121
64725
67661
72098
61038
76264
68960
71431
81126
75278
78018
64227
59336
57732
68750
63095
72868
85930
70258
69961
61238
63066
77234
54042
76684
67448
83568
84505
70507
80074
68138
82262
68336
85514
73092
80761
63603
67898
72520
66996
56240
62776
66731
63222
57385
81554
67282
77666
61126
69275
80276
60415
66239
72895
80770
82609
83387
59923
85796
55912
79674
56112
56710
62359
58160
74818
66035
54504
60402
80732
66305
61486
60246
83215
56526
54170
61206
77626
82056
80691
70774
60963
77107
54912
67367
69575
66982
71303
59242
72047
83927
71676
56185
58244
84313
64946
86050
59300
72995
85845
76981
79093
67219
77915
65056
65210
73139
66360
56665
63780
67770
85201
70908
63594
61142
60468
84534
67100
67624
64134
77025
57524
61200
59196
62192
72046
71340
74895
74510
83033
68251
63529
62082
61102
56327
82981
80470
85857
57314
56374
83896
58871
74351
80678
68512
64407
78853
76931
60851
80483
78608
81557
83560
85769
79704
69778
83049
84116
66182
86293
82236
76425
72164
65741
84258
58671
77156
85362
55871
75822
61412
71934
73468
82779
83120
65817
75690
68051
58952
64213
59240
60231
60004
54939
63558
79766
83766
82022
60074
82081
81391
69678
74739
85595
85636
65192
69725
71967
71858
70188
76836
81479
85568
55286
75757
58106
72324
81298
76897
63813
74536
73362
65819
56173
67118
55938
72388
78212
63794
67358
54396
54587
60911
70338
55420
75767
57349
60193
64506
69415
77818
64570
70221
68308
77694
72584
64338
72313
82675
78713
61710
58390
80940
82722
55445
86400
53877
67121
72234
71675
56276
55587
83111
56842
76687
77239
65568
62342
80366
74658
70595
85998
63810
72068
66306
84734
64550
84507
67061
82819
86277
84406
57593
75885
79581
63469
57246
71718
69442
80272
63168
68130
78245
69341
86515
79544
66518
55798
86053
78128
64456
59794
78718
59421
61077
72690
67723
65517
86209
77335
67740
80830
84931
68402
64362
59507
85185
77916
56317
65031
61596
63623
83149
60194
61740
58548
59176
81642
63437
78951
70099
75036
63770
57944
68340
59483
65016
55660
82223
61128
64983
62947
71696
58578
77364
75475
54185
68176
60258
82901
59260
54733
73355
60158
76955
57890
83186
64273
82701
55883
64634
65010
74356
55155
80236
71518
73197
58705
67957
84954
57144
73911
67566
78825
72985
74856
59232
61314
69885
79915
78920
60865
61409
63005
79127
56541
60016
55883
68477
54874
63595
61568
64231
72576
62286
70748
63559
62987
82993
63398
59155
69924
76012
58083
75664
56976
54398
58408
55888
56360
61104
57388
64761
85385
79605
80289
83017
81420
85653
66245
55127
57081
60938
60724
86044
71159
68010
60416
75057
85959
76167
80899
57562
60210
63636
83572
84292
86080
85769
70073
56843
67499
80904
78972
85759
59027
86656
65281
86056
74355
81234
85687
61192
57684
57010
81933
85279
72257
65232
78470
58293
55802
85432
54032
79059
81901
81015
73874
69011
83809
61824
73412
81305
78069
56398
76611
59362
73801
76874
76005
86205
82427
77550
62793
85270
69077
55595
56499
79610
63812
65544
65559
68440
77324
66701
57716
70917
71995
63199
68196
84227
58971
62636
65776
79875
80620
83657
65192
80168
83474
66074
73204
78350
63626
77747
61861
73739
63714
81980
80591
83637
75754
85658
78043
75684
84326
62924
69592
75641
75013
81426
57618
66590
78743
58709
78310
65616
76922
67267
77012
59483
67413
58810
84182
54309
83465
57319
66288
84590
72421
84655
54793
76118
81690
81869
58617
63520
68974
73021
68323
67125
79156
80985
83397
64364
72059
74819
77645
81288
77958
80770
63471
85763
63356
81136
71732
68362
85601
62419
76885
58056
86085
66378
77320
65511
64443
81131
65690
61524
81805
84650
66366
81731
81838
77820
73125
73588
58992
58941
64206
68276
71159
71759
58912
64166
69102
82309
65206
73411
55672
78783
79098
78752
55658
84182
83573
57199
81591
82746
76773
79817
67884
74201
77200
54443
56925
60227
70105
70846
85215
78860
72209
63195
85943
58482
82319
77006
75283
65856
62211
84826
86840
64499
75783
80766
55996
85530
75511
86263
68853
58371
86787
76294
63409
72339
82562
81011
85799
54390
69513
78802
58158
60025
71357
66821
62637
64307
71781
56066
65363
56811
61380
82135
84872
81078
54437
77035
56483
72160
56119
86406
69469
83085
75291
54931
64645
65696
65212
57509
62454
58844
83935
67897
74695
80457
65147
76859
81857
84954
81098
77515
81174
68940
62368
74560
63055
64081
85500
61037
84871
67310
62172
86564
70359
73250
72022
65785
60689
62408
74469
73544
86705
77246
77825
54650
60688
75847
58098
55171
69595
55726
83173
66991
59076
71981
65856
68255
76663
85260
60211
72334
63440
82957
65935
79834
67659
81416
58588
73919
66236
59347
62374
84581
70976
85604
65815
68893
65907
68922
55755
58855
59363
80889
68319
61753
59333
57172
73547
66299
59111
57647
83826
65494
71142
54277
73464
56238
66721
66952
66772
57709
56045
74888
80294
75779
67979
65046
79946
55467
67415
71145
64685
76399
61121
73217
77023
79598
69505
70025
55402
68701
84103
63234
82403
73932
81457
69022
59070
68266
82113
59882
80230
74380
63246
83376
82318
61994
74106
67356
71361
70826
67875
82717
59713
60450
61278
81678
68878
86104
69985
79254
80709
72396
70719
58061
64939
78840
60698
72608
63626
67030
72083
62582
67260
63395
81030
80660
56325
55011
62197
83901
74150
86437
62785
59806
82222
58888
55456
62058
86420
60158
66763
75074
55939
71248
78327
68823
57845
74722
66311
64722
63491
66105
69632
82548
79099
75834
62653
84089
56756
63540
79844
78403
74270
87073
73240
78388
76317
83753
81264
73564
58520
59496
58664
69204
85197
56049
77207
61801
72167
69395
83041
66557
68818
75995
84206
66859
86094
77785
85275
66986
73538
60455
85551
85236
75091
70824
80400
72103
85430
78478
54455
82219
62530
56863
70113
62101
77002
80056
79623
73931
70825
83986
55697
55273
58014
71364
68935
66020
75995
81417
55048
56942
64856
81092
79806
78361
64621
81857
58257
61630
55712
81726
63835
59168
62140
71082
85596
75725
71971
62380
74288
81733
66916
54631
85757
62302
76048
56573
84465
70119
86730
79441
67564
70284
55454
59410
72313
69625
81044
79349
71939
56387
65412
63553
76358
78979
71211
68753
82435
55236
78975
82901
59128
66847
58176
61851
70927
75044
70608
65677
69590
74364
75332
77882
80175
79309
71099
57369
81993
75998
81646
68554
81102
54524
62729
56480
68190
57500
55482
62557
63549
65601
75143
54588
74056
81568
59748
68405
65582
69634
55941
64124
70620
79083
81777
63307
75833
77817
73048
68321
71444
86798
73894
68043
71002
75698
62424
57186
57485
79538
63630
78485
57457
62221
71394
83944
69897
85009
71417
83133
84161
76482
80087
79826
77549
56955
65144
68364
63090
81112
56348
82547
78019
63698
82658
76925
85264
62764
80280
59279
71610
71183
63442
57537
85513
54769
79673
77794
72225
74171
77606
62652
68402
81962
61040
72088
56816
84085
67458
73477
76099
60465
82608
87254
82751
71794
84683
74858
62038
78388
67570
86064
81612
61945
72876
85097
63596
74419
80180
70960
83066
83939
80148
75192
83944
61187
81653
62678
82380
77858
82614
72383
76306
74190
83387
66578
75886
82998
74120
54809
63381
75664
74894
59468
67757
86457
61764
63254
64258
75547
86906
62428
80890
56020
65515
71228
58187
76309
61969
70290
73579
59079
56381
72129
83529
71029
56806
67120
56890
74342
62529
55826
78646
61961
55571
62187
85060
86167
82884
71247
87347
66803
82100
80877
86155
68309
70354
80077
75203
79911
86890
77782
57268
86447
83006
60307
77646
86767
67545
66871
67210
60745
78880
64734
57247
66151
62250
75541
66681
73178
75345
70557
60007
78337
81801
86380
62996
72749
83185
78837
80824
78850
78504
64937
69519
59937
77538
70590
64139
80388
83003
73519
59206
62248
71243
81668
72506
73074
83066
77779
86068
64716
61205
68743
66054
63503
70306
68704
83068
59173
77169
57915
79250
68719
58228
74004
57316
81252
70736
84425
74086
65147
71604
58912
59989
71243
70634
87308
59502
56305
74412
76844
62045
83123
79928
86677
83832
62691
65703
80081
63405
55301
75642
86567
67513
66612
81270
78621
75163
60609
78002
63804
65865
75806
68334
57363
73121
85242
59942
75647
77218
76462
59239
77609
86492
57560
57314
60239
84517
72261
87103
71368
61326
61205
86579
83522
68246
78361
72789
82127
55709
77184
66605
82336
56219
70323
76430
67343
78609
74109
72230
86755
79168
84591
61524
81872
63898
86147
67641
69694
64886
77311
56338
55884
77831
82076
69829
79123
64143
65768
57273
84783
71888
84201
86763
63100
87491
60931
67391
84253
65677
78363
59668
75715
77231
86013
73498
55595
71805
75515
71528
77545
80081
84439
60105
76645
57600
62692
68183
84259
63501
77671
60236
83783
74781
72771
75028
73560
63787
81366
79271
67652
65533
78110
57365
76452
76119
74784
55650
59970
65902
68490
79765
59608
79775
56215
55052
75291
85601
84019
76306
57592
67449
86112
75444
73246
57453
71896
83664
63420
78650
55795
85614
72332
85833
58572
85075
70672
73376
66463
67796
87580
76630
80246
55017
70548
72009
75013
64386
55927
59411
68306
73502
69404
69945
84633
64921
76988
54950
82926
84037
61233
87384
60964
60989
84477
77914
75630
81654
86158
59378
65348
72471
62401
78107
65544
75659
80036
57653
80874
79572
85120
82428
73993
56482
72215
57783
55514
57252
82986
78769
79566
64926
76094
70893
64047
79292
87200
67862
59211
68902
65703
82869
64469
66004
69177
86439
82568
73636
71056
63181
68109
60329
62526
70661
66335
72134
64623
76121
68077
82044
76143
84087
73408
65281
64876
68449
86493
84370
60540
58214
75437
86025
63714
87121
78363
78514
58509
61408
63550
63835
72673
75128
85304
65706
81338
80406
81246
86452
58542
64649
82073
71626
71059
68063
81163
75926
63297
79389
72950
86632
79769
60723
64474
58570
82375
73774
77534
75610
76227
70320
76913
78553
61726
72861
71473
57471
67835
78872
61452
82833
79196
86958
78757
57654
79263
69840
59129
72327
87624
63111
55106
64741
86016
63587
69916
60559
71646
70069
86758
56691
66790
58621
65131
69189
61135
61350
85441
63951
76298
75249
85874
62088
66815
68400
60890
72807
76442
72244
67024
80121
69126
70152
86153
63922
82872
64224
74936
85121
60336
63308
86778
87718
69883
79281
74098
70088
74365
71162
76464
81730
59629
55179
74712
75199
73249
58230
85504
85254
67980
67314
71385
76823
83461
78345
76946
64886
70857
69264
67833
77255
57796
66396
79844
71835
56588
63411
56527
67466
85423
60161
80838
75650
65966
79052
84358
59486
65353
65770
67295
64186
56189
56306
76636
57350
55756
58352
58150
82138
80188
61789
74790
64905
86690
85070
56938
77049
60448
82411
68554
64946
58861
77347
58059
77108
74836
85406
78019
67982
56064
60403
73534
78124
73078
82460
59553
66801
55523
71975
81933
65670
72472
66861
61574
60657
84691
85128
63317
74089
79168
85825
73130
83560
70847
66248
87430
85763
62696
87528
56792
72823
71628
69881
61927
65540
82046
67160
67567
69374
67283
75540
58127
64801
71781
85994
64610
61733
68318
57972
67437
67474
74611
65181
71097
63446
79790
61528
73152
69524
68465
75154
59662
63552
86072
82020
77216
64233
76190
72078
87696
79445
56099
83745
81908
64339
66348
64379
59907
82765
67403
86136
59257
62749
71105
86759
68413
60449
57409
57915
72001
62866
62455
80003
65194
79889
86729
77469
87346
80259
78301
69798
79306
63263
65883
71348
73347
82885
74100
87496
61358
57490
59555
81150
83010
66481
57138
62215
76159
82292
87041
75737
63953
68515
77443
77477
57079
80660
74249
62474
81764
87931
75331
74888
72422
70020
55555
71479
72325
74527
77125
86201
87982
68123
68461
78445
73361
86263
83663
76261
77767
55797
68724
62619
83256
57455
77595
84959
56892
74862
62591
68884
71424
62585
83928
78364
69420
68011
62884
77329
74690
59913
87207
66102
65609
83218
65585
73517
84780
65175
67487
58986
61789
56268
79652
57319
87357
67232
56778
63513
58560
56138
79027
55844
56012
78884
84901
80459
77795
75709
73414
74922
65026
60713
80291
74791
56265
55964
68471
87462
62171
78392
86187
80764
87432
78114
79257
58662
87978
70875
71317
81724
61132
68302
65838
73632
56722
81445
55985
57851
77397
63457
85999
75882
82189
66858
62016
70772
61556
88035
75208
68672
70248
71042
83193
57348
87953
67615
73049
58305
85573
75210
76166
86318
68776
74274
76919
67057
83480
81444
70148
61973
85960
84544
80041
84665
55466
69298
67719
87301
55443
69135
64427
56675
64154
87582
64403
77547
67265
86762
79854
73502
69335
88085
55972
66008
58012
87151
81174
72064
69415
58311
66215
87938
60805
78594
81019
65791
66723
60010
64127
68547
82541
70216
60841
83831
86072
75188
65409
75543
67165
83884
66272
81575
82727
85604
57847
84258
76016
71901
60820
84660
67462
58041
78241
74536
62676
68174
62189
74916
88254
64761
80432
66196
61516
81332
69705
77028
68619
80363
85961
60274
69040
57484
77749
85443
59647
77662
60296
82677
76779
76435
76920
60916
86527
62112
71674
68081
59132
60492
75656
62224
81092
77575
77218
75617
79990
77182
76819
87058
64219
85100
57205
82659
59393
56243
74743
80857
86565
75179
71518
77623
84950
67770
72778
80810
58712
85797
74427
58564
55623
80165
55763
69035
60540
60734
77534
68627
66869
82636
81295
59241
81263
72415
71052
71761
62615
80712
63790
56403
74850
57332
63873
61905
64762
63097
70547
86077
68698
79855
78571
77961
62715
70913
81239
63966
63408
75843
68587
59024
87246
74439
62790
62802
84113
59115
85271
64166
75451
83316
64736
59032
55678
69857
72186
70316
83868
64249
72922
76821
58829
61607
73106
69159
63329
59399
80282
73999
82470
87233
67281
69826
80268
79510
79807
61491
58631
63032
87325
72905
66997
66655
77975
62992
81729
61209
62672
81327
83975
57697
63143
78746
58489
82164
76729
82568
78273
56928
59942
86184
66472
60254
87449
67727
55734
76641
73090
77429
77722
70255
61606
87458
77005
83504
84442
68131
63347
79173
64011
82625
77442
80090
70530
77620
85797
62591
72294
79507
67939
59443
73347
80399
83964
59586
74313
61409
61331
62034
62232
60033
71954
67896
87739
73753
84811
72976
78386
67129
63451
74252
69044
71116
81748
87180
72180
84811
82075
56047
72356
63280
63374
80297
55863
62126
61162
85398
68332
68767
84332
82063
80136
82622
58935
76858
78434
72470
74870
57126
67365
78266
68162
63511
67538
85687
86726
84894
58500
71751
75681
83949
86392
79175
67979
84714
87244
62443
76860
73346
74119
84145
84362
69440
74714
80275
77777
86302
74406
67969
69527
75419
72253
79886
85104
65037
78957
76138
87328
63801
65979
68240
83712
70433
88044
83392
57507
88093
63946
72496
67512
58413
60452
78335
58930
72590
72727
79210
58023
86411
80524
86594
63478
86422
61698
75933
77869
65175
86926
67021
83626
64644
78879
64142
79232
71730
80647
74115
78364
57707
59575
76260
56616
76608
58570
64113
76207
59040
81478
65706
81794
68394
65822
65601
56539
66112
83195
63184
64321
84061
71995
59336
80811
80040
62010
74921
56808
79561
64465
58745
83774
76539
62749
83311
56402
66658
63874
63471
78407
79264
56047
84411
56106
57251
61795
82535
86414
73408
66480
64013
83827
77318
77183
63299
56429
87244
59028
76106
65282
86669
69459
86664
64851
81142
75395
63288
67839
66620
68691
74849
78404
70067
63130
74500
73319
79005
64099
60314
64854
86335
85673
60862
66189
67131
76895
65574
58678
80921
61364
68823
76692
86823
56980
85401
83361
58243
79986
76969
80630
82806
62277
73135
61420
83971
84432
66287
83457
62400
65319
62147
72573
67557
64367
61769
61013
76707
75237
62041
75343
73143
73762
79802
84583
74814
83613
57237
75121
77515
72305
79657
73217
57015
63584
75201
83336
59832
82200
82915
58047
68277
87734
62155
64329
62681
70537
67608
73876
64743
73240
57796
66560
60621
81510
63065
71235
79227
71796
79202
79372
62197
61448
85024
78310
63143
88493
74367
74079
84986
64763
74824
88426
60196
85016
76440
65539
69188
87167
72081
66321
56494
68864
67151
63120
57475
83208
63774
73199
64134
71971
73706
74935
84010
69823
66807
84590
77808
84275
73170
67003
67567
86528
83591
58059
68276
73302
64788
73970
69197
77786
61726
86934
78241
56998
80867
68169
62467
58001
87152
82997
60166
65969
70675
78525
68242
67615
57108
69473
78647
60666
83360
67810
64194
84143
78086
68519
58126
65655
61734
59744
62237
84769
81445
74729
58983
62225
66150
57201
58994
63881
65718
81883
66211
65319
76487
79204
88660
71087
80864
64647
77095
57099
60370
87326
83353
73104
85550
79049
61914
72067
78261
63635
65244
65500
70672
88531
59817
73289
64962
76369
80635
73846
88666
72618
82182
78476
73965
71158
72601
77048
57539
57767
85605
77165
67153
75956
85404
82220
60519
70392
80063
66691
69035
66005
79793
56211
59974
77596
77327
75863
62941
78641
80068
74210
74179
79466
76247
78056
87917
86457
63112
62848
63270
57995
84892
88616
77571
87535
80885
88074
81434
77563
81253
86142
63471
85099
59332
73679
72751
78220
76352
85314
87713
87641
60149
64596
64345
82659
83134
66372
86831
63990
87882
84689
68719
63225
56690
88901
74706
82710
64969
80562
88493
58779
67957
65660
67433
78752
73022
82455
59699
82667
88293
81170
77812
66576
73911
57941
61316
83932
73057
75431
81179
78836
60934
81011
70152
60090
82063
72395
83621
60016
83011
62893
80266
59296
76439
68485
63233
75451
76359
60404
62650
71936
80037
72656
79296
82079
60721
80492
60076
73759
82795
68633
57881
80125
77541
69100
56663
56726
79260
63170
73060
88646
66696
84354
80919
80338
78450
56482
75167
76035
75014
64237
83500
81300
85033
65923
81900
74831
75661
73505
81209
64114
84610
71842
78609
87639
86543
79558
75718
82772
65857
82227
86518
79073
63427
76473
74686
79096
79535
86746
71211
86466
59300
65674
84209
69231
72217
64051
84576
88933
60144
57084
72595
88478
84558
75083
83179
60747
86955
57992
69308
58302
60453
81957
78405
77958
72474
82395
71398
67036
86261
82230
61325
85054
69704
82515
85106
81241
77084
67049
62724
75308
71301
64646
73250
70763
56953
65307
86159
62241
62433
61627
70560
88730
82673
77216
77880
71552
77749
60271
73718
77124
73453
61116
64685
87999
65819
80337
66581
86042
70618
71851
66496
88299
85361
77382
82255
87456
75432
59163
78565
61729
79579
62694
72668
71601
87628
79788
57783
83989
80573
79869
77144
65529
82495
71287
76916
83855
57413
70795
67395
73849
57596
72324
56956
89065
63199
57028
58752
72711
83590
70225
60629
66707
58558
79505
61655
57035
64223
65618
65706
78991
66906
60429
70003
75459
57490
59244
70088
66293
71661
78857
86373
89151
76586
59257
69920
76655
81397
76937
85791
80486
58808
76231
74568
57022
68021
78149
81913
83888
67922
73113
60153
58164
72883
65576
66223
73321
74638
66725
58258
66872
87611
77268
82401
66868
68875
85908
84884
88005
70107
59932
75410
87942
77801
84613
73508
83179
62950
70793
72362
81447
56908
72074
74381
61005
86513
73941
72564
79797
80093
66857
64699
56737
68952
84851
72737
61728
75080
71388
57792
66867
75194
73221
63555
60975
87231
66961
85331
69730
81273
82917
63058
66041
88693
61995
85324
66593
80443
77469
88618
71533
86564
62464
89129
77688
62316
68206
67467
84427
71304
62809
84877
60417
61626
66253
79000
85289
67554
57333
81595
77419
80023
87777
76889
75503
57974
72070
79135
59130
77498
81415
74041
79450
75022
86067
74950
78341
66207
72782
69513
68861
67444
71444
74977
88182
77314
67323
77819
71483
65787
86713
75846
73806
66408
71942
64039
70862
57079
62883
83951
60702
85142
71579
79626
57668
60224
68809
73080
77967
63767
59034
74626
68733
74420
72724
77221
76507
89275
85271
74451
82734
64434
84707
58075
64338
65043
68059
65829
67425
81055
57481
71586
65751
62710
79841
83459
80115
57957
69834
78121
68192
88319
66266
71389
60948
71407
71777
84418
87929
81932
76714
76167
72650
79790
76157
60257
59584
85184
89320
83641
69231
60439
75840
88610
73834
85250
85858
89229
78382
85027
79678
61120
78526
59517
81559
73988
76682
71373
70660
65822
59029
57118
77115
83073
81879
63640
82830
58050
75233
87961
63926
78924
69055
57863
69328
59733
56866
81380
82597
60689
71103
60962
85806
67877
78066
78265
72536
56670
70311
88312
68356
65443
62586
66840
69714
88104
74269
67095
57887
69093
66554
84676
64460
71495
81178
71446
84545
82725
57414
62657
76338
85493
65644
70155
72609
87872
73796
66268
85669
84819
83250
71701
60777
70968
78191
82211
83831
77028
67940
76756
82487
87474
59478
71273
78514
74000
75848
67564
66716
67960
57629
58052
86674
80291
58110
66950
86944
87033
77819
60942
82438
85579
80117
70351
73532
79300
57787
58983
63795
61213
69747
80246
70878
83729
85052
61105
74225
59153
77585
79154
89065
66104
77552
81170
80972
85633
66108
72250
74290
73272
74593
84342
70404
77230
79798
68556
63620
63793
89511
68619
65549
77627
75283
66214
65308
70378
81139
84931
65808
58032
66877
74640
57902
71500
76808
64726
72680
69369
63216
75216
75359
63717
86460
77629
70438
70884
57150
84404
83273
72550
70011
68920
60046
57767
68876
57100
72186
69157
89028
59848
80791
61783
78483
89005
73077
87708
85674
57142
88559
57714
77280
66031
62255
84712
75349
64906
83957
70486
74069
71472
83347
64587
64895
67861
64317
57031
89126
76367
62079
78250
89591
84200
61711
87149
70364
59954
67525
61968
74017
58714
70376
69715
59350
68672
69547
73513
73844
87686
60151
72810
82883
82664
77163
73672
79354
58059
75938
58116
65064
82968
68020
72290
68820
77130
62719
78170
87520
57286
69415
81808
82356
87147
71515
84486
80280
75371
63194
74896
86880
73817
59830
67465
57423
73603
74968
77253
58166
82305
73029
69318
78300
69646
87200
67891
83362
73495
85743
70021
65383
86290
71074
80132
58026
79249
60369
73970
68590
79383
71621
77318
58979
66858
58810
69660
58562
66473
83939
61994
82297
69728
79791
58998
68104
62938
80971
58118
63915
60022
80488
57944
59193
87741
61758
64596
84556
87539
84176
68479
72610
74988
87410
78449
70851
62242
78985
87433
70372
84484
75411
89311
73996
65168
68199
86650
60789
57635
73149
78020
77365
73616
75504
62778
80157
68976
60419
84840
86754
83642
72419
58389
63866
57492
67307
85179
77257
72808
57261
88890
65661
86329
83184
65996
58935
65336
89077
73532
71403
82322
84479
73555
64649
70285
79889
65428
62685
71123
82938
68649
60084
89357
66191
59676
68160
88756
63288
80842
70845
63268
74926
67733
71509
64499
72450
71898
67905
84352
75490
64803
70962
68303
67096
65437
70127
88980
83283
72396
60991
70797
76586
84093
70665
78357
87134
81148
67258
67831
58719
57992
82151
81280
62738
76036
70964
78040
70866
65007
71284
88210
72117
65686
84753
78977
68368
83592
77742
87757
88637
83019
85260
78407
83867
77389
58666
74490
71895
58909
64433
58626
66666
83931
81294
60834
63075
60398
68577
88720
70247
78068
77334
60307
71414
74239
61265
80464
67055
68862
76560
74849
79447
89465
68876
72616
78678
69506
67680
86243
68738
85736
84460
60544
64353
71341
76284
84402
66088
58554
57637
59332
59337
87506
66672
66990
79149
81349
68795
72678
71614
69606
60763
75896
85289
76734
65030
65881
64610
57858
80881
73976
73704
83395
75317
74007
58698
73189
80247
88025
75242
68306
85704
84764
89345
78959
57802
60936
81635
70736
66068
89320
87429
77864
62424
68409
83516
88195
82883
71681
74951
81847
86565
80995
63376
64791
72018
67695
86319
86123
78664
57919
74544
80285
58002
64319
77334
80053
74348
77772
78495
84487
66087
66817
84042
62123
85967
80077
64791
61742
87564
71753
74382
59015
78150
69705
60418
68429
65548
76850
82455
83239
62135
63243
61314
77955
65098
62166
68368
62091
79517
72224
82666
59220
70587
73687
60695
65625
75400
57692
65858
59177
65703
81625
57278
79964
86938
85461
68039
60107
68395
72197
77579
79617
59147
59493
78953
70380
87994
77960
71672
71128
74406
81964
87627
88223
70039
81170
79091
75289
78154
63757
71238
69594
58204
85080
80479
80669
83819
59948
69990
63995
81783
58258
66322
66785
70542
85111
85867
59456
63656
79614
60629
64134
65232
63770
67402
61006
76420
61531
66791
87251
81247
79880
78762
74923
61941
66927
66682
71858
77567
73337
63335
64324
62904
73345
73012
78255
69510
64870
86546
72679
81629
68831
71087
72828
63328
57359
74863
89290
57674
86362
79353
74096
76813
72310
66806
82691
62521
78533
66581
73475
82078
59362
58451
70925
88757
58490
86137
58451
67132
72029
66022
64842
89121
81108
70286
72610
85153
87094
77891
81019
68785
64438
70964
83158
62109
57471
59827
60489
67055
73987
62267
81912
83602
67471
79025
86464
61239
86819
58346
59317
79608
66178
88174
81871
87611
87429
87931
80864
86746
63668
57677
68041
87937
69399
58269
72686
72279
69194
62824
67047
71392
73936
65521
70009
73506
66217
63753
73668
67590
68647
70286
76477
62722
89853
66354
64223
67317
59801
85117
58654
62034
79028
74262
75037
82049
77607
87614
75680
82050
60416
61341
88388
60116
67285
85057
85358
81045
74328
62948
86401
85482
79148
68461
82004
75681
71927
58298
76259
72725
69561
85405
74564
75602
78684
69924
86749
72314
66444
71198
68821
71272
67016
87002
70600
72082
76729
60978
86463
75060
62403
74696
73055
81323
63451
61840
89952
84510
89752
69519
76865
71524
57996
76514
75322
66082
58324
65793
80755
68660
79854
81989
70771
57679
76747
86440
83675
69348
60453
61389
73812
62279
83987
77632
73158
75792
66011
89086
58059
60354
74247
86072
83299
85674
65723
75860
82409
75530
63813
63541
60229
69751
64502
58812
76644
64128
62000
85134
59365
68240
75969
85784
89877
87318
78959
63697
86302
78306
66772
87487
84347
77778
72045
74557
72879
60335
68845
65019
60983
85586
60119
78150
86717
62987
66379
68490
57998
85827
78112
89109
86094
73823
83508
65053
88043
68840
70144
70917
72143
87017
79472
89564
79450
85401
81649
80423
81295
60474
77259
88032
83725
83009
62385
72382
83521
90039
66966
76471
61147
90335
66755
84932
81278
79897
77095
58084
63676
61702
65006
85091
81473
88813
86101
59228
61518
69726
86204
64125
71530
74261
69116
87562
68692
59680
70396
87844
65083
83013
81535
77900
76081
83102
85312
72483
86238
68998
84545
87923
86897
60345
88416
72563
59612
59318
69675
88391
57921
87912
86261
64967
64935
78598
89130
68737
74226
78136
68575
81153
71442
61051
60845
64848
69242
74694
77504
64954
69588
77934
69163
76244
73203
64327
84350
78526
75785
61196
79771
69286
72474
71168
67013
70029
75696
71894
84730
66382
69585
74958
58755
87772
69934
64802
87753
59083
81821
80800
69994
88850
58313
66712
60812
72719
78376
78328
79730
63179
60974
80310
68685
87680
85441
86894
63828
79704
78060
74061
69910
79480
66007
90157
60175
58173
86263
58113
82298
79301
65922
89460
74087
85682
72230
82381
90381
58410
69114
79382
86113
65570
70069
58493
88040
62429
86302
76538
63945
74927
71875
60978
59686
71175
83950
70556
76716
87213
73429
59106
63849
75591
81169
61066
85726
75810
58449
62421
58710
76847
86864
82407
66934
72524
85252
90153
59412
73157
73753
84972
72013
82715
82589
62799
70097
67076
87549
66402
64130
86450
75568
74635
85566
60504
65330
59433
85496
60139
87988
64120
64270
70182
83986
74677
68566
84176
81541
61826
69242
65345
88474
63883
77319
77859
62946
65642
85440
89718
82923
67528
61112
79062
64112
67525
70560
76289
63693
87962
71389
85652
60853
67965
75486
75797
87591
81350
89260
81206
59550
78159
73922
79704
82057
68384
86560
81231
89594
77132
58267
60261
85410
68886
58231
68769
68861
87640
74039
63817
65226
89638
58804
81573
66494
75950
61805
62470
68473
67170
79134
90375
78265
68698
63636
88339
80846
60403
58303
61479
68174
60861
73225
60633
86793
70548
63462
72602
79679
75276
86700
59192
68113
78099
80550
88743
88886
78801
59235
61440
72175
67539
71252
86218
58429
82793
62359
60281
87633
72524
66829
66100
60996
67460
84914
71387
88072
77705
69422
88137
79263
90537
67495
62678
79754
72105
88538
63008
72069
88751
72042
68108
87921
90208
83319
89351
77458
60229
62323
59794
81658
76915
72753
90365
90437
70763
81727
70002
66695
67903
86134
60726
75907
83958
74703
71468
83998
62770
84857
71835
83987
74000
72744
74800
81383
82512
84911
68167
74528
60598
89553
82534
84146
83631
86868
77322
73402
66104
85848
63655
74862
89340
75495
80106
70740
60348
69325
79681
73907
79092
89002
64925
87112
89788
67653
70775
60217
62444
63011
69905
79951
66691
72793
88318
59999
75082
71838
81636
83465
70324
87716
89217
75685
64265
82345
85484
90491
78787
78921
78365
84530
89657
72342
70832
69516
81786
64106
74982
74064
85884
87548
89581
84103
82806
72882
66657
81642
71562
73270
72978
88732
88999
78796
82184
74261
83886
70627
62148
89182
88787
66537
88265
61828
68167
89188
65883
77639
82708
70463
70535
83474
82760
82017
69987
70192
69205
86149
69527
66876
65720
88645
67100
82905
83673
84343
73284
84900
80690
87229
74235
79207
61364
61784
61516
59280
58982
80189
72487
85217
81232
63339
70241
58216
86423
85627
65532
79794
73193
77177
80297
73788
88091
67314
60299
85290
70161
65102
90174
65595
90591
65376
68120
65789
87341
62524
78254
74045
78816
68937
60826
58818
87543
85911
83836
75579
69810
89458
78399
81781
65274
77111
79262
71377
76029
74342
62182
75254
85785
81145
59133
81859
89083
86772
69027
79751
82440
67646
84472
79733
83963
63663
79934
88914
67792
84074
85217
58225
76514
69229
58548
70625
70224
85350
76414
70629
70308
61128
62901
90532
58295
62495
67209
77346
89551
86689
82725
79215
82187
77061
88625
59167
68609
90008
61083
62201
75173
70285
77975
69108
89709
83604
67556
66399
68786
69551
78673
58975
84058
62017
65921
63390
68020
71272
67307
70466
77731
83341
62756
80668
78079
58938
63329
69922
64824
59947
79928
87584
86076
90791
62630
82090
64923
77585
82006
82005
63209
63930
89888
65831
69989
63225
88017
82763
85719
72318
74794
88841
77247
79587
74283
60662
83115
80772
76433
80488
77033
66705
61597
70189
65630
61793
69399
80253
61110
79113
59027
90412
77246
70958
78067
64292
84237
68375
60973
66579
70890
64262
69198
71009
84074
62921
64703
86885
66265
80012
61639
68568
82011
89841
75602
71818
66003
64355
59889
88659
76804
68007
67361
90189
90615
61363
73680
69440
89756
65732
60957
89438
70067
79531
59744
63025
66541
71015
60266
88785
83535
60665
80654
86618
61656
60788
73696
81565
62563
82260
90940
76054
82895
74256
90762
72735
71772
72435
71361
72802
87384
60967
79146
87700
85756
86035
85351
87393
63633
60647
67763
86946
81366
60532
61035
65238
68518
59458
86478
81360
84950
67548
85249
85933
88157
79727
60757
87817
76215
76947
62669
75123
83083
77161
87259
88861
76427
85478
83563
77528
86683
71534
74530
62016
60470
85669
58344
75316
61966
84866
59556
78730
86003
71589
60742
72704
73718
83690
86027
79733
82638
81470
68860
86361
87931
89265
70329
80482
87593
80589
87156
74368
86614
62502
81216
85780
75831
77619
59532
65885
72024
87900
82922
74034
72836
81236
65046
65527
58596
70057
59187
83914
58474
60826
75351
60157
85361
89640
59466
75721
87965
75120
60299
62528
85001
75319
69012
59012
72865
77255
81247
60727
68300
69626
63273
60466
74063
84372
77174
70010
66926
72917
82773
63087
90963
89167
64485
90439
63924
88054
66328
80571
67761
73846
62391
68608
75771
70857
65191
71929
84027
60936
71530
60075
91058
81281
84456
89585
74268
69899
73072
68209
62427
78230
76026
71118
59473
77830
81071
83744
82830
78914
83115
61089
71467
82567
84225
62888
90741
60163
77567
76508
64975
71583
73652
73377
87377
60444
79792
74711
79541
60513
91147
84164
79476
89363
69801
89166
61484
70247
68539
86894
75333
74036
82569
74465
66772
75341
80752
90401
68543
71693
61734
83091
91171
87603
62278
86530
74994
60400
61448
85836
84705
79935
68431
85595
59265
61557
75498
91223
84907
78105
65555
90394
78114
69877
83516
72421
75636
60013
69388
74321
84001
85776
84900
62088
62975
88429
74534
61876
76765
86312
87672
87480
73319
87373
69957
82207
79178
65763
85061
76881
73624
81349
74943
61197
67437
80301
85324
65043
75987
78226
64477
78113
85987
67380
63743
75041
66093
87285
78942
69281
87898
62442
66184
69763
83216
75826
59380
60150
90646
59270
70979
71333
91321
60946
63685
73774
90222
71043
67903
88021
67256
74338
77292
76154
61260
64416
59329
78024
76660
65650
73717
89520
75953
61535
81857
81173
75428
72086
62821
80329
82990
82310
84587
59833
59351
64425
61231
80740
67436
90784
90015
71570
70380
59269
83264
84802
67238
76669
80498
85476
59547
71564
86772
79816
79145
75438
69034
64727
65259
71203
70558
81793
83419
61450
59462
86006
84409
74801
61189
76697
89009
74540
59891
69809
62264
77732
87521
64098
68151
88562
83864
71901
66667
88556
77410
72147
75275
80639
73676
87343
89516
69247
69801
78340
58723
71738
73562
88004
65321
76115
86861
65460
86147
73038
62916
64156
74082
77159
59352
81603
66119
69160
72125
70170
73132
68410
67399
74936
80032
71036
89517
77702
75441
63314
77454
60220
79118
74560
87089
62348
86253
86199
60177
60060
60715
88878
66713
61626
60210
71541
63276
83020
68384
70470
61288
73221
75558
62238
75436
73055
81453
90698
90839
88389
70080
84293
74579
59663
88870
81473
73555
63924
89038
91140
63832
82747
85233
76533
84986
62067
62066
75895
62437
88804
87305
63605
80674
66821
59296
89406
84376
60592
72701
70036
65234
66514
76450
65791
71938
85351
70129
88680
85318
74918
69780
78050
79147
66680
73500
73419
79216
90927
77032
73492
82444
63093
74825
69853
74609
62338
63971
72005
74003
73619
84823
87936
79140
83095
86303
73514
77218
89643
75705
77018
89748
70344
78855
67835
84369
85307
75510
68823
89729
68182
91230
81397
80296
77542
86313
62373
66272
63973
85176
64217
86565
59120
88450
76854
81239
70907
80126
75883
62268
66883
65220
77506
67525
83588
89839
82420
87442
90220
80837
69442
71863
70480
79514
84929
75457
81951
83953
64502
59380
68756
74469
88482
62935
71599
59335
84959
66291
86629
59913
75116
61399
86167
68954
73030
78175
75329
65043
79224
60470
74996
84178
66611
59802
68998
71012
70433
84319
68104
67817
84215
70967
66552
70450
69962
71984
76472
76654
79523
75134
81471
81926
74453
73083
61967
89541
63886
63468
64614
86588
82221
70790
75193
85349
69075
68273
60510
83590
90813
87435
69769
75864
81361
65840
72825
67689
65910
81209
81139
60863
77993
63618
65008
60094
78158
59953
81811
69196
67779
76787
63325
61490
83643
84361
70052
89285
70218
59780
67393
91079
68924
62284
64394
85640
65963
87655
63104
82256
69073
87800
69449
68609
82458
66438
72416
60921
91517
79871
78603
86326
87053
86525
76173
82109
76747
64071
80797
73276
80831
75675
72088
88814
59719
81579
71411
79807
65454
62309
71283
86193
73216
85879
67232
63358
79645
66067
66167
74111
88077
89327
59999
60620
75923
74385
67934
65701
88581
68041
72333
85264
63578
72319
82633
60868
86405
83886
86700
78918
59138
60081
91323
73042
73134
66494
76769
79228
73691
91056
67101
78103
75172
74505
75639
80726
71550
68151
61752
82097
81680
85782
84314
80010
64069
84919
67134
78353
74911
70240
82589
75877
76494
66259
77249
90620
64641
83155
76789
89924
86140
84965
88890
72842
61162
84052
86075
76572
62965
76151
73603
91562
85141
70966
67310
82930
79781
63691
84829
70045
83260
71366
73390
68707
66106
79444
74220
77174
77345
88000
88002
74270
90407
70202
72502
79776
88201
65240
61076
81509
89377
87258
79527
75864
63547
72498
79407
91792
60069
70468
89488
84527
72197
82154
82632
60554
59503
78779
87459
90762
76343
62861
74802
81746
77316
82488
82809
76321
68390
60573
77928
68474
76330
70887
81165
71043
80811
70673
89607
76716
69995
82089
60478
60816
69026
61651
77521
59680
72853
89488
82256
79870
60523
84800
76332
68647
87868
72550
79211
61397
78700
76716
59296
81060
65079
75303
72987
69107
70796
75483
76125
78477
60959
88706
68303
90505
69306
64137
67251
79470
74195
84572
82266
80027
62564
63971
75415
61926
82167
69964
79477
88196
66048
84492
68133
69673
81520
63776
75066
83567
66695
61081
91929
77436
67306
61015
77994
90079
69621
75285
70228
72892
81746
83110
71209
82729
83403
71293
64093
60887
70492
84851
61437
67573
76685
84421
78301
88145
70655
78428
67539
83905
69956
64082
68130
91841
75251
81329
80185
63069
67580
77694
81310
63570
65594
84726
91173
68208
59463
76311
76389
69954
80532
75106
61292
62961
59577
73952
72882
64358
60425
76387
88908
61103
83050
85262
76130
79524
88420
81431
91107
67274
61815
83660
71799
80247
78770
69588
78774
70967
59265
78264
90007
65903
91847
77474
75307
60992
63020
80228
76939
62382
63417
60859
72207
60418
76706
89557
65472
68972
62306
71954
87056
83693
84749
69640
87753
91252
60642
63945
61764
81480
86816
73320
91867
63397
68636
76473
59808
69802
70799
61785
91984
85875
76852
81134
74370
83074
88211
71600
60452
61027
68119
76841
69928
82063
71527
74552
86139
70034
66291
74588
60727
78953
81613
87343
78105
82222
90811
69937
62261
86263
67722
72391
63208
78075
82597
68740
79631
86262
90342
88486
61814
61647
63403
67812
67220
86392
89389
68711
65909
60695
69901
88854
89079
64099
82480
77590
86841
81744
91853
69009
90193
63214
72388
64439
76093
85646
79922
66819
65052
81448
89666
63168
79519
81913
88646
62667
66490
76656
75526
84890
67999
79691
63063
74621
87532
91902
63728
63780
67107
91988
88186
65378
78428
73304
71654
85552
61494
62070
85507
66293
66067
68830
61008
79365
67205
72489
70671
59751
80899
87103
66458
87259
77025
83064
87546
78619
87935
75009
66230
62562
75456
82562
80873
64043
85693
79613
86167
81979
90555
64250
67905
71393
78171
70113
78519
86653
86033
87463
84782
70719
83671
75180
66962
69681
86819
64740
71454
62584
82198
78646
66345
87511
79350
60961
88387
83316
65246
66725
72064
62431
79796
88673
78612
66896
89692
62969
86304
64304
75307
87738
59852
87771
73631
85377
82838
88485
67661
89304
91370
67099
87834
91235
74226
83595
88238
72571
81071
89286
61478
73496
84809
65316
86025
71412
88227
83657
81790
79341
62259
86823
81852
72107
73233
83652
75201
85380
88141
65853
64583
62620
77446
80524
82420
89937
68280
91014
88017
69590
79446
61351
78845
61981
82585
60434
76963
84731
84759
67540
61225
74375
83607
61801
63402
77251
88612
77185
72871
64382
90720
84740
66297
92280
75547
71763
69130
73416
60708
81361
73797
74875
88671
90530
81867
81278
90136
80050
62312
74942
73623
76025
60357
90253
64757
90366
85215
79432
87086
67738
76727
65846
66678
61183
70732
61620
83409
88568
76742
61839
64734
88691
82676
83634
65779
84540
60664
70913
67695
87819
60993
91780
77644
81601
71610
92360
84980
73967
90689
60034
67158
67992
89691
89206
91448
71992
85030
88471
83407
60932
61327
64112
61837
78452
62660
63426
83514
62719
63725
90223
74822
77093
68375
91798
71518
70067
80240
67584
60733
74819
65210
71099
77509
71170
74746
89860
77646
59830
60016
66411
75326
63231
70092
77873
67289
78556
69279
85237
68187
90482
66832
88975
73796
70921
89040
69437
80116
73304
64336
89853
73335
86530
68913
71481
85922
83808
86012
77481
69983
62593
86803
90742
76357
84847
77543
89499
64620
81076
68972
61329
61823
82717
71370
71211
60690
89278
71254
89791
80182
70966
60352
90758
74059
66869
72845
90693
77590
60219
72136
83245
81428
82338
69109
65280
88333
62942
83783
74102
71147
75012
70163
72927
91085
65929
71555
62473
65368
83532
70799
92004
65869
88791
64809
88932
80737
68834
90040
65063
87881
66329
72904
61528
60436
85280
83712
62803
64957
79059
81748
61066
72449
79058
90492
75303
68974
79933
87204
77043
85949
67516
87141
85878
81505
67523
67060
91744
79456
76820
77209
67111
71266
83077
88163
86514
87559
67331
85531
62902
75646
64215
89974
68510
87892
76072
91278
61617
89737
79553
65427
85167
88809
84757
63422
86331
90521
92288
82055
62527
90097
72144
65816
76173
65161
71940
77825
90050
80535
86868
71469
83056
76152
61041
87061
70524
72332
78605
75827
62916
68423
65694
77242
78597
74117
77407
83076
80637
73758
64920
84812
84428
68027
65824
63773
76704
91624
73248
60170
91025
89194
68121
80416
80330
72402
59945
77209
62698
79954
63370
89426
82602
68560
85339
88192
70591
75833
82851
74910
61186
62232
64403
75946
65486
67943
65803
88208
91049
91812
75104
79079
64295
66088
63325
62171
82444
87733
64647
90218
62129
67662
69541
88276
63657
72779
67712
89420
63139
63404
69864
75252
91026
71598
84727
81672
66316
80028
76954
67161
81136
89832
78924
72958
71756
63098
88869
74054
89470
64584
92180
83185
74649
91687
67689
70559
85258
81120
86422
64904
79739
72839
69686
64110
74487
69384
67662
88272
70735
62723
68307
68961
79549
61658
66669
71352
65736
67592
92539
84297
73831
61108
74583
71572
62057
78213
90843
76444
67860
78265
64548
89755
67085
75633
77717
63476
84856
73295
66591
74857
84063
73795
71360
72846
91224
66210
66378
63869
85602
67961
84582
70348
78609
87328
88280
63676
73195
85522
70661
89779
68113
66299
69554
68077
91682
77075
86286
71790
69468
85675
82675
78907
67588
73733
81769
67273
60680
81513
86636
65718
61156
86389
72175
84407
86466
72373
91936
60626
80101
74612
66798
70861
82247
64721
83912
60646
77697
83477
84648
63940
79084
60739
64849
65198
69638
89585
92117
82683
68631
70231
83801
84937
74772
80550
92188
89586
85187
61083
90294
89148
76320
73043
70302
87504
78848
77665
70639
88302
69108
69406
91756
89566
71280
68416
73665
89642
61740
83886
91916
60426
69835
77971
60315
89632
66491
74673
80119
90981
67676
82937
68642
70500
76900
76632
69150
85670
64386
61139
71598
66413
65857
75990
90721
76453
74288
64969
84683
69911
69696
85733
67606
82144
89709
69446
64698
73505
63392
61249
66696
70137
64724
86519
91117
82608
85624
82218
81013
86069
83221
86864
76430
67019
89393
79846
61583
92671
88691
89607
86776
80349
75272
92477
68091
74851
60484
92311
60476
88630
81293
66556
79574
83348
79477
70590
71326
65162
62246
87666
87723
85863
86531
80128
88086
89456
84364
91382
79614
84437
87426
67874
82127
89828
81740
69727
73668
73085
83354
80559
90027
81606
91976
85130
77801
65055
87429
84086
67261
81753
86324
91864
68041
91426
63378
81930
90062
60356
82458
89261
85943
72720
81318
73793
86233
92820
81110
82419
61561
87829
68021
83893
77966
90169
88730
79764
82889
89987
69197
62278
84691
90500
62315
61955
63190
85584
73484
85143
79166
63024
71330
85940
84161
87702
86309
67724
62364
76630
86893
65439
71456
73746
60383
71122
60526
79350
86347
79810
80511
78246
76053
88919
77159
75125
80019
64412
78554
60376
83383
67278
65519
75290
92910
62131
74788
70481
90695
92972
85410
86928
68568
85774
74435
60254
78686
61230
87250
72551
88355
82875
86034
90226
66085
68561
77057
77715
86900
68426
83677
82594
64732
88792
72552
67819
79556
65105
88041
69671
87894
79177
79731
63916
82656
80358
71273
85984
80762
90608
89922
86003
87018
87592
78986
64462
68036
87003
64553
67654
84694
76982
77800
64406
92610
63708
71473
69644
83437
77622
85526
77570
76440
71690
81302
71696
76109
85456
92443
67712
62333
81985
79174
63234
63335
60848
68591
79777
83003
83613
65896
72694
63872
61320
89858
91036
83379
87299
79571
69860
79921
83467
91318
62921
92759
67736
73874
68902
82919
72819
67040
62502
89773
73800
78951
71676
85347
68860
61002
60373
84435
80704
87877
80651
69179
92007
80180
93084
89589
75636
61909
83162
65879
67448
60878
69220
80089
81947
87282
72532
93045
80760
84928
71098
70740
89134
60972
73290
78758
80563
92067
70737
83666
85228
85065
72174
68559
76795
71557
75902
70609
60505
62399
84312
92457
80932
77672
83643
85094
80826
66363
92420
85185
83078
69059
70692
81848
70170
75806
88402
89080
65918
63488
86269
64384
88776
90875
86277
84228
88301
83709
86826
89231
91095
72730
73669
68461
78008
91019
69814
61256
81053
67575
65693
92305
87366
70386
80461
73762
74805
89028
64637
85025
61445
70507
91585
80935
67581
86499
89273
61601
69093
67748
84104
82295
70168
65133
77192
88044
79323
79936
66109
65478
83949
62381
86151
70574
69472
71252
63259
67801
80038
79526
73523
89576
71919
74219
80517
61709
80819
66441
73074
65904
61066
70019
67969
90065
81732
90688
80907
70254
73782
85902
87352
61479
75474
68326
76586
63200
71803
83698
89463
90407
80279
72268
81117
81686
70373
65417
88881
71291
74000
71286
87961
85559
74373
68257
80635
92388
63362
82715
63669
86715
84080
81789
92047
83636
91763
83497
83693
69358
72255
83922
74826
74834
87341
72767
79073
61812
63630
64587
63405
81081
75583
89393
78740
64959
87422
69894
75232
74233
68347
86151
62702
66714
68402
70165
80682
73141
88057
86526
81467
76962
82517
77822
75386
90531
64914
67078
84649
84679
92307
89147
91106
67599
65894
89666
81357
68304
79643
79291
79638
91224
69079
60939
75294
92116
84260
83295
62961
74610
69771
69358
69497
62658
82533
68222
90865
80994
92398
87337
75163
62682
66971
87905
71606
78021
75438
87090
91819
82994
64263
64967
65415
73033
88125
78640
91565
69682
91885
84834
90573
72242
92498
70015
72976
90135
86038
87640
64661
93143
69992
80689
86305
60788
63055
72132
77586
66338
86590
77192
66197
85164
88296
90674
78873
85524
67157
93052
61700
91514
85302
68134
93348
88126
65398
74299
77160
80745
75025
67222
80464
80713
79145
73124
81058
67164
91479
82796
92639
89968
66367
68812
84469
72455
68711
86021
77238
68608
63561
71290
92553
74612
92326
89012
75871
83935
78878
81322
92905
75648
65278
66111
67337
68098
87641
71181
80774
91483
65882
92257
76803
80373
64728
84102
88370
64011
87339
75847
92485
65623
86590
92079
87205
88554
76262
69139
84711
91995
76914
70739
91132
71971
73604
74844
61863
84808
80671
61937
66868
66617
64768
69804
64872
72441
83506
92991
78004
67712
63197
81920
67501
92255
64607
83621
72641
93346
66973
90955
77346
84218
86427
68286
68359
88348
85067
80884
77076
67172
60835
78554
79126
78014
69362
79956
68084
73414
76404
78718
79075
80174
80164
90169
85464
71008
74449
85731
68675
70501
62580
69989
86010
70406
86209
80243
79475
66609
85756
68623
69687
87710
80910
69199
84627
68785
61912
85857
74129
62883
80071
70604
77351
86749
92073
83448
74925
93348
79295
86001
87956
88571
62227
82536
86614
65477
72459
93435
73897
68395
62783
84918
71160
92989
80008
60889
76051
69084
91225
80347
79910
91095
83027
78512
84200
61524
86547
74312
71956
92018
92495
85336
70429
73772
66081
70748
64286
89473
91554
75229
92175
78545
69819
75247
89407
67467
80184
61183
71678
65029
76062
85963
91546
82347
91199
92850
71054
65628
85003
72238
89077
70417
79273
65183
79941
72128
75335
72010
78905
69248
76206
71841
69391
70637
63257
80325
76020
66254
88135
90953
82621
64245
67279
89401
91607
64359
62388
84570
67713
83389
77113
83636
82488
69834
87798
85838
74867
85630
92204
87865
68497
67850
74838
77263
64528
72517
66048
72253
90111
84047
62428
86079
80054
63092
83987
74283
71876
69971
70105
70705
64041
87871
86340
79073
83142
71141
85342
89837
71953
72239
87161
84017
78605
87913
87746
66032
63866
68003
69401
85601
68936
87894
77344
61290
93522
79434
80786
86699
66121
71606
74199
81598
75502
73642
71637
91581
65669
93098
89352
65797
80774
76955
64469
88634
65685
71652
67099
91532
79284
62413
65548
86328
90040
82730
93499
77393
79865
87102
78837
71360
84558
79578
84693
62602
77625
89541
91283
85585
79454
61280
69149
81182
70970
67978
62185
61277
93713
64706
80777
89385
82728
82571
80512
70090
76341
78613
88916
77436
87060
81433
67556
68210
81083
76549
63484
70683
71536
74841
73511
87972
84794
70225
76996
85694
70549
67780
86620
89505
72041
85068
82995
74065
71741
78503
75805
62240
91048
90717
91795
83316
90377
79267
70150
81354
84344
83072
88179
77819
83965
88622
78648
89790
83967
88515
84262
75119
67583
87569
79575
61199
83078
90314
78146
73355
69467
87272
79500
85057
75514
73803
82210
64704
90690
86180
78084
79055
66670
92051
89956
69298
68934
80396
69743
79016
88470
89855
79723
91320
75744
61752
82178
90541
87374
75908
88029
62816
91882
69141
87925
92213
78609
86055
90406
70120
81701
63716
83846
92042
75139
68741
82932
76486
71605
86715
76404
73321
86248
85837
69562
91170
68768
77314
71044
92037
87466
75201
86317
64086
82259
71415
65663
67077
92887
92473
65738
63093
82716
93227
80946
82433
67744
81824
65869
78529
64432
67330
63726
87305
74460
93173
77371
77619
78759
78903
89350
75423
62339
93898
64090
79351
75004
64598
76627
88248
87347
63177
73267
85998
73102
80960
63923
74815
77230
74026
87703
67882
78241
69034
63365
66961
92249
68158
78615
66933
65117
65439
82991
80130
65727
77288
62603
91339
64590
73465
87449
67414
72972
71710
64396
63451
90595
85740
93871
90697
80019
91500
83705
83082
71151
61820
75234
86280
89673
70513
66166
88688
78379
90113
64424
76982
62280
74081
74984
63321
71089
78762
65784
77032
69964
65665
73467
64453
67459
89591
69071
82985
61753
87214
72092
77672
92418
69950
67501
85110
91539
66774
83071
87466
63607
63783
79896
66499
91396
72573
79002
70185
74638
82735
78616
88181
74970
63290
86696
73010
92629
63273
85434
67045
82822
84792
88488
84044
85826
73656
74894
65764
66335
61365
91483
86701
89771
82647
78376
78897
70621
66182
69833
69059
80971
76369
62882
68869
93854
87953
74940
86445
84035
64585
76057
87944
81764
80209
87620
82367
86295
74676
67627
93017
90069
63830
70961
90369
87597
67802
75392
75785
90553
86210
92828
63152
88658
72152
87614
82336
76160
69837
91999
82619
83508
74529
73363
89367
71866
74562
74392
66119
88809
63480
82479
64733
84125
88832
84010
82988
78951
92920
87495
81235
87170
70779
79676
68983
89097
71308
91795
90447
78952
75320
78008
85478
92945
62839
78033
77468
75632
74068
71117
74862
81184
84813
91712
72312
77407
90621
79470
62392
78527
89336
66725
83477
71199
61431
77777
83616
66522
63797
80970
84761
70206
77592
88816
66741
74304
86292
91770
88094
92013
90061
84747
63164
76836
73851
68614
73011
75267
94099
89124
72493
93855
75428
64452
67673
62584
72062
86402
84660
63532
93850
61706
86535
92650
87734
66607
76976
80682
92096
84535
88486
63643
73461
74105
64440
82013
85578
85803
86549
92273
63755
63861
72209
92526
91074
67529
81446
90485
88922
89463
63033
82790
63364
74364
81183
67156
89178
69275
81760
92471
81730
92848
75579
73441
78614
80960
92650
63028
65410
85844
64039
86673
67501
70280
66542
67731
66587
63839
71045
62206
70610
88281
88506
87026
92347
62024
83820
87653
70476
73823
92748
82896
78180
88716
76005
82471
66678
66184
76762
77327
78570
77868
84591
91468
80064
94086
73803
71032
84855
75052
77949
90875
79149
68816
80316
64567
92935
67093
73715
93443
90835
74657
69373
83547
93164
77939
80556
93781
69470
73591
90129
76887
80715
72024
93175
83336
81294
72854
92849
81284
86429
91096
75030
69460
83380
67203
69321
62109
64304
67467
92606
65815
83513
83594
82681
86081
61603
67343
76953
86868
91158
66104
88342
72053
81773
79491
64455
80942
88925
92641
70311
70175
66135
70156
64856
63985
90031
71451
66920
86412
92669
74836
80852
93578
85188
64321
85962
74987
70993
64774
82611
83210
75494
89585
73073
65999
80408
79699
68325
79399
93046
93070
64437
67761
73067
69744
79692
84155
78182
86975
65058
71532
89143
69141
74045
78146
72125
63470
78584
93120
66494
79104
79107
80736
69654
76235
92075
87503
64020
85872
73307
83033
88865
63942
81251
64162
79522
82859
83193
83352
64800
71064
68989
75429
84646
64121
71938
93993
91243
79547
73225
77863
80305
87462
77711
86591
93165
73965
75339
92636
74280
79491
77617
72622
76709
78001
74554
75099
79300
70758
68711
89713
71974
63950
64516
83360
66066
74533
71210
93734
63512
62926
63111
90506
67828
67999
86625
84365
72373
82560
64473
63070
76062
75828
76397
70925
62028
94326
76993
76354
87705
94024
92063
75055
94145
90504
83516
73411
74563
83396
65469
71968
78858
79695
87545
86864
71501
65428
78209
66867
69812
86443
81630
71612
88508
91178
94489
77149
88156
89406
68993
69312
76009
83194
74920
85944
65335
61934
72879
82039
74497
74748
78019
65281
68490
82279
68072
81121
89733
92717
87285
68890
87602
87447
63968
85600
86731
77326
88124
66952
72478
89904
77056
80958
69755
68131
66954
79862
88528
70697
91108
72997
84499
66421
63557
86704
67040
73278
70619
80292
76900
65553
80071
68905
67449
72043
93034
65201
67346
85383
75999
90741
68570
74357
75464
65570
83224
79724
81998
89039
75222
62817
78947
68403
79170
77272
72010
92949
81492
72699
76122
84227
74417
64489
85247
87367
87248
76880
67073
94487
81243
69182
73737
77068
69592
71476
84577
68566
86664
84349
65275
89389
73103
67261
88757
83210
87382
94413
84699
82712
91182
85190
78829
85605
79670
72796
62883
88414
66174
90478
94255
86522
69740
81882
93890
62005
73823
94614
72529
62656
71827
82173
90009
66039
69445
64870
87905
92435
93975
73211
79871
63905
80565
67273
86301
69939
78777
74771
68285
78165
92364
85996
66683
78274
93966
79365
80402
90840
84665
76227
86306
78922
84737
74388
62513
78869
89406
86660
89839
63925
72524
68363
65470
86424
71986
91177
86641
81107
79363
88501
88148
71956
62466
86771
86381
66775
72713
84068
72450
87005
77868
64482
87900
75738
94617
63212
82634
65903
64962
82750
88552
89431
83647
70052
79136
78309
92909
82705
81266
90286
77788
67563
73329
94339
74856
68010
72078
74658
77349
86689
73369
81452
67073
92187
85381
69850
92196
84650
83308
72684
64283
86204
91346
89699
78390
69487
89902
75120
77614
83367
84903
94252
91915
64861
69915
80777
69189
87866
86885
84617
69674
78948
83424
81582
71039
78488
67367
70833
89706
77433
92703
88439
62352
81959
86072
76608
62074
91668
63727
88866
63805
86547
92824
82614
62810
68786
88154
74257
88547
90826
76155
72181
65759
86356
67037
71241
80880
91006
68553
81095
88115
79615
70380
78837
72040
72359
73887
87638
94291
64314
94572
75233
94305
70270
80845
70578
84111
68755
69686
94208
82824
71555
64086
71247
70413
69914
83867
76262
92826
83704
71412
63108
77127
64740
71130
84303
78572
77155
69265
87565
92296
80009
76715
64662
85988
62736
70863
66185
74355
87975
84152
70975
72573
74892
88192
75773
77180
89949
92191
66158
75463
93484
71727
70480
67949
72913
81138
88941
72292
67972
67221
66765
93155
68523
65206
64042
91916
76784
65317
70308
71886
85143
67047
75190
83466
64782
68225
72553
68340
76742
79987
85191
68029
76354
78594
84115
93295
79726
83514
86071
81432
66609
76084
73982
89898
91717
79253
89475
71970
77127
79959
76650
71016
85514
81868
88397
80758
88113
68319
73977
80445
92669
64926
88539
82116
71267
81653
77749
76307
94562
91068
78229
73807
79507
84725
85256
64294
81410
69454
67979
89454
78652
78318
71746
87560
82601
90733
68589
67595
78108
67620
85271
73246
70057
94376
73360
68902
69047
83857
83486
92706
62293
80768
77168
87890
64978
62560
69459
85151
68743
81643
66857
81719
80888
70000
67734
93304
70940
85460
81276
85007
83704
91352
71722
93537
73331
81561
78800
82986
77925
68701
93494
75875
92657
92044
71086
68970
64277
90621
86600
78941
85887
93043
64324
89542
68002
77928
69581
81534
78858
87561
70116
80843
72940
79745
89754
78540
69634
67706
87682
85783
90773
65761
92774
79008
67036
62954
90169
65757
70532
66645
91213
91943
67728
77807
80582
93284
74339
72795
75087
67043
70171
82706
86283
73607
64033
84649
90318
85288
92670
90963
92046
76598
85105
85158
91924
78495
64446
92322
75511
66547
94280
65519
63435
93639
81250
72550
79510
78423
86115
71379
74883
86127
75256
86265
91867
86923
92607
72919
82736
94013
78865
88106
93148
92623
88607
84787
94378
72233
66624
79290
75730
64758
65161
77139
74539
75011
63391
78048
66972
68327
74185
70999
85203
65513
92745
77766
90938
83998
80621
90260
69159
73682
63969
91145
68692
77865
80839
68624
63630
79622
89097
83772
83121
91692
94062
71946
90323
81316
83180
92006
90816
91486
92350
82288
82343
84507
89526
66431
64018
65929
65747
64614
77339
80304
84758
63479
71133
79758
91538
86726
87082
76030
82883
64304
66428
85471
79904
66459
69421
81009
79603
76286
77034
83202
80745
63653
68197
80075
66277
91182
66378
71701
70298
68312
95093
93088
80729
63741
63842
85316
69543
71388
81124
91097
65555
74652
69146
87637
70087
90510
94367
64052
90972
87987
91906
82205
62451
85118
70262
76226
90241
89562
64202
79880
68458
88687
70299
79976
90706
81953
84936
86676
79407
66522
86054
77662
88483
67210
78453
79318
63882
88940
76691
74675
91087
82826
79856
66805
77955
66179
76098
85704
65840
94348
65658
74154
84586
93621
74742
63184
89000
72302
83448
81094
72018
63817
69463
75607
72987
89601
90740
79532
77969
85436
84592
80312
87538
78989
92828
85971
86850
70717
66097
77220
95130
69707
88130
76101
94915
64305
74734
86434
83716
84201
83162
70946
81207
68272
90079
80778
72482
88074
78847
79646
80901
84230
80798
69897
88944
91587
93678
62718
66135
77619
79020
73760
84584
75039
92682
79647
93084
93547
94956
83876
83981
65692
84310
63728
92679
65431
68389
77760
75873
71339
90366
76147
91406
70098
86405
86638
72175
67124
87247
89024
75755
79085
80921
87042
72770
68368
82362
83841
90142
90860
87382
76704
67180
92814
63573
72055
76777
86919
81555
72640
73088
77807
83801
70644
80083
73897
82573
64177
80664
80105
87589
65375
94758
80628
63457
84755
66511
70183
69434
92851
81777
77371
95126
74844
77256
74695
72381
80896
86790
79366
68496
93012
87846
77275
92409
69865
67709
74258
76062
88728
93330
70889
85210
93988
86831
68303
76653
88859
73656
65131
75378
83197
81084
87520
88594
76960
93642
81232
73080
80339
95110
68255
92036
89666
79355
69241
93124
85658
92467
63126
66464
71405
90117
75068
79828
85591
65839
74246
65060
77282
70309
67557
65354
69287
85800
70756
63796
70454
64025
80944
69996
65592
91536
92375
76760
67667
73385
82896
72099
69454
78878
78524
78971
75894
84763
92395
80381
87104
63053
78370
64365
82223
66365
88731
79275
70648
78300
88142
75106
64229
68190
72047
76675
69751
83276
72760
71154
86351
63957
78824
90239
76110
67174
73484
66071
89084
92026
86781
72251
85030
94386
73898
70322
91852
72744
71319
67963
79162
91137
82982
71430
88692
88641
82454
83108
65495
94947
74825
83771
95486
78890
80074
86590
67299
82226
79886
71388
86598
94922
84602
82808
70995
94854
67366
71514
83071
68623
85985
89764
91827
75966
77429
92807
64684
76137
71468
88502
63394
70269
78994
83227
66343
81485
73853
74954
75347
68010
77387
65843
65566
77492
76395
83099
74509
82415
78623
82125
87057
66970
69247
81164
77996
67388
74178
73805
65621
80767
93625
68515
79134
68673
79004
63739
90004
68841
77065
78345
72166
84215
91722
78722
77386
90336
82391
86156
64669
92440
75291
76403
90953
81776
85627
86173
77676
84642
89237
72896
88119
88106
69317
73554
67988
68696
81902
77889
82443
71844
70775
63461
67558
76865
63635
66611
63891
86773
86982
81459
81227
79399
71077
86964
70641
95290
65501
92478
70461
66073
86390
75848
84761
84755
79705
64939
88651
66282
75280
72791
79445
89638
65742
71748
76441
74927
78255
77228
86721
86683
71488
67704
70750
80709
92994
73720
89039
90783
67243
64214
73829
65737
75502
94029
95173
91106
71804
78742
73869
74782
92811
86691
72762
89624
69654
88336
86089
92010
70181
85591
65180
78204
79694
85571
83232
85657
83068
87719
66733
85320
80623
73039
77613
89561
79748
66103
82177
63038
87863
94715
92576
92188
83174
85135
75649
72994
87128
74800
88892
93594
85629
92314
71148
83261
86775
86652
75479
68172
94938
74537
76881
64220
92336
68752
76765
95346
70081
87406
95638
88527
68753
69058
87757
68365
73897
92034
90100
74731
86938
67468
82362
95334
85824
90847
66936
92041
64836
64523
74956
85125
64484
70886
83075
79364
86007
75905
71357
91067
63531
82266
75851
92734
83346
65491
73052
68889
73053
91363
74073
65308
67559
79116
69133
64758
78069
67469
69129
95750
81212
87512
81479
79725
71971
73542
70413
85352
74955
95498
66580
69341
90444
66148
82922
67379
66370
91415
67221
78439
69257
92700
72569
81756
89924
66200
89724
85107
82980
66828
83047
86620
69095
69323
67215
78124
79902
72114
78262
70575
69428
72211
72748
72959
63404
80114
67385
70741
80554
65140
94144
66336
64437
65684
86556
63828
80827
92696
91470
93189
68949
93635
69978
90676
89677
63949
74990
91113
64094
81808
69189
89986
76602
91012
72523
63818
72146
92525
66818
63821
87249
78035
84516
84843
73833
71091
72970
83372
95059
67956
92364
75987
83217
79900
78250
69430
70007
69060
87210
81356
79209
77898
92803
68488
67814
82245
86458
86757
88646
64574
74763
74179
77503
66845
72458
72561
93230
64225
75786
82187
86036
74388
82750
70662
88031
81534
79390
83721
65132
91546
91404
94462
94921
94022
89144
95850
76863
83774
74689
72953
65424
81355
73501
64862
72061
75832
64442
83801
66187
91526
94949
68633
69639
72545
90860
66245
91720
81746
66431
64342
94260
81973
80220
95143
94214
91118
85292
66255
68942
77144
68007
69294
66616
89726
66815
65478
88594
92942
72060
91980
80649
93962
86371
84863
91443
64961
84509
69177
83155
89342
86677
74180
75224
65663
84194
65518
73382
88488
64294
71520
71705
85881
69558
74539
71367
94910
79995
73892
76166
82565
79256
87922
74031
70869
93004
75749
95649
63389
69402
70538
64520
73195
77864
78844
86623
77150
73446
70652
74803
65502
63471
73412
76970
77194
87604
72089
72133
94962
94295
88992
79074
83847
75093
79858
95365
79952
81000
85490
88919
88798
89132
78815
84079
93313
64768
77733
72913
94652
88751
94713
88628
92663
76112
67492
73481
93044
69994
95519
74680
80772
79708
77921
73005
79611
86524
93429
75923
73441
70783
93775
74847
73066
94105
87136
72337
71464
93668
71272
73782
72832
77702
73740
85554
69467
84239
83112
79676
86301
68000
64742
65322
68827
93266
74384
63343
94665
80085
73378
91362
94705
71512
81316
86721
88363
72617
73270
71413
86089
68510
93677
93079
73874
91315
92253
82356
84850
91380
85111
78157
84591
72478
80918
76450
68447
82433
80340
85169
64728
92968
80162
66809
81641
81084
95384
89219
84999
83622
65161
71203
77386
78580
81883
66044
70874
87422
88341
76354
89508
89801
72122
81220
91985
79403
66006
88233
81784
81712
66006
72185
65810
69181
93340
71776
96047
86131
85971
76719
88040
92886
75392
74916
76693
70831
72154
88683
78912
94511
83036
78180
92505
93268
76568
65319
89002
89873
90446
94150
71054
81577
68157
86098
84830
88924
77113
90784
94253
94789
69630
73292
66229
71299
68420
66303
75408
79255
69012
90094
89516
80653
82009
79011
95737
71519
66362
69376
65380
77334
78247
68225
89609
94002
91826
87233
85156
73676
78625
88896
90953
71162
63937
67171
95830
93171
91645
75196
90533
93811
77998
94604
70662
84577
75573
83334
93932
81328
75976
63702
85606
85891
69129
96098
85329
86932
77533
65616
72141
81110
64123
77256
93677
66393
87491
76283
65715
74094
78802
79204
66363
93197
72915
90701
65078
84595
71447
76182
74650
69903
75369
81074
92312
66463
87451
80114
64463
82583
65125
73734
93119
75714
82800
80321
70016
87595
94381
82716
70579
65854
79339
69246
71098
77611
94121
63802
91940
64139
94760
88665
83819
71494
68293
85659
70114
73396
76678
67000
91625
91906
95475
95467
73571
92632
70183
70321
78698
65080
72486
65487
83265
92586
94577
82322
67465
68758
84696
94554
81336
77297
89744
66906
94664
76315
92293
71321
78380
67848
95985
84028
93192
81823
79406
78856
79265
73823
77513
65571
72979
81736
76247
66074
85826
85241
77708
70440
76562
77078
87049
63926
70875
84972
83574
68638
73239
96088
87633
94388
87390
81636
90885
73479
86677
73524
92607
67172
86882
64673
75133
64924
64482
78115
95592
90119
69535
78196
64867
64457
79548
68978
79076
79188
74611
85958
88066
66607
76738
65731
93904
77045
76640
86160
89834
89248
82422
76938
80717
67847
82316
82916
83564
80550
90433
81808
88704
74654
67648
78179
76831
75772
83183
65140
72464
80702
83050
84165
66910
79636
89647
72741
86187
69475
67611
90708
73159
67471
83605
90729
88705
85242
93449
85873
75197
72392
82584
76377
80327
84710
89869
64270
86247
96330
87059
74978
79926
71292
95910
88626
66735
74325
89288
95045
73353
86022
90997
76920
71365
88669
86232
69528
64259
87876
91839
68752
72601
79243
63821
66884
96230
83943
89582
86204
83172
65850
83600
63877
82429
83476
89361
80724
86048
96122
78579
66541
65299
72423
88407
64323
66827
82833
79145
87777
87162
73965
91032
64648
82984
87669
82633
79898
64901
65705
94924
67766
75070
68436
90831
84261
94734
81168
81553
79733
75223
72716
86042
73699
72945
69645
76202
77567
92097
91571
76783
77578
74382
71422
81018
79011
65425
64784
82036
65187
79691
85813
77709
68933
86812
70432
86838
78986
67088
90744
67088
77275
67580
76179
67492
93424
75466
82817
79956
80882
66065
71500
86417
90844
74985
72318
93775
89639
94717
89316
96182
92326
71137
65938
84507
89263
95142
84263
75310
77947
81836
69970
82549
70095
81080
93589
69881
91356
85830
81225
68927
76389
88865
90851
75385
69919
73520
65653
72190
79453
66451
89464
86520
88556
69103
88520
72796
67900
94213
70128
85536
67009
91274
71848
75432
92825
85554
92572
67457
87407
85263
63855
87121
71327
81433
67328
69390
76955
88334
70124
66671
69261
90236
72276
72864
68158
71707
69088
74810
80182
95585
67075
74098
86309
81489
80769
67985
86913
68244
86831
92836
90225
88778
92154
89460
78058
80418
95787
86968
64535
73256
68586
71306
84991
96479
90880
67864
66914
78096
83937
66460
75491
95457
94697
88718
66413
72361
78054
91671
64463
66563
70615
73162
64425
79650
93427
72847
81292
74340
87789
73951
72285
81449
73591
89399
92154
65765
80645
76998
76576
88436
75219
65641
73869
74670
87593
71642
90465
84796
74718
88869
75466
69802
84251
92251
94432
74940
90209
76169
70862
69126
66509
67307
95795
68791
94619
67934
94152
94390
88554
65812
77634
71152
80318
66699
67706
64240
91979
89024
66507
75184
78705
76704
76731
84654
83075
95679
89566
92739
69196
81996
74488
88112
68436
64069
86626
90490
72543
94183
66735
66681
76599
90985
72078
93995
68011
73193
87282
79822
69080
68775
87921
66477
94887
81521
95722
69690
68503
87390
78955
86621
79549
82111
92242
73740
77833
86867
83378
71708
76234
68026
89080
80982
85620
70956
83406
94670
69537
65131
69695
88944
91735
95478
72988
82652
92297
73344
66719
66420
88032
64160
80463
76722
69051
77514
96547
84160
92276
85630
80618
69698
73189
95167
81642
89206
71466
80839
91080
77440
80297
64505
88232
76543
82256
82711
92564
83172
69662
64181
92962
68228
71397
81134
67921
84204
80718
78421
64949
96628
89885
68654
94420
77207
93366
93919
68303
93441
68832
90273
96069
80362
92618
69755
90228
77731
74572
67953
75169
94062
88174
75257
86202
85907
92718
87982
69435
65712
88958
71496
78414
73041
94861
69836
96822
88000
65351
90112
78061
80415
92959
94498
88076
76979
95756
88537
93676
79491
83153
81516
69131
76834
74882
71474
94385
82121
75588
92746
69075
77224
65108
85387
91959
91006
79179
83134
81369
96872
78496
86027
79502
87030
74094
81586
78311
74628
75895
72188
88920
86216
70250
81008
78745
92327
84833
92489
72269
69709
87982
96296
72418
77436
75735
92423
65720
81700
93663
95342
95877
66869
88007
93161
79096
69297
86869
65209
66716
81669
81684
79562
71424
86937
76956
82405
64277
71334
71699
88871
78039
78920
80116
92338
73775
91604
86031
74146
96024
92011
71378
86083
78594
93135
78790
66689
88435
66166
88156
84639
74740
74717
93162
80428
74539
88095
92145
94515
73029
76742
84385
85939
76695
91873
81055
67406
88964
80471
90885
86853
87713
87930
89771
93348
87575
75231
65445
69306
91465
68462
80908
73676
79799
96949
87298
86539
71202
80769
85232
86210
75506
74160
70418
85460
71124
75329
67638
66406
89767
71341
82112
64985
81817
85626
75762
82427
71309
77581
92266
74622
77249
84416
81388
90025
80813
94260
70754
86093
72238
73449
71713
84731
96483
95755
72558
65652
69335
78991
95553
94305
69473
92543
81225
83268
91721
85906
67887
76975
65324
67328
69407
65460
72738
74132
86405
85916
65437
79107
79892
76507
93589
92028
80397
77380
83938
76416
64958
79482
84457
71668
69961
83367
75642
75125
73894
94576
70393
74219
85227
93480
93884
78177
67787
66627
77237
80660
73309
71950
75601
64969
82463
64414
90783
81508
87867
77062
72885
83127
84233
90830
69200
72344
73172
89760
79034
82230
75489
93763
74225
86189
94637
75726
71685
79319
89719
79381
95170
66149
65534
84328
76431
66351
75916
65661
90006
69833
84019
89514
87077
85591
65623
72791
79700
84642
69741
96948
71913
79723
65537
84903
66424
76543
76286
91401
65999
73739
68906
81425
70545
75698
67056
86544
87328
66013
87394
72543
89792
69586
72062
80534
73466
87305
72368
73215
78911
96826
70297
81227
68046
67259
86031
81283
80856
82953
89189
69953
67297
65445
67052
92447
83561
73505
95161
67696
83660
80506
75433
86574
93799
77992
68515
74292
66044
92788
66333
83629
67671
81802
66018
77261
69938
78287
77586
72639
90967
94964
74602
64734
87556
92236
77253
75815
88467
73946
82147
75246
95066
94639
93802
85713
78033
76915
70442
87787
87538
74817
71845
72010
84710
95416
94159
79778
68829
81742
76050
90690
75326
86760
85397
89160
94720
94632
89534
69649
77399
76038
71926
83956
74388
94243
94892
89904
89158
65625
88220
65314
83878
72727
77393
81084
75570
79852
74216
76338
77463
80353
81432
78070
83156
82700
89455
83943
78237
79714
90846
88518
80381
96205
88952
94185
94272
66175
93559
95539
80656
93573
80000
75075
88030
94111
68392
97260
89220
93007
70070
80101
64552
77872
90666
84930
70499
91785
67967
80931
81826
88354
65070
90668
67021
69974
72691
66357
85031
96618
68819
75458
76662
96541
82782
79797
88931
82048
92722
83394
81443
79112
93376
97060
85847
79074
64851
72334
96817
74886
80974
72037
72409
96911
91316
76332
77583
81354
74222
84800
96785
76173
94921
77253
73663
93258
81343
67808
97021
78947
96887
77094
78681
65344
70799
93269
87534
89760
93080
76098
95623
75820
70754
74771
71176
82770
81786
87726
91914
67920
92402
95602
70086
93071
79200
92196
73268
87091
73769
85804
78708
95472
89856
92417
79724
96287
73385
93154
70067
83985
64771
75719
71085
90275
91205
66711
88056
89874
76680
77979
94983
82961
73862
70451
65293
72729
89761
88007
82205
66049
71463
75009
87439
77774
77524
87097
88485
70092
87192
81201
88175
69598
95643
92675
65259
65810
78463
83799
88945
64888
80357
74969
76878
66101
76850
72171
65968
72659
93331
74390
79554
68315
66366
67783
67095
71334
95483
93624
81228
66160
78819
67500
87017
88238
68968
92127
92553
65697
80278
89277
94011
86572
94105
83026
65575
72675
74622
90882
77173
85860
86334
70266
82282
83946
96504
89318
81364
89887
77950
88164
72105
82994
93715
87737
66027
84266
94323
81220
74190
72314
92180
71984
79389
70869
83372
82925
94170
77123
86515
76768
92709
73589
94890
71001
79710
87637
82140
92102
84366
82658
87140
88871
80387
70971
92335
72130
78907
68601
81603
76312
67588
85442
90240
79127
75488
65820
76070
97425
69806
71294
79640
71149
95111
96429
76512
81181
66279
71494
87922
86992
84493
65430
83893
90344
64932
96178
81215
74798
69794
85956
68704
70212
69745
89508
96611
85212
68685
87720
97040
92968
68589
97212
67190
75409
88421
84917
83943
81836
74315
77794
93507
77674
78872
87780
91514
96399
88018
78272
80204
77157
69864
83763
90451
64945
82782
86342
81220
90342
66857
88353
69746
77977
73437
83236
75667
83765
65413
68916
68551
95984
75730
67923
91862
93437
86137
69236
97465
87299
85974
85389
89693
86223
66261
76013
80291
71750
81170
95184
92843
87453
66623
86065
78418
70092
72391
73439
79353
83263
73136
79315
76937
90319
80326
86209
89267
90866
80886
94189
86141
85294
65784
72000
90618
69076
67633
77723
66904
78314
77271
87147
95265
95081
86102
67454
73146
96169
91378
96533
65840
86553
81838
82490
87091
73523
70253
96083
72547
84911
91992
84216
71627
89079
72319
75522
77227
83932
71363
72164
75899
81543
88563
83519
65580
91826
66613
85680
66481
93976
95912
67565
68798
66345
83271
78608
73936
96259
65553
78386
74605
83358
71527
92988
97709
73798
90037
85242
89849
83535
96340
76401
97043
87556
72111
90227
92502
81888
69285
96624
67904
76033
89391
82831
69677
86489
90691
68861
74853
87335
91384
96901
76121
86821
91370
76898
74026
89347
75744
75089
83819
78997
84652
75754
84264
78921
88403
65071
81447
95067
78446
89958
83821
96844
80336
92196
96004
72592
73321
88235
91388
83079
79722
68981
71088
88750
81066
91665
70987
96535
89673
69166
93322
74262
65427
89334
86723
80190
71975
81565
82214
88459
67160
89145
84803
89057
82387
95700
90316
74165
87426
74431
89244
96266
65969
93226
66809
75424
89968
95730
90390
65384
66104
76218
67548
66106
89297
71741
84970
92362
93554
66786
92379
77529
95531
85906
71111
92840
81536
78022
73996
68018
79703
97252
96590
83354
90644
89035
83900
91491
90626
81324
65429
73439
75509
89629
67307
76906
97325
76904
89256
92888
65150
96297
90062
70571
81326
72984
72707
92041
68895
74019
81740
89326
83885
96448
72985
75551
68314
91521
90754
76127
77097
74472
90064
76388
95175
87422
68415
89100
84848
94239
73986
68429
67729
66456
66696
68714
94890
76916
83710
79725
73463
70418
96021
67793
89679
78331
73221
80511
82508
87667
69074
92412
97708
69454
91341
71904
74743
97797
92767
77962
68706
81417
76034
80402
89076
87639
92560
65919
96999
92493
95168
90938
96593
71356
79853
89795
75524
83006
83482
82339
90802
81866
79412
65186
91221
94341
91542
66873
67277
68059
77267
77130
87243
95439
96431
68367
89327
91023
87406
81745
69933
82764
95058
71642
79221
65608
75103
70700
74131
86065
86881
74355
88660
95917
97328
75961
83434
79926
77107
77401
65425
93992
70435
80310
69235
96024
67601
79404
66505
90728
82603
95815
83012
77336
68283
75315
65707
92127
71408
82548
74181
96891
96225
91863
76665
70725
78927
68009
88884
89096
96938
96038
66955
92179
68567
74036
96034
76685
82737
71506
89292
85513
90062
80587
95987
74074
94979
66351
72763
76201
71722
91907
85858
93125
88482
81080
93291
95673
91928
75738
78075
87460
65797
91786
74755
94917
81272
70446
73887
97494
68118
77415
67646
91547
69471
66884
90116
71866
88371
83893
89452
91597
92308
90946
75314
86198
70317
95740
83824
80946
86291
93620
75783
74418
91980
75628
96832
86374
65934
74507
94387
88474
78024
73557
80488
76869
92135
78361
68157
70623
89682
77996
77191
65652
97206
97431
95740
88567
78089
67725
96977
85208
90825
76192
95519
83160
84101
67764
80779
68125
91551
84019
74022
78977
65360
78338
80786
92464
78828
65972
87143
71282
71528
73470
68052
74181
96537
89195
90762
80943
79550
69201
88277
86226
82113
69124
73996
82369
78778
97609
77612
91922
76597
89614
81856
66613
78261
86616
92164
75652
94713
71804
94537
75802
68989
71570
66459
79337
80964
69671
91042
77831
72149
83250
83910
79177
82820
78153
67734
74515
76786
72725
77931
95854
83927
74756
77384
82779
96255
69693
77829
79464
87187
98009
92077
87168
81306
82768
81956
93447
87231
67889
83213
94759
83029
69399
82410
76644
96152
69080
89221
95863
75830
73727
77456
68185
91406
81277
74376
94366
95799
73627
71647
76036
82500
74035
70233
76620
71878
93984
96439
80712
67091
72947
75411
82742
70726
94695
87435
75852
73095
66072
74145
85396
70541
92143
77026
80122
90208
78305
75334
69284
83044
88153
79832
87681
87443
86002
73750
81957
66570
68586
96923
88276
83911
66772
97275
92124
89009
71564
74991
91432
76248
86128
78002
81427
85247
95949
82602
89210
84824
93336
71499
74773
93838
79455
80953
88583
89352
81790
70572
76467
88173
77462
75545
82386
83299
89659
68879
75970
90269
85485
91743
89889
83220
73546
79487
90523
75668
95105
72496
70400
93051
81162
75615
80794
95422
88469
91465
70333
88876
67648
82915
67231
90871
69644
95097
79466
89712
76434
95637
86672
89362
67314
91170
87903
84930
96525
78801
87509
92757
76020
95676
81589
80467
87711
89162
91098
84730
67043
67410
74700
67206
75422
88963
95121
91312
68917
92419
80582
75381
85824
75094
79342
98072
88195
97410
86793
85610
85025
97648
81001
86089
67084
75158
67009
91495
86208
69587
77695
88397
74545
68250
95323
84383
97025
88403
70960
70305
75511
75006
71435
91386
71085
90138
75650
92344
97416
74181
72520
70037
92909
80932
80638
67704
73138
70149
86603
85567
75475
94147
79150
97212
81255
93034
77715
82685
84434
69660
70437
71121
66107
88244
87908
71047
76609
81320
98295
77817
86249
88628
81219
69066
68571
93365
97084
79339
75471
79443
86651
68196
79938
97762
69522
66129
66669
80394
83100
83242
80759
75430
71960
68424
92138
84331
84983
92069
74084
76234
72691
89828
87951
81943
68131
94097
84306
90090
76492
94121
97353
74182
96379
90973
84083
69624
89424
78099
85035
72386
91805
87726
89178
71609
87728
66575
83178
86124
67820
81627
93566
91206
89119
95103
79456
65974
71439
71538
74170
80524
97110
82106
72970
96167
96880
87730
98000
85965
82195
81930
68745
83418
68798
78351
72929
78365
98197
66861
76325
88831
91756
78514
92407
65765
75042
90068
79685
90456
81200
72182
96124
95588
74369
75815
76792
94013
86661
71148
91840
80681
90497
88895
90480
67481
94761
83415
86390
71833
84848
67498
85121
92779
98463
69297
86327
92015
90020
68075
84007
79175
72109
81828
69886
89399
88566
71927
94205
86994
81631
67218
94122
74707
92482
74425
68294
81993
71171
78990
78464
82423
95721
96399
66792
70650
79788
86624
83878
86956
96335
84939
97004
92105
69039
66821
71849
70352
89949
96818
87040
66732
82345
82476
93432
77716
67327
76416
93301
91184
80759
87226
89191
96509
81575
80099
86081
98546
77756
78151
86445
87396
90057
95100
66941
96039
81502
72351
72933
68342
95325
75489
91880
95508
73993
71234
71185
88116
93536
96925
69219
97175
92587
78053
85906
89204
92499
73134
85876
93852
86262
70383
88242
86110
68282
82694
82371
95656
70881
91388
69659
69232
89758
93707
88991
76882
91943
66653
67165
93051
86796
69399
72826
74437
93127
67478
94315
89891
81300
94200
83816
77376
83843
70367
76318
97379
94667
94321
77221
67990
81505
97444
84145
80391
92105
70328
67852
83374
90669
82437
81220
68400
94892
88054
91809
68100
86260
84822
67417
83924
67347
93386
73991
75046
66442
98463
96090
91451
70051
75206
92938
93495
76805
77341
98577
97923
89478
84977
92695
94320
74816
80064
73262
77085
68327
80195
90303
95642
93274
74411
82116
78157
71031
83244
92472
85141
80180
90040
87500
92846
92907
98573
81884
93909
70390
96753
87969
73900
70012
83132
73128
94175
66442
67096
94339
72456
89702
68357
74430
81360
87328
92192
77077
68183
81001
73252
86243
78295
90280
92081
81630
82052
66123
70732
71170
94390
93275
70824
85707
80201
88404
72739
91815
72516
72243
97172
90027
94906
78800
72004
92293
85742
91758
76346
82098
71098
86929
69820
77041
95794
79376
66578
69623
93828
90218
91533
97124
92451
95581
91848
85238
79140
69301
91438
76796
89576
83555
73404
97038
75259
87502
74760
70140
76092
81774
76675
87044
92734
79510
76283
95816
85743
80273
87140
68223
86135
70129
93911
74218
90723
77604
68827
72841
87299
69448
75492
96400
79632
76352
76057
79381
96914
70408
89946
74507
90369
82757
90754
74611
94891
83233
92905
84433
66901
77653
76846
87005
71205
75655
73267
89980
96960
89815
87912
93166
77231
81077
89165
97097
80391
76789
67634
92198
68169
81445
95041
82842
73351
71966
96703
85864
93640
90841
84111
92276
95918
73604
70392
95611
82774
79317
87464
77314
91264
69023
84728
85388
75760
97443
95345
67344
69140
95656
89487
85162
82662
77262
97222
81809
73236
76831
85955
89161
93790
96103
76788
79642
70720
87621
83018
89280
77778
87427
92990
76644
91628
67747
73746
79819
98445
80058
86617
70350
93822
95618
97977
66314
91698
81066
67824
67288
77809
76656
96021
78464
88886
93810
94752
81577
90965
91073
77741
88852
67424
74552
76029
72074
88396
90380
82750
66835
84048
89763
85260
80233
76430
89514
95543
69292
68085
84322
73415
77143
79974
68154
79421
73331
93973
79779
93212
76811
97587
72736
96424
75231
84426
81820
85230
89692
77032
93185
87300
95180
91135
90118
77714
80331
75148
74825
97937
87802
71671
79517
79187
92919
77754
98213
67524
86156
80070
83618
89839
86054
69410
71561
95940
87689
84694
85849
67864
66499
90887
82603
76269
75358
68707
78474
80116
95962
87744
66438
68688
75611
85503
92932
80029
72606
74295
67288
72241
89393
72464
70422
66465
73700
88684
78372
79239
92795
78413
97044
66435
79781
70131
82481
84608
74546
85572
85976
72761
96128
84337
96650
82939
77622
81367
86334
67756
81717
77859
89852
86028
81100
85178
71847
67387
78891
78936
68635
95356
82715
97270
94072
87608
84972
91122
68540
95046
87214
68202
79256
98409
91812
72936
84092
98074
98805
85317
88053
96648
96677
69063
68408
81886
84932
88205
87807
68292
84453
67117
67987
75560
75218
96155
89386
69438
79486
71501
66676
70853
67899
95644
91505
98445
70445
66670
95877
84790
71423
79378
94670
86842
70356
66411
86709
78894
84609
73041
86467
74564
82425
85300
86711
95509
80904
84226
96469
77981
69957
97867
87424
86919
95042
71844
91403
76715
94213
83785
85453
92630
84412
67078
71027
86473
95916
93527
82074
76676
89451
85454
69790
88516
74063
72373
86956
80330
70438
92149
97055
77918
72231
98102
93193
67604
76073
86088
81423
66766
70675
82113
89211
86146
88468
73448
81292
75069
79124
80850
74768
88168
68842
94411
73525
76619
69839
70648
81053
66767
72850
73786
73904
96392
78606
70740
96566
81650
75098
85329
97829
99067
80447
90144
95415
75970
92655
79490
92352
94623
98803
95014
69695
74083
83302
90385
68915
67809
89441
94788
98736
72109
77238
70041
76337
91939
90593
84975
94768
80043
83515
70790
79604
69948
82289
75948
76971
86047
98869
87706
72120
85750
79155
76697
89166
73980
87879
85353
93758
87950
96237
99042
88845
94187
98297
77788
89162
85560
86152
84045
69662
92615
85558
97969
97829
69272
76945
78255
89724
88096
69070
89337
87836
84298
84667
70004
74598
75196
95989
80025
88574
94299
95579
75547
83165
78609
78018
82633
98210
95182
85227
81847
86057
96972
91058
80024
93535
85528
74375
75375
75861
67150
89122
97127
76691
90275
90739
91390
83118
78377
81112
96617
93213
73807
69267
87092
98120
82599
82299
91690
90338
70125
84209
97396
95097
84036
69910
82693
74315
71362
93756
83509
93276
87087
73882
79787
75205
67850
81987
96897
90959
97485
75097
80547
83008
75891
73853
70520
69237
78390
71563
68037
86193
87709
88708
89294
98101
90806
83148
94910
81553
74656
97942
91208
86201
94029
94876
93071
88155
76422
85011
80451
91760
94256
69854
97037
67090
81357
76802
98862
80525
84294
97370
94563
74680
91111
80780
86795
81030
69291
86331
94347
92120
74682
91774
92146
81813
80176
85393
83161
88573
74016
70091
73870
96570
76505
82896
68977
88376
67943
87560
86429
69559
99165
73040
79051
78495
85970
84463
91508
80019
83114
93387
80182
83912
80407
89309
85113
91928
83806
69858
83282
83282
81119
82259
81320
68309
98128
91800
71829
92509
75849
92025
83726
89628
69637
68565
81863
88589
74855
67478
77393
83077
78139
78308
73093
68619
97727
81049
74022
80233
90977
98293
82626
80131
82379
77460
79321
85608
95261
66972
71490
91687
76665
85307
80841
80356
86725
81233
86557
96938
90028
72297
89066
95619
79078
73454
82498
91718
96698
99484
67905
93361
68289
82484
91889
87991
92140
86388
82283
80667
82888
69958
88127
99134
71681
71736
72982
97078
90918
68396
98198
96543
95147
85072
77958
74934
91188
71249
73779
68644
77073
88012
80914
97047
93956
90886
77734
83991
88907
83420
76964
68632
89306
89597
97878
96331
91881
97622
93245
81466
68782
78542
77818
81428
83564
68404
98927
94021
67500
89717
99361
79690
68298
97555
99552
74436
95668
86482
93867
79051
80879
84917
88014
82052
90587
74792
98381
98550
66871
87423
81541
90905
85735
87455
73489
79408
78325
92411
80875
79449
72663
74179
69331
75107
96752
89943
82677
91615
79961
90626
84422
85114
73184
83685
79663
72586
76113
98353
76013
89318
87029
73114
81208
69115
89433
96520
89250
86556
99408
72591
88899
73498
86331
93857
79123
71701
87432
68994
92567
68241
99449
84733
80576
82380
67879
81750
86800
74832
81350
94847
71422
85956
75818
95886
75164
75527
73610
67183
85111
67200
98181
97494
94910
70319
68706
79736
81831
87304
93340
80507
98319
72450
88990
75819
69473
84843
96715
90350
83896
75262
89537
89978
81224
74039
84703
75077
84218
88678
78085
84797
75350
84995
88474
68282
75942
81473
91604
86705
84824
75237
98867
81194
74149
91481
95055
96500
92528
74748
90068
97175
83313
77757
97227
69514
90770
72936
96539
70310
68761
71743
90447
96475
95752
73549
81049
91938
79681
70391
76311
96946
84206
88148
85334
69751
97696
97215
79125
73920
81590
68138
73547
99128
69761
70837
81515
77591
74150
70271
91110
84889
92611
70843
78833
74928
72533
98567
83594
88053
93401
83450
88501
85477
97585
81404
96524
86858
87882
78939
81526
91895
88316
82075
69687
69560
98609
93197
98345
85641
92490
87459
77896
98566
93630
83970
90228
84003
84484
95705
67955
83741
76724
86129
76086
85681
98537
76934
74845
84107
67049
76118
90365
96001
87560
69111
97952
89345
99273
69869
85901
90696
97351
81404
96074
67541
80339
93755
86624
82078
68063
67178
68446
82561
92699
94085
98592
91005
82141
97689
90705
87842
95430
80087
74287
90182
75683
81127
76430
84730
71825
74367
93984
82621
94565
75571
83443
88303
99146
67471
76091
85896
79532
81763
83538
97289
78421
74846
97789
87731
97750
69342
80369
68087
74537
99591
80790
71215
70548
72723
83978
89483
86992
99304
87401
76878
78699
94448
73036
69946
70507
88101
80015
72264
98356
78187
75864
84381
74412
78883
94292
87738
85148
82429
75332
69619
74842
95245
72377
94242
78757
97826
98075
81052
89552
89171
77040
81764
98595
98010
94811
94623
83838
92198
67555
76360
92735
94507
70518
75045
93542
75773
89262
95738
71159
97437
71251
80892
73632
77842
90400
76168
95644
80316
93130
78869
94935
71398
87102
98408
93523
80026
77354
89863
69834
99257
86720
93423
85141
71499
89527
76937
88268
85267
97170
76507
71343
75878
93476
99579
86084
75582
91220
90570
72514
76171
73246
78814
90926
90825
89562
88000
89796
68055
77249
90712
95384
80647
67757
78757
86781
82034
86304
74162
81702
78990
80264
85957
89995
78594
98753
99801
99726
68536
77276
72782
80479
76852
72223
85984
70429
78629
69708
70102
69694
90682
82471
75899
68656
90679
85298
78802
97600
68936
76731
92806
69308
78741
79640
74528
87380
69142
73522
97660
74438
86953
97088
82046
81083
74850
88021
81921
97003
81698
91677
89872
69768
79211
77923
98905
99546
70002
96215
67294
73511
74358
73615
69870
84437
90961
84171
83796
78034
77645
99453
85710
73524
80184
81417
72129
90141
96443
82761
90154
75490
98791
69076
87000
82540
97041
78208
91353
73694
74976
70693
76338
90231
75940
86692
82643
27
73961
96040
82633
97997
69709
91308
98486
99872
80526
72638
87934
79438
70631
81026
77892
79688
80541
92665
92309
89264
77525
94851
92386
78467
81064
90531
98100
81147
85113
89859
86555
94132
68998
97976
98279
73741
77502
91846
81435
95953
72147
93671
68895
75031
91279
71560
87093
90214
93291
69909
96686
92701
86110
70774
84830
75282
81139
87002
84813
99450
81566
86707
79023
82697
69200
86017
85271
84314
68681
75220
87527
74896
89390
82444
78347
91710
89435
72804
70631
92804
89722
85423
83853
84347
90964
76897
93492
96211
85480
70224
79846
88763
78778
77756
99448
86785
85102
69517
89279
99195
77461
78045
80641
87717
85703
88502
74154
67467
95474
125
88896
78314
72689
73295
95897
77202
94049
82762
86860
80142
89008
96399
86629
79751
91254
93223
98141
99814
79113
71140
83273
76601
73548
68329
99409
92248
97479
76396
72548
92872
75261
67515
80426
75487
95225
79229
69434
73001
98347
87611
75406
69387
71282
71199
68659
91814
68986
94715
165
87550
96584
94092
98587
94556
93203
76545
93375
84209
80214
89527
82593
83387
93987
82503
91276
85421
96698
96706
97752
94986
75098
87611
78818
78610
94807
77446
80569
67552
94061
73536
74266
86419
69204
89359
93855
88748
75412
97323
86835
97207
72347
86302
73417
74286
86797
85704
78414
81562
99419
99749
70363
89595
94871
75859
93232
94826
75655
80206
71518
69373
85752
83455
96707
72427
77140
86773
86075
81904
91255
89458
80533
71667
96959
71209
72516
89575
88162
80198
73559
75247
77573
75695
98988
90309
98186
75145
91232
77404
78377
90623
81801
82884
95426
76862
89128
92239
86897
96708
85081
85490
81764
74203
84429
84205
96233
94816
218
76462
68043
98761
84881
82931
88287
90727
91569
86576
92122
72423
87386
89136
86629
67615
79012
82430
77172
68616
80689
99334
82387
77318
93536
99704
87297
69744
84931
85485
95298
89932
71380
69197
95728
72794
96995
93424
75026
93269
79955
89347
84784
84341
72710
99630
68709
81720
89110
96627
84405
70498
76998
85082
97697
98370
74168
80715
83705
91192
77664
96827
71154
68212
90296
90763
77688
94464
70965
67884
96965
77825
88826
98312
85299
91706
80205
83613
75854
85713
98119
77291
73262
91222
92879
78737
86020
79105
80841
71731
80626
85051
234
79134
83744
87392
90255
87343
85260
89028
75375
70897
99617
84980
70159
69125
71052
72254
86549
86471
78411
78451
84895
96046
99206
70891
86836
81908
83491
83146
94715
71927
88725
93058
68394
96736
79348
87449
95682
92162
92499
76973
89722
73861
78670
70325
99832
77251
85986
98953
77639
93170
96898
72101
86662
82180
87654
77609
92125
68555
78119
89125
89782
69217
86921
88340
70953
88007
87191
87206
91063
94412
74486
75715
69948
86064
79987
68300
82719
88586
76766
77860
81356
93799
70939
92143
67940
84788
96118
78105
85682
83294
75319
88986
98402
73015
87926
73721
74861
94748
88369
86031
86488
72021
72860
99598
79518
89148
68536
93890
80363
90529
89383
75798
69258
83566
88639
79065
84385
76167
84829
68802
86428
77556
97916
87986
80231
81474
72710
81722
89056
98342
81385
96605
84876
89956
97518
94359
92808
69871
92231
77086
81603
91986
72550
90983
87659
95566
91670
84972
86181
82885
80580
75821
89729
73431
87837
71924
86061
81482
88799
76254
98921
85295
82152
79383
81978
70850
93844
68197
93411
85651
85317
92264
68113
90595
74307
85792
93782
69713
71879
76975
81880
87478
78418
89440
171
98125
69955
72681
93980
81431
86441
83693
99055
79997
91222
73669
99148
89912
73781
91776
74133
67950
97757
96040
79932
72733
78181
85063
86834
82109
71290
68266
72867
93985
74416
96869
98784
85663
86550
69912
74909
78448
82445
94576
93276
79193
93786
99312
85033
80011
83065
68849
69768
84425
98612
91111
84396
79048
68725
77799
75241
82907
83801
85350
86124
95184
98437
82244
75818
73492
99005
89353
90902
91166
94643
96366
94615
84747
92444
91167
79417
93830
70153
96703
91555
76779
74357
93484
74441
73388
97050
82693
76642
92915
87946
69738
75933
72585
83066
92163
96271
71414
86113
71748
98544
94186
76354
73455
92552
70875
74437
95706
82148
74480
82829
72946
94413
90142
94406
99712
68603
73873
84221
82603
85125
72525
79669
74558
87708
94741
92983
71852
70521
94347
76841
69458
80020
83610
80226
72699
85783
82449
77181
74409
85906
84880
71596
88723
75248
76456
81743
86890
78250
87358
83398
90080
71226
85552
72323
715
94163
87868
95587
94534
81999
96797
84798
82618
75881
77046
94397
72347
82220
71156
89963
373
76203
78383
86287
68265
72947
91090
75066
78194
74814
76668
83228
81837
80233
69862
96667
96888
93608
97989
92071
99290
92281
71154
75463
91908
86742
80840
75256
80342
98991
92109
86712
96165
96919
95381
79454
96572
70078
96228
97708
77344
88095
91667
73383
97049
68346
99509
69798
90605
77189
94330
84650
87663
72159
80467
97261
91320
73285
90070
78526
68789
96904
74469
91531
95970
86462
99466
70208
91732
91192
91942
92112
68605
75189
72651
77328
73516
99285
89830
90060
89939
94417
385
76565
90893
99944
94599
84952
88159
87325
88553
95413
72254
78751
83585
80397
81746
74377
75734
78685
99834
71755
83423
83659
82320
84328
79723
86783
77038
82147
92353
76596
83505
89331
95619
72079
71613
99326
88536
89007
70273
75205
81609
85381
89468
89309
91628
79462
81535
83038
96320
93278
98357
87519
80985
82376
96610
91041
96189
94491
72040
99082
98189
97031
73231
97109
81000
76481
87685
68745
75148
79003
71588
74407
96062
74455
83316
84264
75885
99517
71153
94886
91026
70635
94478
92378
58
82925
70137
96454
94087
94221
85409
77619
70803
72556
74358
80222
78999
96082
95599
81391
72428
74691
73810
82474
81936
89683
79152
94057
84299
70459
72494
85194
76690
99499
92300
82213
95659
97378
73183
94529
99730
80765
75425
85575
77084
72844
82668
92278
826
72683
81539
88601
70720
80464
71954
89782
76294
93600
99255
92809
71631
70663
88000
87600
91657
73031
92855
94888
93460
89680
91036
72056
95398
82706
95601
68908
90734
86671
74492
81413
80887
80180
94152
83695
98256
85353
74349
79539
72170
82535
97297
96622
96065
97609
655
95810
97470
82022
94103
79179
91484
73951
89526
74197
84875
96884
98072
81100
90578
87452
72235
86899
73399
95188
80710
69209
90083
95799
69865
93322
84098
86607
89415
98050
89833
651
73985
96359
77179
87217
90933
91383
92877
81718
80567
73407
93448
88396
97438
86541
93327
98779
78851
75305
88546
95348
83717
89664
84675
70113
93456
1
82583
71425
88672
98860
88590
79315
83136
68614
870
83152
75160
98706
73133
96382
89382
509
69606
88898
72460
91609
88047
96117
77835
71565
92480
92091
77070
490
92854
82320
95082
94049
92400
69156
72292
77267
346
83305
85492
83081
96296
98154
1064
77574
78405
85982
88972
80857
81645
98301
97129
79127
68920
72338
98763
93448
72857
97874
97128
99105
97797
92780
70782
95538
94295
80225
79963
86241
72691
81430
84515
72023
78249
96040
88782
79161
94429
68735
98416
96474
88293
84774
78525
73903
787
70489
86220
86019
71604
93408
78875
92139
87799
79260
95444
84605
90514
73312
82766
89661
89410
92674
96983
91608
83025
74417
86449
98325
79293
80264
84570
91144
69782
83044
84496
77193
89768
85491
96405
85476
86618
93198
85296
95442
89046
69705
93428
99752
72042
83656
81476
93391
75566
87892
87447
92532
70120
97453
73593
73600
94508
75298
93139
99787
93384
96096
81515
99468
78175
96904
526
88085
71763
80004
77998
68541
72
76698
711
74013
84135
81985
73798
79743
92417
88116
99308
83859
86069
99270
92207
83812
75636
91509
84833
84619
84034
95169
98517
94882
80671
68927
83104
82940
711
70377
81053
78483
91767
97464
1044
97090
95249
72821
87131
73013
75266
99020
90972
253
609
80546
82905
85928
94427
85672
99214
98992
86477
85296
95831
92339
84273
81472
74738
84739
72030
81893
82693
70462
72905
81098
91491
87681
95344
94473
80267
73945
95608
78145
99698
70906
72212
75753
81538
78900
96682
97508
90850
90786
68657
72533
96248
97189
81118
788
86572
1008
69631
386
847
97189
90151
92409
82428
88385
95883
87976
74462
92499
98988
98750
77747
81682
79158
87620
88111
70896
98856
85840
93156
99017
85558
96727
86720
91233
1228
77763
77527
99341
627
79941
84834
89520
96984
82541
97544
69097
97067
93688
87901
82315
68838
87657
89001
80206
90159
87131
99562
79300
89759
92437
87324
89998
82596
447
83895
98255
81443
78996
85370
72929
95330
73977
79207
85831
84774
85581
75535
90851
87832
87457
70159
71785
92013
87402
79579
72468
95430
79061
76986
97944
96085
78170
626
88407
92226
92820
1350
85719
94797
90192
95645
73332
71092
71396
92677
946
82775
87490
99479
76438
78618
78924
98813
98518
96651
92394
74449
90061
73925
69210
76712
97108
84116
86856
75343
78990
70105
83999
84052
95842
88368
81694
74440
79406
99537
94894
98116
93369
92596
91635
69162
72554
1369
78753
84525
78264
81542
81681
79124
91874
91634
97172
86458
89056
90786
81415
98138
72089
91697
85159
72201
81750
79893
74023
99460
95607
77184
69888
98092
96357
88197
86025
94287
85959
78460
98631
98729
99833
83367
84486
79659
95161
72214
72488
90875
95268
92615
74942
72379
70882
90130
75733
70158
71325
92228
72338
97880
86455
85899
86658
92102
86844
81426
76075
1263
83477
84844
85735
78713
97407
78390
81906
75422
77244
91896
69569
71536
80904
71245
97941
78587
71375
85572
68945
79210
68893
87813
99208
75725
74838
97976
72667
76569
83751
89250
84610
95344
90300
85905
86568
89763
79924
80763
72444
79094
73810
84578
98309
72483
85877
78970
21
79521
95178
86926
79042
97573
88000
99744
96305
85098
76476
74448
87476
77614
82447
991
86325
95101
91685
1299
83123
95793
98302
76989
72013
83898
80610
71194
71324
69147
93777
74904
80966
84021
91194
91833
88528
87624
85869
700
88244
93111
99921
96154
93364
85515
87514
78319
73325
99643
98486
73882
91183
90411
81607
91462
81164
96370
86230
94185
98863
99424
97414
88813
90736
81472
99462
86670
80933
74202
94475
1251
84282
80188
81022
1600
86404
87482
79985
86331
87890
88628
81624
99085
94789
96919
99190
88156
85090
70822
72085
86423
95590
99835
98810
90050
98393
74568
87320
79314
73574
79075
89476
84315
78314
72834
79529
83560
96459
419
82877
96938
91403
87791
70388
97238
79005
70015
98547
1704
86391
73183
77959
588
75496
69363
76439
85854
90412
79320
80471
99152
84798
88172
88511
70701
81645
78096
82492
89083
88882
72620
95653
87174
95425
70644
86896
75707
95454
92394
69158
73554
72306
84388
70932
79792
86366
69456
83524
88587
70671
92277
97451
98767
1202
84348
85668
86336
90218
83566
69789
88417
95585
80383
94224
71957
96155
89548
80566
96133
98481
79841
75255
81345
80252
98686
76452
86954
78703
92955
84200
82959
93226
90537
84092
85014
77645
80155
84251
96734
84618
90149
79670
73314
83967
98627
96488
71329
74434
79102
91948
77820
76221
76139
91982
76767
99516
90868
80031
75427
69572
96858
84589
91571
98471
97275
77362
86254
1077
85073
96780
72525
95605
79292
77677
89798
87988
99201
96788
77680
94045
85522
88892
92647
83371
89232
70931
82162
71259
81806
92781
85603
77060
632
26
76607
76971
83443
74293
86815
95634
72743
79455
87766
73042
78523
87724
74324
77097
83648
98684
88523
72341
70033
97612
70160
77346
91224
71214
92227
85120
72916
85878
81074
87512
87898
89527
70907
69472
98842
97518
92529
84782
79268
95996
90561
82506
95915
93786
83158
87302
83208
82184
73721
75154
72705
71622
92477
82123
83916
95623
74010
84308
78927
88867
79704
88296
71978
86860
79662
1358
75511
96963
97964
93006
72144
88267
99670
75908
87314
72671
95762
90099
93281
69280
73796
87419
81389
88337
99383
89933
98803
90630
97983
94974
95110
91354
88092
571
95887
69473
80418
84349
89875
80925
86423
80285
81332
72885
73437
88105
87419
92322
80336
90774
73428
91180
1618
78713
97242
86933
84934
94033
98773
77460
75897
95143
97281
75781
1575
80986
1266
89566
88605
78644
596
83301
95483
73152
951
75680
73629
73056
78699
82445
92122
95642
78440
90004
76876
1555
1970
97722
97457
88703
76411
86551
88465
80247
74569
82954
71458
85516
92217
77483
92008
96315
79652
98049
85920
99170
89282
98934
1599
434
89708
96647
76791
79269
94502
82624
88218
94802
90588
78312
75714
2014
86764
92025
90447
95893
94949
80979
1618
72858
69774
71088
83531
1307
77867
79195
72782
88617
99835
88605
98283
93478
96773
83064
99822
82784
71957
95128
98340
80253
71425
77447
78271
97527
83504
77216
74491
74026
75869
96326
88066
1035
97433
84694
93965
74972
93839
71897
92621
71101
84748
98175
75273
91141
89535
80969
84360
82802
89149
97285
75057
97117
98887
71167
86897
72593
82768
214
71133
95069
79162
82765
79385
98024
71777
76291
93688
81605
73946
81381
72420
77255
91389
92034
82049
84247
70944
89696
73357
89731
90278
845
89611
70937
76857
93880
72096
91125
97619
97249
83261
93015
81667
85199
80126
91129
82926
78624
90962
71839
76180
72934
91741
73199
98516
76560
74906
81027
90034
1414
98501
82237
82009
94010
87288
75738
86364
74523
91412
86986
72513
79307
86114
84799
73536
75827
83578
75909
86856
886
99172
79249
73539
70212
87806
91612
81819
112
80797
74354
78077
1123
81911
72773
701
74194
84033
71880
90682
98702
92820
93369
79907
99355
92821
71998
91002
85219
71765
81716
2008
95947
71286
89284
85105
89703
84880
663
79449
89193
99026
74507
77960
99424
98285
74822
81338
80799
909
69898
99162
81018
78569
78954
90880
88505
88862
73596
85304
71238
80983
73391
78213
91433
96464
72031
77733
75190
95962
69543
93719
77829
1249
76407
80347
99747
79981
70118
86905
96903
98566
97737
1700
92744
72412
78980
73440
85389
97605
93216
86530
82884
70728
82334
93303
91415
72377
80523
97128
94363
90022
99541
91100
76491
97010
92381
89214
98358
79168
74189
79009
82036
75538
69676
1505
99678
86834
96944
90827
72319
82002
86355
72544
96453
87535
75432
90966
76412
98427
86896
71232
76669
90298
96361
528
72099
973
86630
89082
84351
71214
70820
81722
70477
1019
81244
82328
93222
90294
71829
72138
73591
75660
91452
59
81073
1141
86134
77355
1698
82524
80693
72376
75461
75999
97802
82331
93557
153
73530
77782
72424
85758
77587
83276
72954
85479
81536
74001
90375
72751
74716
74468
89949
84540
98820
75258
97008
70018
83376
88318
688
1541
1635
87893
71385
80605
77152
92070
80681
86687
84864
99226
70104
75642
80321
1600
76643
75583
69825
86901
968
78436
79404
86306
98585
86954
83410
81478
99051
72446
69885
91093
81550
73629
75777
85665
70690
93564
74260
83928
80808
90599
71520
79566
77750
80744
98647
86013
77935
90346
95559
79179
94899
74782
93486
93067
85907
99102
70351
84293
360
77137
82181
82618
94436
85902
77656
79651
72456
93060
97230
74554
84952
81497
99
89339
88556
96913
87676
81068
82440
88370
94521
87835
431
83493
92809
77095
80307
76768
2179
95361
74160
74306
92273
89524
410
99518
911
97123
1364
78780
89653
77522
93346
99644
90769
81321
88545
75965
1849
95476
72214
98909
85440
97645
73124
82241
87014
83198
86626
79159
74997
74114
84812
75674
73193
69836
69752
80759
91055
80362
76620
71917
94450
70570
82671
92122
79410
87134
89341
89524
98326
2109
71295
90804
71683
73930
92442
70202
86765
87577
86150
72301
98925
91598
91202
81697
97300
76808
80262
99327
76544
83263
74106
82399
90028
93898
71589
76665
86540
86180
95400
99645
826
70767
80172
70783
74027
93625
99609
823
70981
96127
2152
92872
72116
1103
77820
81567
74139
95090
87884
98974
70473
74730
96996
76122
88588
86328
87982
76130
84554
71170
71242
89889
1325
99251
75781
83462
97887
83139
94217
85218
85143
78904
1585
84369
73970
1997
87520
85980
78117
73490
90547
94110
70578
2516
75764
73254
70586
81918
70640
85725
96018
80896
72523
98088
92825
85680
77042
80272
552
80495
1458
87073
77450
1197
93384
93711
70222
74190
90456
94368
86363
88815
95393
71493
92004
96612
97552
82698
83037
78884
98645
73009
95373
1927
82195
85274
2115
88942
79324
83303
89485
71493
73820
93277
95431
94149
95700
74636
76785
76444
82379
94898
77029
83729
86016
88541
1767
98626
78498
2096
75678
72368
96451
76200
74466
1374
76043
99519
91477
99318
87209
86993
89559
88013
87695
79453
89333
84136
70367
84302
94211
82526
84640
97243
94826
96128
87990
76716
84290
97943
91409
85054
97572
87212
96036
73096
75321
92430
88217
79327
89751
71247
81731
90903
77518
76944
81236
75499
75965
94462
86736
86686
74923
79517
78657
99811
87187
95301
70573
70907
74174
97258
70853
72221
503
79648
73055
79386
91836
1597
80166
83009
94033
87169
85904
99712
80281
96789
83729
45
73159
79824
92303
83652
87057
576
71445
89746
871
80231
77771
78353
90659
79811
75302
92980
70049
1138
77916
83110
2544
70389
71707
92078
2442
95381
99194
90454
76641
88292
84528
94924
99770
90150
76547
82184
85086
93871
95620
75695
85359
79598
97274
78648
72088
74922
90524
99917
91112
1772
71939
77428
70624
84702
75486
76782
81354
73874
97512
78047
95565
71046
98583
89008
77375
73990
70934
94386
73658
86419
78326
87812
89458
86242
93217
89270
72517
92456
95119
99886
85780
94101
91196
93387
74962
79902
96985
94409
96474
95872
98753
82533
85126
77954
912
99905
92413
75130
83375
71945
74828
85778
70611
79447
97465
89932
71719
52
97875
90052
93287
88481
75470
87606
82671
1621
80782
70207
1746
92679
83458
456
97263
96302
76339
89696
92129
1190
1277
1513
98231
2743
95293
80054
83587
90993
94699
77364
80886
73178
73194
71431
82060
82796
82622
88693
868
77880
70717
83145
80915
73583
77289
89169
96601
84099
84861
265
98452
87945
94150
92475
76308
83170
93620
70663
88431
86042
273
97696
79733
74256
71985
86391
84070
88663
97931
700
78435
1341
77575
94018
84003
93386
81208
93251
76775
81323
78220
84196
73392
76752
95009
82585
85935
78578
78554
72332
81917
82458
1555
98714
2028
75709
86865
99742
82014
652
80350
91123
88308
92460
86035
91444
87818
98784
99478
75334
92545
95728
74119
94873
94365
72932
96085
70570
73584
93905
76247
80333
86422
86840
86936
90665
92451
87851
95090
89604
84186
2065
88158
89921
81568
75116
98186
77350
94768
90745
71852
93283
76815
74648
74903
688
547
70541
90635
84855
93248
73670
97490
70482
84387
94525
78600
80726
70434
93344
91323
80176
91715
97712
82356
91214
84045
78311
755
99745
92
91741
2946
70817
2777
1612
323
83346
89481
85138
72939
85254
77061
98584
72179
97444
83850
89585
99757
72999
97393
79973
87636
76202
98562
81135
90503
86050
98020
70627
97879
88876
91864
80211
1791
92425
89000
1428
89236
70630
84313
88253
71068
94049
97448
90640
78692
98122
85685
77596
76332
1286
80121
73410
80742
95738
91517
150
75648
95174
2222
91305
78334
86607
83756
88869
76747
75681
94338
2328
96209
70869
1019
72916
81351
97680
72210
75254
81738
88268
83594
85638
99120
98011
98464
71678
84761
71848
82974
93007
166
70721
84593
86401
81071
82578
82270
73625
2735
98931
88560
72127
94915
72934
82869
86432
1139
79513
92202
82962
96208
96947
96883
96758
96095
90829
77647
77923
98452
81981
78156
84993
96387
92827
75063
72626
96914
79742
86743
77432
91859
73607
83419
82067
76433
79009
97040
99305
96041
85382
93655
83883
88859
998
72151
82742
94561
71556
83183
407
72448
85825
75118
90131
95964
74717
80007
71814
1328
94362
89343
99210
88318
71908
99881
77434
82020
71822
72468
70775
98225
92511
87555
86027
76630
90573
79901
2412
90079
94472
91494
86979
73092
89146
97518
78414
98811
90381
82249
78147
87185
90479
75070
93846
71801
97426
2595
74173
72036
80182
94762
79889
75346
75050
94101
2520
93863
1904
85167
72257
79233
79714
88222
88911
85833
78258
96307
74106
73096
79670
73828
90930
97532
78211
87293
70501
88556
85145
98194
93347
89784
80672
78520
96129
94388
2385
77173
86075
94006
86232
78580
94109
92398
75416
989
97059
80758
85552
80805
90207
86314
77661
88770
81819
94522
80992
96674
92608
87550
98049
2525
95606
97673
95956
95015
77709
92288
76987
75402
92828
80685
73644
76372
94695
95439
93877
1101
74630
78132
91197
85932
95684
75914
83596
72010
93126
90483
2798
99479
81261
84311
97747
75115
79484
75518
96475
77280
2654
72542
94865
71102
85730
74929
74773
87607
87785
88011
78782
1845
88258
82859
88672
73904
81011
78672
93642
76004
73978
82382
95379
84802
77364
95392
75543
83014
81407
86080
98748
82249
73883
72437
85114
88568
98391
82412
80794
81413
75881
70795
1821
92957
78621
84482
84769
98073
90930
99619
896
96888
76928
84595
89337
109
77791
72833
85203
71413
77381
78454
99839
94156
79662
97518
72062
95776
71233
93446
96195
85286
82992
78262
537
73388
89824
89954
99592
73551
93386
79275
95381
74478
94113
96139
95815
87391
916
769
79121
93024
81303
84681
77357
90064
98685
88816
76965
2687
80873
82983
73240
86787
89094
80373
74939
84076
72786
90866
1022
72123
77826
90257
96817
88878
90019
670
73734
79775
88317
521
72152
78703
79420
88673
87757
72637
98386
86692
85240
95707
77975
76150
75810
99074
95666
80880
87498
76868
81853
96219
3018
92867
87972
75133
89084
98337
99790
99251
93629
3223
1376
92736
76081
99594
95870
91749
2503
2906
467
99762
79230
3229
83858
82715
82792
95372
92926
84558
99310
78364
78183
99652
84
94928
90742
75798
85759
3085
98156
77587
75508
78222
91910
99087
99619
72217
94371
79869
73603
70897
82600
72129
70975
97325
92196
97087
86386
74506
92592
97208
1167
91612
93594
79446
37
95819
74562
2405
97345
79803
97731
71557
83764
81932
98774
76733
82870
86148
76532
89171
97450
88841
76731
79993
2212
92052
1779
98314
92105
93666
95121
92885
80790
96109
99484
96825
91236
73114
82126
594
98506
79924
83484
1682
97795
86041
84026
82163
93938
76339
81849
74892
87139
97962
3539
2275
80532
77912
83752
82851
86004
71806
89705
79438
88362
80565
72373
99348
75353
95527
79331
82564
93603
98558
78271
74817
77548
87837
96760
74585
99552
85262
89402
75219
151
97852
74135
86151
74295
87395
79915
97331
219
84548
87040
98506
72692
75677
92207
84751
141
93528
86344
94307
83923
74499
77300
79067
94580
77440
76505
79766
96135
99070
83390
80206
76205
80936
84976
78124
83254
96667
71652
74721
81895
2046
86557
94450
77818
88589
80208
947
95591
88727
79303
84536
450
86826
80899
88872
2693
3338
82597
91731
77039
80361
85903
97317
99405
98004
90182
92955
71320
91114
78234
96470
89791
87283
76426
78190
79174
2894
93794
82184
3311
95563
88614
1291
72793
92762
94515
96079
1766
75780
97572
72759
98081
99257
91379
85889
3327
94377
98144
80892
97637
98103
91287
97593
97675
94378
99085
94437
81888
78630
97195
78421
79918
88540
654
95331
91327
91517
95950
77177
72223
94452
92701
84459
80932
71252
99379
88202
396
73743
73224
91510
87206
88682
74785
96051
92628
71981
87407
90623
88014
83359
92532
91491
93643
529
90535
83977
79516
91514
890
91597
73337
88035
93530
91158
75264
84900
81814
98407
83579
98159
99588
77105
93026
75882
96129
94444
75041
92643
94072
80741
96538
95552
87044
75098
94958
91700
87641
85572
88824
77625
97376
85108
79387
76346
81569
90977
94910
74127
81254
95297
91924
91439
86301
89302
99489
81953
96767
80011
91386
90676
94959
79807
3372
2896
93093
98657
80415
80588
77323
86717
2108
76706
78567
86421
77965
72031
92603
83060
85093
80383
79849
75071
79488
1305
95003
82445
87915
72822
88802
90168
3143
91528
87454
71093
1354
2297
95389
85152
92647
78561
99207
75035
99151
92061
75513
76121
2744
80572
85616
342
86269
88795
97641
84106
79174
2771
77766
77437
2089
89169
89460
81437
85105
80711
90443
71661
80254
99874
83765
73280
89293
89819
83347
71943
89434
3442
91612
84968
2403
279
73863
78480
3055
93707
94252
87881
71662
96455
73702
96207
84418
82586
88315
93279
90911
2105
78783
99602
92303
78195
85941
86377
74074
78627
79608
99881
79364
99817
2617
95593
71702
89530
92106
85225
71458
98679
99963
2053
83713
75804
77890
96170
72543
79418
80064
84265
89210
94119
81602
75722
88358
94579
1989
99650
96789
383
93822
84008
72277
79370
89400
75268
84250
97836
98303
91050
88254
83718
84637
94150
89862
92633
74147
1303
1031
82455
97291
95905
94728
86295
83995
85693
81738
84492
71565
72948
89478
72248
87788
81581
1205
82269
3489
74211
95894
2005
71919
218
83307
3586
88796
81875
77957
93288
561
3838
3074
3706
79396
88815
2739
1010
92564
85140
82691
90917
3284
81831
95797
823
77580
85343
97805
92362
3228
94507
75794
71677
79458
85250
81714
91187
92542
340
81927
82480
85652
97030
74328
98859
1970
73788
89059
87937
2643
96247
98393
519
81507
88193
74411
88930
772
89063
88964
2714
84848
90119
71958
396
77856
85225
72730
86943
81100
3763
83474
90521
77748
75159
72914
98355
81886
79024
75582
87882
98305
76685
181
76408
92322
71341
95599
96066
85373
87532
98498
82835
82470
97949
80171
77930
78320
74712
75308
74959
77582
96533
77617
75019
81144
99066
88343
76312
72209
84594
97518
1719
85126
83455
89086
89217
95865
93521
79113
76256
79199
76567
81616
76991
2566
74005
76760
83487
80795
94839
72558
81323
77452
453
72681
84718
88873
99543
74287
81604
98352
87979
72315
90382
90186
76277
95837
87722
90160
3318
89090
74659
86033
85776
88757
73124
91192
90008
84134
90803
73962
89453
77290
75803
81293
89193
90308
95658
82704
73941
79651
74013
92550
4066
94571
73177
96532
81429
82552
95452
78350
99491
71905
96498
98397
80254
1753
1164
97828
4014
72476
99214
771
1731
99240
2920
94811
86601
99913
76712
98674
86173
84730
88077
90458
99616
75592
95007
75950
93450
73817
79613
1468
98209
85550
74295
97545
91657
99365
1950
78769
91486
90818
888
94606
77568
79534
85336
96060
1166
84224
87886
96026
2871
99516
2011
83
91564
3833
95303
87262
75130
91144
82167
74594
279
3025
97241
86238
87131
90048
91073
93736
78065
3200
80825
75893
94957
87302
86005
985
93248
72050
83717
88271
91690
98162
3246
1786
81487
84455
71867
79725
88590
87435
88752
81768
91150
77875
83520
88740
377
79186
93343
76498
74030
86975
82394
86558
1841
90296
78789
97882
73382
72742
77109
77656
86846
84514
88432
81047
88369
99769
80866
89634
98669
78060
94226
81078
73677
75259
75220
85283
590
1860
77247
97012
74302
98342
76257
91730
79957
85962
79538
80166
2281
76196
73799
87934
90812
92119
96200
94002
83065
81559
72996
76487
4000
75315
2659
1267
893
75346
74493
77602
90751
91772
86025
99289
91208
75741
91448
78041
77601
1446
80547
79143
94224
85621
72353
98825
74316
85910
76094
3603
86608
73226
90089
86818
4238
88422
94573
77897
79398
71615
76323
88939
74871
77861
73829
97992
88949
1997
84293
86395
78556
95284
83327
98467
79204
84768
96941
78785
74645
93289
85178
77921
71901
98712
1273
90365
64
90767
92471
82718
97039
3626
1294
98500
90748
85988
2331
80136
81900
76637
2258
80896
398
88474
98608
81379
71852
3469
99026
83309
97344
73047
91428
88453
94793
96971
1276
78366
93181
85429
95305
94299
95233
93179
97286
74230
78903
73411
78579
3394
1847
76341
87334
79919
96193
98946
80797
74543
4209
86565
88439
91095
83444
79209
72036
80743
97467
85803
77659
96334
86318
72417
78475
96327
98339
73691
3315
3881
79183
92617
82677
99486
99675
92798
72648
90577
85562
76019
91822
96974
94651
90511
614
2341
73306
97189
78947
3759
72284
96319
76348
80212
83227
81434
92133
77612
82590
91889
85693
100
99692
94718
72874
3556
76450
98239
84162
75951
89156
97014
71755
74506
77265
86771
98278
73216
75546
76565
75015
80517
94547
74639
3336
85754
88683
73576
97343
97616
74393
76742
1869
95345
84024
93291
82168
90331
83412
78208
75131
86158
95877
72337
956
1929
3547
92890
2527
79696
99803
94913
97849
2992
93130
78499
91912
91910
75718
72403
97153
89853
84797
1600
3817
78038
75096
98839
87240
72429
90904
97097
89947
94521
95653
73167
72393
82548
78563
74186
94521
88188
91205
95663
95970
4442
79846
80644
99266
99137
83926
98404
3827
91257
76721
89289
1883
90876
84087
86027
73987
352
86679
1539
298
95863
79437
2069
84859
88627
88622
74830
81020
86606
94210
84714
92648
88777
83921
99897
77120
96627
88385
3458
73309
78348
96031
74249
99241
99755
90427
91981
3055
98653
75897
84245
3472
73743
71973
93005
82520
99246
73607
86763
94384
84364
88759
97655
87605
97798
86451
2858
1096
95076
97967
1910
1831
98304
74924
4230
91901
92075
74572
85223
80470
95308
81125
84008
89589
98762
99028
75166
84297
98604
89108
82475
94269
79615
88591
1471
89775
80120
85939
2208
75812
93915
89801
72262
98234
72347
94082
76458
1470
76739
83539
96737
85310
90644
76803
87395
74369
99184
89091
74672
85558
76023
77053
80533
98699
92015
75695
92843
84544
87785
98298
91170
95323
81313
74806
88252
78876
90663
87753
98076
76851
84156
99832
88897
74801
90111
87549
94286
99133
90313
2745
81804
90888
91477
95083
80049
85763
97188
98626
98147
99279
79647
91312
76280
82676
99711
97695
89472
2103
84714
73128
92933
90854
702
74210
86545
80918
4275
89848
85105
99727
76188
3295
83769
81317
78991
87174
93448
91915
92261
75886
75149
72259
85220
82940
77386
84825
81979
73132
77976
4401
89389
84808
96492
78046
1489
89530
78680
79317
83289
77599
86357
3136
82355
87836
97471
79863
76013
80245
80929
80908
95868
90843
76851
82054
73597
75782
94881
76017
80797
80644
85518
97012
79159
76497
91993
96899
83133
98599
83999
87637
80729
94871
72321
96409
90324
87257
3975
85989
92342
85857
81540
74863
82607
96818
87644
85375
84533
89847
76932
88868
4815
2480
75242
391
99154
84842
75989
413
96522
88018
85357
99968
89755
72075
96125
92192
3112
702
81272
75606
77364
209
82106
88730
81351
80923
88849
80918
97363
97015
83324
83290
85879
89143
72754
78673
1316
98363
91110
99956
82975
78179
95306
86845
75878
88097
93138
95967
79703
95570
2586
99380
83885
4142
82762
97527
76939
96829
91481
76595
96542
86573
88848
77563
75647
90466
592
3516
75478
90221
94998
99728
3621
90497
90558
93556
75268
75393
77575
73277
98888
73053
74230
86118
4298
95903
96956
1868
75717
929
3484
89534
4416
97986
81608
82799
81741
91769
79915
91951
82128
83752
91373
96761
77252
81876
77522
76302
96443
82132
76964
80801
97125
905
96050
4916
3347
91149
85913
95203
72763
83406
96962
80543
82911
89821
95788
2943
521
79394
92652
1298
88570
86931
97266
80919
75236
75781
92301
98801
87508
75586
99378
2517
97908
84059
985
3014
83663
90176
89704
96579
84663
1005
73716
85183
97379
3591
80581
2001
84317
73480
86586
99789
99996
92375
77485
435
92140
96700
2392
2918
99991
73202
663
82464
80702
92318
84432
2404
85768
77919
96177
85108
83967
80422
98009
82692
87222
99912
96794
2350
72495
95185
4733
97640
93949
77340
75686
98067
78502
4608
4985
72501
92235
77069
82750
88586
79243
98200
4257
1526
89764
89490
73725
98270
97499
80448
99961
94295
95263
89575
87475
86431
93161
1158
88733
81515
85862
2024
83302
74945
4664
93274
94202
98919
93242
73914
93644
83355
83234
75249
84179
75268
80876
79107
2354
841
75285
95364
4925
84897
3909
780
74521
95050
97617
81838
75459
80062
96287
80198
5076
90563
98635
90257
93859
86146
4362
642
96363
87611
3885
96338
75918
73270
82216
83927
78779
83197
87155
87705
2412
94152
689
80833
93139
96313
91440
94226
98710
98377
85360
74108
93528
98947
75463
91374
91930
78448
99300
80493
2
82258
75602
4291
95355
88852
89248
92985
76861
94082
93375
86567
78863
72630
78251
92747
93545
83922
1709
98041
90911
85237
83873
97875
80027
79719
4468
93465
73321
96535
89648
85186
94202
73800
85370
75723
89761
91783
2555
79951
85474
76768
75711
89304
83180
78417
99899
85877
4804
77183
78706
86796
79716
96936
94969
84722
76484
3641
79865
94393
85400
4801
92117
72777
81913
94341
77837
86578
1641
93813
95075
1441
74033
98431
2972
94290
95661
80515
2984
92516
3755
88231
92517
87795
89711
683
94145
83586
75355
3232
81215
93047
74157
76852
95773
84267
79401
3281
84691
82754
4889
83144
77630
408
90802
88007
1629
925
93529
89907
95516
96835
80550
89266
3663
96597
76872
72903
94785
95274
82408
2147
78511
89338
80818
93818
94798
79760
83474
85621
93588
76705
3099
89958
98933
2748
99054
98337
85196
76866
83705
94024
90621
408
4190
78087
94168
77018
92405
97538
82625
5235
83956
84108
96014
84202
77998
82202
88497
2303
4251
84727
80919
81911
96791
88121
81744
86228
75372
76787
88687
89096
2804
89516
73780
89451
93145
78096
328
92204
86144
3910
81289
83556
79623
91202
81191
79601
778
76028
81294
81281
99628
4032
77349
80109
83411
93479
85014
78793
75189
94631
3087
74553
86066
82246
1129
357
77506
72756
81639
75248
3153
96090
86752
83270
82343
92813
1313
78517
82861
85768
82733
94557
73581
74265
2278
86826
90105
98330
74513
93026
1711
84899
75348
2266
96732
87294
2851
88622
670
3899
84636
91345
87118
87365
112
76513
85598
83925
81315
84958
85951
98342
74709
73564
76167
82824
98306
85848
75408
4185
86663
93384
73156
4529
4998
78453
96664
96188
79788
92685
88279
75117
79056
75636
76961
241
94815
85596
96179
85122
98710
3957
3145
77118
77007
98214
5216
78871
95073
94748
93089
89004
97473
94498
84891
4983
83693
74194
77425
76904
3434
2859
77588
79443
88907
95364
75761
901
82198
84704
1422
77052
88674
76034
91697
92984
81764
1986
73571
2701
78186
99360
95539
72730
88071
95641
81757
96095
88432
96057
93036
4938
86566
94096
86397
4435
94165
87719
83527
97513
78716
98196
1976
98732
73423
73804
4097
94972
86234
1305
3989
89138
87526
86540
97614
84525
77472
80725
87441
80528
86648
86096
96147
1163
78152
91522
80283
97718
96310
89221
97194
74693
73179
2305
79032
83704
96677
5372
91457
74098
92793
97234
3168
96909
86173
76936
78331
97228
89814
83837
73407
86546
45
85698
1869
93969
99511
4908
3669
98052
85557
4648
77858
91809
92281
90670
92631
89417
92587
81561
120
96131
76171
75478
89419
79272
91479
92218
79168
92896
88815
90937
89968
2476
73527
4501
89474
88197
78781
95892
83220
4262
73628
74261
81847
86373
2304
74340
85051
616
82346
78060
75054
4981
81750
4684
94367
80618
76764
89549
72999
95567
76084
5395
2443
76712
4574
87634
699
97904
80288
76291
89982
75234
93745
3190
96882
3417
74646
81770
77422
94875
75882
73276
89227
86545
94500
74301
97411
5403
2387
92647
95160
72962
91117
82448
89464
81549
82793
79552
75903
80824
75177
75328
77245
93762
2333
979
74842
98885
84131
93289
4184
75372
4627
79410
81464
1472
4507
87792
91263
85379
86374
93488
79610
321
80226
93051
75743
83812
83137
92967
83446
2215
5248
74099
77145
4396
77319
76500
95608
3474
79633
73865
82015
3649
90445
76917
85820
88553
74211
2190
81947
76202
99323
85074
88309
98260
93146
94490
99305
75923
3758
76081
90313
5475
86349
3878
2360
77290
83673
5184
4914
91558
80678
4177
4749
3012
75007
80047
511
94099
2246
91935
88800
93593
2267
94194
81841
94916
86431
94229
80413
75907
98776
76420
93183
75990
3287
82271
80580
73731
76793
99647
78194
79499
79148
85706
82921
87900
88723
4069
87914
75336
95754
81642
78933
80566
77741
83131
83255
94871
87287
84373
83715
94620
76583
77000
85664
73894
82152
75366
83876
82303
99120
4602
86112
92871
4809
1179
4220
98353
85199
99745
5635
97007
98073
80568
98307
4042
95323
80722
79758
79159
95275
74434
88868
2982
99843
94630
91061
3005
85222
1124
99329
84421
83526
249
97954
932
94246
86893
73037
1707
5084
84395
77141
1999
92121
82608
75120
92701
82251
84066
88254
3562
82307
91331
88839
97514
88883
81606
96837
78050
81594
96609
94562
87103
82691
579
79938
82152
87466
94856
3684
90897
79457
76362
86661
75186
98707
99067
81958
99128
85575
91281
89808
2010
90950
81089
89909
334
83840
89551
87384
86813
78252
81828
83279
90196
5263
87841
93511
89757
96831
96179
94410
84461
91976
95015
84285
76191
78222
93120
73645
3201
75541
1511
95179
83182
3358
5443
78900
93628
80818
5577
76790
95222
87299
94197
92496
86380
83089
78074
98746
87882
74283
79382
87845
93766
83959
95210
82564
75550
94484
78120
83851
77634
76669
82157
79287
97741
74033
79698
88718
85178
97425
85054
76072
78421
93193
90238
97006
93935
594
88343
85410
82646
75191
83162
74400
90245
83767
98362
90979
85783
85355
84827
94026
86274
2217
99947
79516
74497
93672
405
43
75602
74468
82675
93173
86306
85508
76644
84912
91206
99866
3967
5735
89387
94507
98087
90560
3696
75728
94143
83169
95858
92124
95872
98930
87496
88639
91560
97411
82545
94251
84917
74097
91115
5333
88627
198
79685
91709
77522
90399
82135
77265
78523
77810
99888
99535
99364
87823
91216
98442
73250
95238
3960
95663
78527
73865
98046
92201
93005
98675
1893
78401
99066
83722
85229
75530
94116
98945
94118
78844
1614
95426
96267
83423
97683
80490
82381
95467
79610
96532
1037
80941
92939
94682
84719
81964
83010
5753
94731
92365
75777
78709
88997
86644
95019
83997
2591
88684
91374
88144
76078
84617
76768
95265
90442
92171
84302
91255
79850
92614
81616
94807
75920
4832
80417
78694
87520
74907
78638
98217
79959
90100
77933
95376
75065
99082
75120
76083
82379
73315
73658
96219
79555
86315
79313
98500
79869
98847
93333
84513
78959
73641
47
74081
82527
76620
94989
74161
5427
3491
84910
99266
81738
75109
5785
5164
521
940
91891
74451
87672
77750
784
82985
2222
99115
4681
94260
5354
87521
82447
97137
75588
91868
81439
4633
82052
88153
98679
4899
75185
3533
5960
4683
88140
91370
1132
94257
83934
82562
84185
74117
76078
73519
2519
3490
85432
77778
175
84984
2235
96538
75877
97390
74834
74663
88039
73447
94053
88943
87302
93349
73824
81505
97796
90796
80069
6057
5102
78536
84158
4948
73805
83409
96341
86420
75192
78638
78055
80485
96044
86424
96982
87441
98878
83232
91007
85586
1200
77428
98156
82774
90466
89950
89290
81767
99371
80013
96797
75083
94312
3576
3730
3145
99957
91200
91733
98222
81690
90102
5413
5007
74407
94877
76133
76048
79427
82320
82100
95012
86913
95719
99583
94933
6036
76534
85974
88263
1509
75287
4892
74168
79170
80810
88866
82859
88185
99673
96663
79429
87622
85409
3737
88695
329
87181
84591
99677
77595
86469
80858
78438
94115
88008
96392
73910
132
97398
3019
90056
79673
92881
96522
2232
3875
82436
93303
87680
79746
91557
5601
87585
92387
74551
84010
5092
92441
86259
94556
86081
88943
84424
96471
82016
90845
92832
79470
87999
5433
95461
90483
81331
92271
96835
89456
81394
82580
79280
81687
785
536
95658
5852
3433
96410
97216
99202
1791
85088
95572
3827
82820
77287
94623
81813
91482
95320
96502
98073
95929
90108
76107
5941
94161
84049
97270
94292
86352
94301
4630
93420
77702
95554
88562
77553
96454
1139
91717
80424
97040
97254
99130
3038
93422
5770
99668
97274
97692
77627
98642
95985
77931
88884
74416
85113
199
82693
84849
81695
82232
88005
90396
78813
77382
92745
92933
91974
90401
76277
91597
99076
81439
99794
94252
75652
77383
74721
79086
81392
96621
90799
79420
75358
1279
4746
89629
4007
76224
531
96317
80698
88435
79220
96492
95697
98363
4692
79209
82149
97760
90856
94561
4702
83476
80973
91571
96269
81238
82099
74870
80222
89367
74204
97853
96712
90907
76165
85145
84007
2435
1764
83424
80396
80329
84499
81453
80050
78763
95852
96680
5012
86987
83862
95240
88830
3990
79230
82262
1249
74724
95817
93171
83500
82144
82921
95196
82327
91560
73710
86829
86785
311
767
76772
95484
87553
88650
99048
75367
92895
80856
76874
79261
80812
93604
85194
84972
83406
84878
3581
85321
81849
84811
4301
90177
86289
91135
91554
78387
3950
3437
84704
84925
94757
96557
87504
724
95717
77504
1668
1592
89119
91745
95701
80263
90697
93885
85679
3088
98340
5636
75024
1579
82589
84576
75501
75655
85489
90437
87573
91140
84757
74121
98490
92995
83029
5558
74541
96475
79163
3454
4169
89581
86450
79663
78547
77913
84075
92295
82112
96818
99456
1097
93240
97648
78424
98864
2010
90085
1322
89828
97215
86899
77701
92171
79299
2011
271
96065
75650
75928
99276
88843
85567
77710
76258
78697
95179
477
82650
97450
89604
94555
75306
81028
4348
79520
92337
99684
79388
94531
94946
82947
82216
90342
82469
1178
6244
79438
88442
86551
76375
90645
75104
88112
87343
80803
87797
74807
97606
3514
96862
86223
87428
1137
85097
5374
548
78788
3281
92836
96731
92041
98179
80843
83158
86214
87486
78527
91524
258
92928
80127
75573
86713
78271
91189
82368
90132
89908
4131
83915
952
93119
2046
84550
97853
94855
87647
87353
87106
78945
85143
76224
94880
82419
79203
88403
84860
2681
929
75339
84832
98695
97314
85410
1356
3600
89025
5979
6185
89319
89138
98274
99551
92100
91070
86868
75208
75722
89838
83586
88964
74054
84454
818
91758
89722
91124
99623
89454
93947
82281
94818
93809
95832
77736
98601
99094
1884
6364
92135
5898
97878
783
99859
98903
3223
98776
97206
98456
2267
93044
88615
94448
99307
99640
86553
80604
1730
81574
99032
96006
81455
1343
85712
98747
79547
76728
88399
2815
78188
3439
2796
75424
99784
96352
93927
91432
91870
6131
82546
78231
90337
95768
82353
6480
88599
75062
77470
1330
5201
98464
82160
93355
74108
74058
79005
80424
82936
1498
74142
95472
91845
74274
98546
75665
84359
83309
99045
95162
77698
95128
5106
98220
91974
81155
90791
88043
95633
87176
81768
4761
92017
76043
90615
95940
2313
81234
2610
94367
78678
78359
88477
85615
92626
79452
2434
78439
78809
86527
81558
88182
1866
81550
92957
87486
98800
82524
87697
93257
97314
82389
4575
83703
91944
97038
81011
78267
86911
6401
83062
74247
77342
82103
79060
74629
84570
82278
1667
97544
82695
82750
86656
74178
95968
82206
2172
82615
74793
85068
92920
3537
92050
6437
82412
5718
74335
97746
88814
5975
1318
1340
74897
94026
94616
6625
5164
89499
93220
79848
80381
90462
697
98897
74541
82439
78634
82160
87446
96638
87351
91387
74082
93133
99753
75010
79798
83740
79197
97407
97263
6464
76614
84398
96812
5807
85772
97694
75532
84503
89
3048
85177
89423
77078
80993
84261
2318
90001
267
98707
86267
77922
88720
77658
94660
96302
1425
92645
3763
86124
99900
2911
98270
96454
74940
98893
3678
76738
84022
76060
5058
75425
85489
94046
3109
92296
90773
2638
83229
93405
90872
84508
82966
91380
81716
97893
798
79083
3421
81026
97154
79826
93745
82853
92761
2159
93361
93695
90943
98561
78960
74885
91109
76516
92873
81908
83879
853
76310
97042
98494
6454
74878
88631
94647
79411
92430
76813
97059
99750
98059
244
2801
82904
84871
93033
94137
89322
95539
90695
80122
89107
80500
86222
6503
83850
93625
86147
91613
95142
1387
80921
83192
2723
74214
86255
5670
97129
94791
825
94556
392
3430
4227
3272
90310
96614
4403
99430
75037
3915
96303
92951
89662
4043
4831
76847
99418
89960
75540
97102
5443
83357
81033
96306
77294
79063
82249
76843
6460
80134
5809
97231
77369
5876
76600
90350
2116
4181
1228
98505
97904
76416
81086
94846
81099
84093
6017
84423
81181
85119
81326
80356
1619
88052
4684
91350
79517
80634
78415
76494
74452
89972
6494
1861
81313
92765
96217
97805
90746
189
81083
6824
86957
3066
78076
93208
82178
3633
78395
6038
6907
83365
98906
96134
91424
407
6953
80203
81945
3926
6248
83864
4347
84921
98151
98055
86055
85259
75025
3084
99279
94661
87624
99916
91034
78307
84466
4651
84010
99216
89429
78564
79260
89987
87839
77341
87728
89998
89001
345
78634
76660
95868
87407
75128
75772
89365
1019
86932
5539
85733
92852
77612
82262
79516
78910
82177
94208
94375
89472
82829
90337
88823
95545
86248
78528
2917
97167
75756
76579
98067
83784
85144
91420
5396
84796
274
90725
2030
86026
784
78511
99679
95755
79065
75064
94270
3300
86696
80028
98852
82720
79985
81133
5130
79517
6310
89093
97556
6949
78620
97307
96399
86432
5770
77973
91575
82920
1778
77085
5820
86717
419
93943
85126
84122
96542
2546
84406
94344
86872
97117
85871
95889
81951
93147
81909
76920
6624
97274
87637
7
91784
75681
92325
91497
777
98184
6381
97881
5056
97868
83719
96795
80149
78787
5570
5033
95299
80525
81293
97200
86488
76779
5874
84157
319
99796
7105
94258
75868
79686
85967
78877
83063
83675
74718
75019
84701
83868
415
89465
75108
2425
97557
2795
88558
92090
90364
83713
78479
6064
96842
84326
78066
82415
75157
77450
86264
91904
85365
98099
89763
79506
2282
88080
90931
79601
78529
4174
93582
98938
86740
92206
80357
90285
91408
84087
97429
95620
96859
85672
87115
97027
90741
86545
75628
80145
3550
82146
94388
77702
98489
80611
81693
75397
77711
83046
93442
4716
86487
75131
86660
77257
75348
84322
96045
78384
88191
78406
51
84938
81031
87336
1823
86992
1527
94745
81935
2648
1207
81068
86105
82831
77749
92331
4849
79816
81381
93961
6541
86612
94630
6264
77446
84786
5928
86012
2530
1065
91371
83552
78448
89396
94089
7111
75571
94173
82743
92645
88483
85325
6279
99024
93488
84802
98802
78321
2857
6242
81044
94687
85756
1360
79544
79406
958
90205
84023
93924
85293
79008
84955
90156
1684
6601
85864
7087
97519
88658
99549
89567
75504
95671
88311
4502
88193
78536
86775
74783
6379
3644
6917
1074
90038
78601
96661
98598
82642
95985
75945
81154
470
81374
99031
81684
96486
2418
1420
91334
98106
90712
99345
87662
77501
3903
79310
75205
79764
76360
78412
77979
2048
87550
87839
5417
85157
96454
83651
96870
523
5623
79398
95550
78244
96427
78695
99967
76624
76502
84446
5910
78430
5239
75612
81914
84948
81261
75444
96359
82864
75243
91002
77007
97999
7279
80650
76459
74767
86608
89804
98392
90289
90870
89015
95872
84993
97070
80660
81366
77368
95070
6629
75014
77473
89014
677
92907
77051
98312
2577
98563
84511
89561
89608
86561
91106
82104
6351
90466
413
96462
79416
87394
7435
90039
96355
82864
93907
6384
76645
86143
89959
94289
5513
95902
6572
81757
96341
1290
87291
95576
85198
87170
76839
85561
85374
81403
99744
96160
84565
1845
77687
92521
95629
6478
97891
76929
89907
99254
83299
99320
84451
1859
94373
76888
81107
78438
83879
75062
96018
80541
5116
80134
75794
76746
89873
79668
2757
94660
98256
3536
95684
6988
91140
91465
96597
92771
94623
91901
87854
98682
2137
1007
2421
76138
92089
79387
95881
5542
96505
77927
80903
95277
75941
92858
91014
91076
93220
5713
81220
86755
82491
92111
85956
78735
99374
94613
86551
7305
86568
78034
5308
76772
6204
88445
76675
80509
6093
6561
78166
5510
5611
83992
78265
4643
97760
77339
78896
97624
94378
83865
4611
76482
2569
83558
96862
97446
98875
87925
83036
5640
84166
77737
88773
3901
89174
88809
97717
81026
82567
98675
84287
81390
77478
4306
95922
93381
93459
76498
82714
5839
5961
82771
6250
75464
99041
572
1273
88857
91252
7539
84139
1704
86592
1674
79986
95819
82605
81147
5524
2114
87504
95320
1966
78214
81808
1788
89465
4604
5735
1510
77132
1615
80171
90184
98306
88157
99501
1338
1758
86225
83233
75924
1260
2257
81760
95996
84842
75800
90410
94685
86151
95494
77328
4345
83082
84694
95121
89535
93334
75953
484
99040
99276
80066
5398
78495
6258
79081
87507
77832
97811
99252
86666
96803
93575
6891
79084
6184
6165
76330
88853
77748
4502
4021
95503
1853
7515
98758
99059
98051
89746
1739
97873
82312
84900
78286
78546
3041
3363
3893
892
88589
85858
81323
85750
94694
99109
75262
76717
80437
78172
6347
92086
94379
7722
97846
75924
97741
88234
94783
80381
76943
6996
5265
6808
98341
97756
77053
98249
5494
76187
80007
688
94866
92019
93342
2575
77061
3661
90930
94315
99052
95846
85697
86613
94952
89033
5491
5065
2928
98974
89127
96502
91532
88388
973
92159
96864
218
99126
4417
77701
90149
81512
2199
91710
6573
7126
98811
1545
6344
99215
7502
79508
87259
7286
96825
80019
87742
82771
94292
96591
79327
7368
78887
93473
88842
96134
5839
94176
84360
78176
7620
94455
92902
77024
76697
75194
83960
3705
6787
79354
86812
3806
80637
4150
75715
76625
86699
309
90926
76638
7550
91698
96886
85992
95192
84599
78287
90852
90192
7597
4717
88165
90776
84115
78184
93528
82493
75181
6620
6097
98415
2943
3572
1221
97889
92506
81447
5050
90867
92885
98979
94107
99215
2240
85098
1777
87120
84150
5498
78063
7370
89937
81682
81196
7462
90754
85810
85302
1100
89792
90081
80997
83494
85569
97365
80813
1090
96199
88847
83737
83545
77757
92836
2260
77934
77698
5411
76873
99801
96005
1492
76303
77188
93330
96414
84125
85301
77547
3372
97764
2766
85403
77872
2620
76946
88967
87785
90303
86344
2342
79233
76918
76836
92338
99514
93776
6629
99647
85130
6490
85177
75916
76132
96940
4808
5400
95929
256
88111
90615
99007
3624
79243
94949
77681
90560
98809
93978
7735
4706
4027
99070
96391
92505
87966
93150
93804
86936
5882
86848
79558
98443
98617
95348
85362
78638
87516
82028
89708
76573
86522
95182
86930
1196
76554
86854
94122
4696
75940
98849
5127
91869
94947
75544
82728
82090
6509
86889
96578
92850
83318
90157
75391
836
2305
79333
134
83965
7945
78422
84157
348
89055
6647
94669
81622
96693
96104
95973
83052
4155
86469
6721
78010
86951
87483
75884
4785
94394
97659
76484
82695
833
95917
89022
5453
96313
1382
4713
2785
6391
85277
82614
4229
76582
92282
97528
94416
97618
93168
81705
3940
87781
89902
87054
82176
96624
93328
77660
97846
84205
1435
81019
86015
77986
91496
1001
80526
85833
88576
96674
85026
77421
94314
85343
95616
631
2304
84124
83617
91562
82313
79487
91048
108
94083
99510
83479
96518
85310
86783
6049
80878
91601
5454
92419
86915
98055
88811
1807
81176
83706
86906
4521
2645
98276
89535
91126
86778
6033
89153
84401
79493
1593
81646
75584
88470
1356
79711
86630
80689
89455
98910
85083
94468
78950
92837
84345
90186
5010
92393
90424
97775
81437
99607
96860
88565
90932
89310
83821
96790
90197
95085
92008
83883
91784
77438
97972
3628
98706
7667
89175
97465
40
6623
98154
7384
91682
97833
2602
4640
2800
83085
7793
90646
93841
6755
88773
94262
99841
75716
75983
99252
91698
97706
94510
83171
92991
85815
76780
3158
90525
80089
81489
85605
79603
99436
86616
7155
77100
90113
82527
3085
82890
94686
93474
85461
84861
93638
99818
2016
88052
2266
79106
636
99315
6111
5579
77303
80806
89890
3632
82524
98613
3610
79548
3679
90008
96557
99339
86426
98221
85429
83359
79833
3303
92388
94548
80244
1385
91622
76853
82842
85172
88327
81136
79766
86462
77172
98951
87725
97380
2470
82761
7845
96641
1564
92161
685
95838
81352
96109
75736
4396
80078
91633
83467
92016
3848
1773
78138
76639
79853
90637
94798
89067
81267
79231
86122
76732
79378
6730
91854
87586
523
91453
86523
75689
76137
88198
79895
95470
99655
78692
77972
95154
83667
86719
85773
76333
88113
82358
87408
92324
83554
6457
86370
98622
92615
79769
75999
78356
96224
88316
88609
95623
90714
85142
94916
77014
75593
94900
98855
88304
95922
90842
1141
87430
86348
6352
80037
84581
99463
78264
88670
83715
75726
82435
93087
80983
98057
98341
76350
84206
91751
94246
98416
1180
76634
94010
83433
93744
95971
99571
5540
7531
77071
87222
92836
82801
91586
82796
81052
80576
90803
7897
428
1794
8216
594
6445
2622
2980
94218
86480
4564
76077
2350
97665
84968
91571
91923
5906
3646
81087
82348
2197
89063
79720
97248
4073
251
83387
4987
92346
94696
77500
579
80770
83881
82344
4718
6676
99962
76925
1426
78042
1579
5404
83294
84253
94260
206
94727
90214
1896
86373
81733
79811
909
4644
94016
92684
77867
91842
90852
6182
92802
4618
93149
91207
83009
76582
96959
95515
75988
84670
97668
93351
87582
85404
98876
77580
79048
96914
94720
431
1080
82270
96296
83638
81029
84012
92606
87157
2217
94812
82226
3561
7321
83078
98894
69
4082
84411
5069
96204
244
89614
2632
81534
92307
98899
5426
85782
88651
5767
93413
7443
98420
85297
84667
82134
99478
77991
84546
88331
80671
83475
81002
86988
6163
84567
7552
80802
3875
79854
84096
87949
79457
84854
79686
95142
97362
78187
84870
5731
7877
82230
1534
87259
75780
92518
96616
98026
96265
78141
3348
2167
1843
95086
81909
80469
91032
79397
85306
77511
89340
83016
80224
4231
85219
93180
99718
93544
1764
99948
77506
90266
89792
76998
6258
86543
97969
81541
76438
77244
77957
5718
93436
6977
7917
81909
5275
96749
97425
344
5860
6652
84839
94544
99701
1730
91843
1547
78993
6764
89169
90332
83693
79269
86785
4927
3979
91542
83363
76055
92332
85522
84915
80603
6754
86193
91254
7825
98724
4539
96326
78809
88294
91496
99369
95630
76072
91397
7433
93832
6829
4410
93408
87109
96623
1354
86739
79497
304
93626
98817
80292
7028
79029
92987
83443
6158
93903
94389
86185
1017
94057
92510
6959
91976
91508
93805
80778
99551
5690
8348
83613
85155
93977
186
8590
2319
8337
78556
7725
77290
89281
97523
79026
76085
973
79044
93510
96489
91010
78963
7494
78208
77021
91777
77283
87186
5737
79193
90573
89348
263
4741
81393
88956
88083
79846
88096
79639
6308
84932
96946
91743
80116
82850
3115
78967
84993
86518
87005
91801
76308
89560
78958
87491
86656
953
8572
86188
5581
83989
80606
88573
85045
7788
94604
4126
4462
85677
3330
98574
90090
96820
82497
78616
5627
8342
98422
89666
84539
94330
2591
82599
86475
89867
84939
80584
79386
95115
87170
77694
328
88522
85317
404
91468
96920
94839
93010
435
90071
81468
90876
76010
6196
96640
80381
79358
81111
89660
7774
76257
82424
77556
1372
97776
93749
92037
345
98675
83138
92957
92401
4388
90528
86923
88079
6932
85361
83385
92705
3978
82827
94070
79434
1901
6059
3033
83190
83812
89515
82083
92947
91068
97303
77189
91519
91594
99709
80162
84156
78418
7684
4438
4683
4520
5150
80951
5976
7572
87360
91226
83986
82651
3921
94937
79966
96027
90433
95028
82412
8311
8253
94262
95978
83092
88192
98169
3959
87203
90892
8076
93307
5089
81369
97044
98134
92603
99405
76241
2998
91029
85421
80739
89612
7437
79666
83948
1025
6460
87136
95671
82629
81757
96659
92538
94953
93489
3643
1336
526
76225
617
84010
83613
90054
81674
8671
98328
98406
90484
94945
86416
76447
95839
76763
8793
90601
84854
7064
78459
4471
92238
92172
97643
2015
97014
89337
93561
86618
94927
77227
85035
88174
81309
93349
2026
97258
88799
8608
7291
91281
80220
6992
89104
4474
3167
1066
84416
80599
80612
92483
4789
82838
2835
1435
84932
8229
3469
77626
88323
81113
79876
78841
3286
92144
1104
3716
90026
81076
83967
95838
3493
78467
87853
95622
3997
6190
92980
6808
99657
98239
78245
80023
1525
88607
84280
4522
76730
77430
94816
96453
1357
84340
77347
90570
79222
95119
81705
96047
80229
82926
82195
99041
7392
5094
84494
90153
84095
99715
84647
76846
83068
3913
6465
90044
81317
92027
1252
79427
81716
90076
25
99875
82081
92404
7220
93734
77077
76437
93297
97358
98083
190
99522
78290
83123
90336
91431
451
6302
91904
98559
89267
3489
95900
80319
90680
82411
84850
88385
99374
85017
669
99934
88027
3813
90144
92094
99350
4762
86088
92399
82442
96332
86222
87477
88888
2341
89562
81825
84155
76514
78350
90597
88016
7904
77602
96103
96149
3121
80331
79636
3441
80979
1602
92791
7125
1635
83906
86666
82593
81102
80882
85708
4938
86088
81412
96915
84763
82080
97724
79012
77753
90068
8917
83201
79500
85281
90305
3682
1210
1822
80464
77223
93174
5929
90387
94253
85626
1762
1536
81119
81104
97975
88281
97327
727
4063
82120
81413
82307
79659
82126
90967
98278
4058
91133
99834
99823
99340
82114
3096
81168
95257
8743
84386
99812
7107
2423
4615
96368
90473
94084
99430
96682
92638
8102
3233
84535
81497
6212
93875
94841
96078
80728
77539
77769
1181
85102
99449
83713
91945
4557
79024
90174
93004
79097
5388
85988
6505
79928
8815
94434
79650
99636
1063
95287
77099
79744
96809
84405
6303
94751
89924
99844
8785
3841
81519
92651
89733
6895
7557
93899
79713
83209
99091
97388
97470
90798
79982
76796
2563
1308
76426
80981
6772
79480
79273
5343
5351
78801
88849
8918
95383
8608
91745
4493
4444
1362
97572
1586
3611
95785
85159
91732
88474
79840
84488
85283
3895
782
80016
94263
2937
86252
92738
3251
3847
81946
93876
86667
76760
87679
7550
81668
89547
99088
89777
80123
78935
93843
5002
76552
4005
78084
92582
1028
87741
95800
4888
82410
351
87488
80057
91802
91732
90640
96607
90723
94019
78561
7409
94306
96519
93907
218
3398
89665
4535
8253
93302
2891
6956
520
1141
77709
1608
92875
76996
89011
4794
83530
97865
510
83629
88465
85295
95034
77168
77065
84494
93264
95124
83432
81932
82429
90133
97101
91556
89443
86493
6892
9222
92318
5957
98246
8415
2649
4605
82878
2843
80226
85646
92135
88520
78108
77885
81858
87549
82612
79187
6086
6202
77622
80636
84832
98450
92576
6893
80318
7974
8183
93545
79207
90004
3513
93989
96942
77520
85747
79594
93222
94865
91316
87835
88759
90096
98017
80440
3409
8300
98986
2403
9217
92498
81501
3905
77218
91387
95962
81538
82166
96725
92487
97476
85269
92999
3685
79317
80005
99215
90594
6136
90027
97359
95888
427
81633
86088
86870
90214
99017
88677
99589
92102
94944
91643
99374
91402
92758
3503
3570
87614
86813
80729
80090
91575
87872
6951
2024
8093
81014
80965
8078
88688
5975
86012
76765
84836
96398
6072
95201
94863
81135
97807
81835
96997
89164
99679
85775
89409
99107
8951
2832
5479
95834
96216
1560
90631
83597
84765
84172
517
85415
7385
89151
84279
9231
98976
91525
5903
77797
94633
843
3546
96014
3442
85126
5384
2412
93189
86377
172
97713
78809
90395
87846
95445
94428
81993
98175
2822
7344
77751
80213
96064
79795
8668
5912
1758
5796
8655
2516
86287
7970
7229
81392
92620
3031
92541
77910
97096
94837
6917
81908
91049
79392
4893
90851
89271
5452
3157
6470
78643
88680
86835
8692
458
9436
3247
89786
86538
5710
5859
84219
1427
84523
77853
80569
86481
90949
96375
78649
85802
7832
80425
79873
82611
8401
95869
77445
98344
7153
8580
96515
9019
3534
91943
88748
3501
91482
640
91908
347
94889
2825
98443
87418
7117
117
9213
94150
91268
98142
78487
98520
83157
96607
95291
76918
94934
87619
81238
95567
90706
158
3583
96327
92521
82811
92131
94736
98264
88661
91487
82682
99194
95689
99438
91404
8047
90411
98660
435
92221
8569
86201
84346
83412
6926
85354
79515
96086
80887
8188
4021
93367
5387
86146
7807
91489
91158
97410
81115
84347
80727
89235
5135
8651
89803
79338
79632
98457
89033
53
91167
78966
82064
82919
8089
86206
88445
94293
96969
346
85634
3840
98657
168
79059
89716
80650
446
92386
88273
87000
83149
83086
7368
9249
77443
99735
936
1294
2804
96342
87737
85971
99130
80555
87656
88124
82458
9366
89541
4105
93128
88266
84394
4604
9454
99870
83005
84144
83561
3878
86295
88620
8629
94818
91302
3128
87754
83734
1071
91920
93319
5530
90328
5494
98958
76882
91782
91309
9168
99648
92802
9539
89546
84408
3937
98862
112
8277
88996
90298
233
86698
85405
79618
89755
7836
6260
95902
87625
7566
87241
2747
88314
2621
92410
5873
87164
85869
91783
3601
85576
80387
81748
90142
1640
78900
90607
8606
97110
3102
86643
4912
8487
9430
84652
3808
99880
6882
7899
97720
87559
82376
4828
4122
86646
99238
71
77036
2155
98788
89268
95602
8075
98279
88323
89346
5608
85799
8730
80116
5961
8771
9168
2041
96042
86035
88202
91342
94595
2302
6147
86993
94989
92365
6034
83795
481
99839
8134
8238
80963
83359
90965
88088
89760
94548
438
86073
7348
95607
96683
8154
79952
77002
80228
89534
80314
3527
5343
88085
8340
97270
99668
8687
81505
99875
80945
79694
89765
1712
161
93151
88621
82054
8722
86475
88112
1554
94742
93032
9684
8046
96266
8277
83987
83421
8822
9030
8415
94299
84949
91773
90564
87796
8630
77722
81165
9236
90305
81620
93290
94975
81214
90312
88784
81026
93970
80817
8386
78953
2155
91194
79598
99282
88863
78992
97979
98178
96080
4890
93314
98263
79315
84781
2330
95486
9168
6651
92184
1222
1676
96781
97623
95349
77862
93745
7573
8409
1567
78581
3614
77537
9565
95316
79308
87469
93746
1744
82383
84259
95704
88034
8746
99012
80320
99662
86942
2014
98924
79674
9707
98595
87737
84256
2644
78618
5408
98497
2498
3253
93183
4637
5676
8162
92596
88417
2422
99974
2538
78784
9271
95783
84599
3173
94303
89352
84965
88071
99321
81883
97040
78622
93037
562
91823
86070
88777
78934
2358
641
93537
79356
1147
2962
94229
8981
81144
87303
6706
7845
79216
93606
188
81398
93941
97740
84810
4077
95370
84609
9394
733
78629
88048
96710
82779
96855
96118
82527
90514
94254
97273
97594
92504
97371
475
95008
9280
93840
9806
79626
91345
91180
83274
88292
80888
78106
85726
79250
88889
86006
8515
401
85964
5842
93527
6655
95654
90873
92937
90941
404
95378
86512
95731
9391
91654
8736
81525
98413
5285
9247
3877
5492
79878
565
87290
94101
78510
82147
6303
97014
2003
98134
1662
88880
98497
81660
5727
507
99804
5238
1611
88486
8744
270
98710
5931
98918
91179
6141
91330
78815
5506
95244
83445
90181
84591
91427
80949
92536
3045
93274
92587
95303
7522
90274
88081
96216
5607
6478
642
89162
80838
82674
93006
93336
5948
81450
19
6433
94178
3455
95817
97574
86718
97510
98652
6547
90175
8265
92480
6305
99946
95466
81728
88507
9838
89412
87767
94592
88479
85620
8579
95113
83264
81113
79510
95180
4738
81336
85999
6592
83213
86915
79720
2369
7580
85851
2705
85782
91246
93139
7038
94673
90938
99575
79773
9335
95651
2797
84970
77953
85484
82330
80518
93410
95150
91688
4677
83498
98855
99911
198
96907
6709
83282
2025
88282
92739
97907
89181
88119
79140
80233
95799
86768
95134
89225
78505
92323
5704
81923
2322
84899
87319
99943
80179
97693
83765
89704
86946
81788
91540
2879
89858
80009
99425
99859
83475
4663
98940
2711
93638
80606
95367
84276
88307
454
99902
77737
78926
8199
99846
89904
89752
9998
85704
5956
82194
93954
99327
96544
1431
2280
87056
85641
9738
96420
79067
91726
1486
91297
85647
98990
95317
947
546
539
6939
9562
93633
8126
91251
1738
88100
4860
88322
3785
6150
97559
3179
6073
78388
81368
85003
80407
90692
6059
92743
93474
80744
92811
95234
7776
78883
82400
82674
93661
5467
4839
1365
9430
98511
89265
2145
88373
97899
85453
99161
3837
9658
1642
3431
97513
5979
92184
98438
4176
8760
87855
79295
89164
91442
84819
95031
4123
5697
78294
86150
6693
5563
86302
79627
84128
4978
90793
7486
88656
8547
1965
83462
3698
91019
9253
85228
2395
87933
92009
97040
86493
83059
82749
86267
6602
82785
95533
91253
84636
95856
8951
79863
94804
80905
80138
8131
4769
4495
80974
79603
95491
83987
6916
93551
85648
78818
8366
92836
94423
78562
89938
94481
92836
87485
6620
6979
8484
9341
514
99876
7881
78456
95275
79919
83408
94510
2098
82279
128
89553
90536
98344
6902
3875
98904
9054
86239
2663
83887
81429
85189
84049
8380
97265
79118
98655
6740
78431
95393
79244
88633
96940
90091
83619
86171
78868
3041
95729
82943
86909
86023
86430
81600
88934
93264
1437
89843
2426
97990
94881
83184
80937
91405
95218
84750
4728
88291
94209
92845
77912
5803
81881
94842
84085
74
9719
94702
78480
91057
84091
97816
1391
99772
89662
78749
84115
95610
92838
4957
4490
2159
87129
85015
97735
2134
87535
848
9039
86507
85578
4368
93620
85000
92970
1869
88551
97070
90620
98092
89738
88230
9299
4101
97924
1896
94810
3495
93080
94556
78889
84476
6136
1504
79318
97838
81878
78794
86637
87946
95196
94189
85219
79364
90205
81697
5640
5755
97643
94590
92283
3262
73
7689
7394
5263
7076
7187
98458
8743
1470
8606
77804
80250
91083
87522
5153
94268
90944
86223
2807
88933
6568
87731
6611
83889
7065
84190
97658
83083
91495
94884
83387
81291
6135
2146
97360
85309
86711
86405
98213
9860
4140
95848
92439
91902
1419
5980
1057
9386
93420
96077
98194
94472
81052
97795
98723
82624
94514
85894
96968
89285
8612
88934
99174
98491
81019
94969
82820
7095
85829
97350
92708
86374
5161
85025
10291
99601
6528
93080
2783
9663
99778
85134
85129
8539
80446
78246
9851
2712
10383
85347
83388
94802
82027
89229
10369
87031
5341
81878
84806
82949
80726
88253
81598
80278
85055
10003
3496
96826
1394
4828
81570
91267
96938
825
93346
82887
93848
2756
91010
2689
90647
86203
86908
83385
1443
96992
88726
7077
5093
96480
8992
2352
6066
94387
98332
97722
99093
78692
94365
90369
6601
87666
7987
80062
81036
97397
4453
80883
3184
2660
92545
3555
78804
97239
89392
84866
85555
2185
5325
84655
81019
79200
80151
4255
91041
6992
79077
9021
80691
733
89850
334
2797
7840
89786
98841
90192
99755
84699
80903
83216
96336
287
90471
94797
99583
90113
9622
9733
83502
1198
6557
8615
6654
4310
6459
88747
6044
92098
81412
3553
94278
81545
94602
96231
89262
99582
1787
6206
5155
83276
7404
99839
90894
1093
78292
2250
79482
5750
83036
78336
6681
83936
92662
8754
96738
8291
7306
79576
93023
8379
10137
86759
80902
78447
87132
85981
8422
79944
5549
87327
83205
1247
99848
80709
82183
82842
78803
6771
93842
4857
7644
85163
95120
94923
90850
9826
3540
1862
85686
2289
90912
99927
90755
89677
87302
6967
5196
96728
99470
5535
90934
99321
6936
91549
9318
10154
87555
99975
715
90416
6381
6159
2686
85776
92027
78264
80393
83904
87963
79432
99335
90172
78664
5311
79595
82587
79759
79847
91075
80449
83600
88204
1214
86101
90662
90061
1899
1494
80330
9651
84132
9993
85940
80258
99019
94102
96580
10159
3028
10581
81569
85585
88228
419
89504
98586
97143
10521
95207
91079
98664
80254
3506
4662
78285
99100
84885
84536
89761
91953
88099
2823
97158
455
4783
80698
8042
84133
96689
3991
99114
82055
88268
84008
3957
84748
79853
87601
95282
96655
10166
88224
96867
99321
92316
1574
92044
660
79694
80134
98383
78819
94423
4235
6522
4272
9222
80126
88932
88229
1772
5241
4243
96352
84325
88566
80354
86017
93178
81227
88353
4453
6278
1786
669
888
2968
92163
78242
95111
3065
99422
1022
84980
4367
6886
8647
7597
83456
1367
79712
98815
9979
94876
85400
96870
83892
97762
95635
7144
96142
89361
87630
8292
3070
81372
5597
6565
78829
90679
631
95995
89790
84072
84244
93388
78961
4801
96886
5798
82343
86349
98950
1145
8199
87657
4800
1763
6240
94741
10257
78347
9680
90155
1312
91762
92421
92303
87723
98023
83074
79623
88819
93306
78084
91469
80699
79827
99045
93027
94285
3460
321
92711
80222
6076
4823
99367
90515
5630
10226
80054
97988
86513
10697
95552
1759
80441
4100
86234
1968
82534
2080
8061
415
86251
78516
98101
3579
78449
3125
405
88054
81613
4183
97197
1489
84528
96981
81279
98618
79518
92595
4430
78674
80290
97601
85752
91028
9119
7459
97766
85491
92969
78191
95009
91651
83254
6774
97863
81083
83471
83975
91262
95097
96043
98609
93961
90182
98558
3303
83993
83803
1997
87977
4933
85477
99462
90304
7516
870
90734
9737
80602
87068
89498
6327
91578
81221
1954
85362
2060
85795
81939
88644
96487
96476
80677
93398
94560
85349
4748
98390
93596
96001
97010
3356
1570
99332
78341
97454
10324
94429
78508
90528
4159
3251
90656
6303
84369
84751
3673
5744
6635
5307
86503
87380
82456
2953
9730
3472
95197
6583
85284
78346
97200
83761
96021
85302
98990
81720
7911
83666
10215
97314
2115
78
91421
78369
7811
84977
93774
82024
91714
663
92173
7756
2641
4703
82104
89447
2796
83333
9477
88483
80716
93547
82943
90869
6942
83805
86480
5735
8148
597
91486
99291
2138
95452
81083
1133
79627
3475
8440
82521
78597
6289
89434
7356
95899
88333
96624
93343
86986
90910
2883
10033
91662
84801
5518
92500
81365
88443
3505
93948
90164
90335
4993
87059
93913
4370
96482
9728
1441
80590
85271
92648
86059
98372
81049
98870
90188
5797
95463
83416
98628
90947
91069
99690
78801
79955
89576
93527
78402
93910
8632
80540
90671
82008
4311
9775
1992
94136
80057
88416
97579
87689
80500
82976
79514
90553
99827
90367
2251
82288
81862
90906
84962
86075
7099
97525
93948
95594
91859
95748
846
23
10606
80241
6445
93480
9576
82457
94607
2710
89961
312
83506
86574
85847
86534
99131
1592
97679
3233
8898
95575
92852
78445
748
84048
3142
91386
83449
4270
4599
97893
95167
78949
2810
88322
94327
98582
9181
80888
81974
7635
3449
90765
287
93315
94055
516
95990
89832
9462
6627
79768
81087
954
3898
78890
97736
81542
82433
84783
39
88285
95618
82590
6282
96037
80599
2291
92651
92542
79477
83525
91576
82418
83977
83512
79954
98893
86273
95924
84275
89135
83022
8405
94067
79711
90984
92580
79596
94818
85139
95494
98461
2733
81506
93556
98892
85719
78969
5611
92527
82866
82326
95140
7853
4476
84691
92678
5569
95153
389
1211
86271
6371
93737
84577
80186
1996
91424
93154
85508
81827
94519
5958
3831
10478
10605
2183
9844
84695
85871
5157
3786
4386
90470
89147
83834
798
10963
81810
86905
78650
98073
90581
2293
84409
82332
87492
4923
10633
88329
6700
10936
97136
86134
99383
9182
7849
3819
91809
99018
90446
84289
94635
87972
84053
1866
79859
83079
85504
95858
96067
93281
78992
96996
84744
11165
94970
3983
90886
91423
82237
94507
2987
90927
81650
81623
84577
96282
92197
10053
87752
96950
85091
3288
93347
93669
80916
78636
90802
8731
90124
84055
7904
84451
94044
78990
80862
96830
96110
96107
94095
82638
92753
86926
93765
96723
91985
83170
95949
1171
94667
9601
91782
6527
927
86939
80663
92660
89511
10899
89185
3519
98055
778
82611
7205
89926
88352
85309
81122
96060
7735
89288
10256
88076
5019
4
6378
3860
6271
95201
83089
81890
79690
82114
2991
89354
90930
94318
11002
5397
89095
84201
80827
10108
86259
9379
98768
99317
769
80911
90991
87693
2908
94231
96396
80663
86841
86350
3069
10403
81431
2406
88315
87059
92773
78947
99468
84715
85957
99344
97951
92391
97201
94256
91927
78960
92347
6392
83404
90386
88857
92475
92974
81288
91744
86757
82988
83993
98448
92205
7860
89384
83537
97701
86331
78854
87164
78931
81439
5994
88797
86373
89803
80868
85048
81440
94907
5774
85897
82970
6881
97860
87696
88489
91495
4534
97677
3067
694
79803
4521
647
81398
1512
2485
86820
887
92514
96406
87929
5040
91280
96770
4405
78821
2228
97700
82592
85742
79740
79846
6801
5398
91956
96527
79425
96098
4222
91915
6655
3379
83621
99435
3974
87757
93838
8716
1101
78936
98767
85436
88253
454
94373
87738
96968
78775
90593
78845
10999
98298
4066
441
7333
2197
9449
11517
84971
88678
10089
91744
86619
99179
79230
7262
3697
97823
96351
85981
99174
87238
2135
81653
4199
1291
88176
85647
98726
92167
79409
172
90863
6021
2762
88938
5150
9252
89836
92995
1263
89021
3743
94998
90422
84965
84206
83466
10544
87605
90918
96880
98041
82984
8159
9385
3743
80741
95770
94984
4407
10238
3148
99225
86671
87480
82777
98209
80900
94508
4709
96520
885
89261
84199
80053
92823
79115
84383
11512
78922
3767
9577
86254
7532
10408
90642
91584
96845
82653
92106
781
1571
80196
99003
8778
6591
91899
1242
96135
6367
80181
95611
9044
98405
86655
649
4131
94184
88739
99382
7951
3529
99788
3472
10558
97545
4172
89942
79203
2681
90459
2313
1383
3379
1825
3494
93001
2471
8085
1618
96675
82327
9990
3415
81679
84839
83578
88623
6698
87696
9686
84318
84568
91668
99806
6692
8488
96343
85981
81907
87353
84108
92710
3391
8445
83053
99804
88628
11293
911
97200
10316
94334
98997
85321
4480
93538
93188
87528
99358
6065
92151
93772
93629
82842
90931
307
5197
97589
92254
99043
8946
95307
11500
83080
89747
81399
4954
85854
92973
88911
4959
91058
5614
96926
8351
92900
8959
89588
130
11119
3201
1089
86405
79852
84475
8413
92591
2900
2354
8715
99206
9765
83419
79263
610
93127
5965
91294
95203
93199
90587
79109
94111
93828
83200
92813
87967
9888
95259
10029
91562
6553
87902
3937
7682
95520
80577
98313
97134
81545
86172
87733
91191
6061
82549
10655
7479
93996
82966
91417
3822
11031
89315
99305
89847
82030
88939
83667
6555
2181
8349
93686
95365
96684
91389
7321
87734
91566
6679
84807
81497
80858
94834
92120
569
97345
86281
94003
99057
94719
150
81136
8133
84510
98032
98307
90096
2839
87799
84470
94589
89946
95917
7382
83098
9488
3463
84497
82217
5823
90244
97086
97368
85038
85629
94366
86996
81770
8350
94593
84282
9448
90484
5900
11055
11371
93864
87386
2000
10249
94923
90752
6444
82089
4978
83797
1072
79759
98564
87570
6851
99323
90833
95734
7348
83407
98789
80270
1264
11760
97981
9107
81305
91919
2649
93396
8339
81480
87731
7510
9153
96138
10096
11352
91023
9016
85268
83612
6513
11248
1307
83651
4652
87370
3493
3800
83251
3171
93649
81712
88694
97403
3725
98384
84725
99291
4429
82928
88571
2811
91578
98271
4361
90275
84973
2887
88368
91568
85853
98898
98628
83450
88180
85932
9773
6772
91529
8491
4415
11123
79721
11117
85740
1362
9623
85729
98360
95541
81015
94345
98702
8237
85605
94494
89650
94780
86923
820
98582
3161
91282
85887
85840
10358
85849
88150
83660
84768
84804
93943
95550
11943
83927
95916
88923
9502
739
91373
2473
82533
543
95270
80212
84902
83803
95162
9026
84124
2417
88391
81833
7643
87134
96044
85791
81708
5616
97352
11666
1175
81439
6757
88890
82662
85056
7925
87596
96424
95928
99708
86544
19
84718
99407
98485
6989
1189
96187
84643
3437
2568
94920
89425
90365
92775
79455
92568
88963
10657
1131
8136
93473
80578
92156
93114
3738
79311
1201
96709
90997
82303
92055
82037
94567
3724
1004
80665
6348
88266
90409
11708
4661
8664
97504
99958
90953
95829
81443
9475
97637
81557
389
11316
86182
82388
90596
93349
96905
80297
8647
91280
10832
80767
79428
96864
83400
81312
7622
10568
1865
94867
365
98036
10397
93864
86550
84864
4997
84945
11485
83496
11128
81843
9344
86752
92558
88061
6694
83941
87324
86265
10943
4692
96736
80481
2542
82617
88863
89715
7364
1002
1165
6311
79983
91733
82829
81505
98547
6711
84058
82563
10455
1903
5189
94148
89987
91123
81824
99814
9225
1217
5275
80101
2082
97624
9324
4396
730
98408
5652
87500
1647
88679
608
8943
11189
84582
87565
79562
84990
89827
99504
79378
81688
97345
93460
85744
83159
8405
10245
88119
96661
92417
87853
94869
89367
89126
99645
10953
8562
81493
815
83412
5197
3144
85289
90131
9001
10351
97029
80652
8991
82445
80366
99878
90984
9988
94701
6846
10243
82637
91749
90008
97170
79533
8348
82738
93414
91077
5787
92383
91997
9417
12056
3603
80520
1235
94578
3802
83666
80952
88764
94798
83134
92859
8254
4041
2768
90913
24
94007
7631
81765
92840
10767
3081
93773
81326
11588
82616
8189
89038
7479
79459
5098
83894
93328
1736
98161
91041
6605
7897
81353
10971
83897
97156
89431
89670
85632
11159
98720
5660
99490
90564
1028
3222
91175
3649
10025
90316
2866
4211
5238
97726
84985
96301
98977
97043
80788
92435
1963
91519
88979
87492
7434
85898
92789
90264
98887
83695
4982
7206
2922
80194
94664
87592
95730
1334
4102
85059
79625
92894
93733
87682
5368
3378
85740
99266
97943
6261
11590
87827
80743
1588
7925
89021
98756
4753
85417
80514
8021
5377
92369
11651
82245
95634
1073
7814
79543
87122
92373
95957
94198
84524
5988
6890
91787
99028
6073
7562
85330
4197
84910
3664
93743
82792
90394
10444
2397
24
8669
99275
96455
92964
10169
9400
90171
98036
92132
8099
91739
82032
98139
83617
90742
98557
80536
85173
6071
99210
10567
4558
86460
88618
81174
3472
94730
83714
95435
81112
9118
7622
95770
92922
2183
4511
90711
82284
91091
4112
91433
91401
98887
96249
99040
90543
81010
7931
6761
90250
84324
7197
97599
3317
3100
95182
99908
96861
95839
8908
84816
91145
86128
3044
95656
86679
90492
88507
98419
7368
91380
2925
7209
6751
93153
95924
6510
90630
85971
90700
94846
4849
86554
82228
99336
81063
80697
99127
92512
6751
2040
86124
86864
96519
8153
99674
9135
86314
85037
80480
436
94803
6632
88661
99564
85421
92306
1483
235
87470
3039
95577
3455
92243
66
3353
83435
10253
4989
80814
93331
3836
11132
95691
98163
82907
95299
83248
88885
10908
2308
4694
97699
82741
96118
93390
11545
3068
6946
89316
93695
81583
6080
10858
10358
94551
4994
7282
84112
96430
7087
91259
88581
4894
80979
8369
83554
98444
7956
10158
3301
94549
86088
8613
92167
6263
93862
88769
5305
84819
7738
90089
1395
3185
10941
97190
10728
1670
7076
85000
3838
5906
92855
88294
81885
7244
93349
83653
7205
89890
84662
10843
7109
82939
4065
93973
86825
99072
10336
84341
93172
186
90944
90432
6094
81117
9917
85879
84384
84038
4878
81763
80574
3617
10141
407
94275
88751
91770
849
3235
99237
4240
86401
5213
2328
85687
84013
85681
90104
99692
94772
4881
922
11198
98481
91577
4987
4522
80579
94083
90945
89802
98795
84375
84196
84937
95669
98657
6125
10906
96923
5093
99870
90889
8582
87159
93971
84306
90710
93766
5223
90834
7076
89272
84858
84891
11110
8188
97489
5483
90067
88924
86686
11614
93287
88018
4738
83523
80041
85340
98321
79949
95884
81715
94868
9099
90419
92664
10740
80571
82008
84368
1686
89114
80622
10898
95906
85086
81157
8990
9321
99976
95471
945
81638
81844
9473
98070
88196
83091
97371
94815
83136
84763
10476
1364
84240
1501
81136
80554
87748
80728
80123
97336
99212
9100
10970
87879
92987
12145
81272
80840
89802
84393
83038
81290
99488
1459
82015
89356
85520
2817
98323
86672
91684
5741
9410
2256
97689
85479
2308
92597
4490
83858
96006
8006
81682
9040
2192
86814
81100
93723
7301
9921
83485
97110
9674
96816
11700
419
98154
3259
11825
5558
4217
3447
2852
83337
82904
89168
96311
87633
82329
89665
89935
81873
96579
92737
95438
89166
94552
93408
11325
81380
11061
86834
99081
87415
6329
715
3051
99820
2794
83884
80844
96152
8724
6781
8840
81912
8212
668
3666
11011
85781
82805
84665
92286
3032
94450
85450
91695
665
10772
84214
86740
98639
99811
9462
12116
7380
96354
4396
80821
95111
7431
99851
88656
10638
8490
82393
93123
87487
10811
7475
2342
84065
473
9810
92671
92526
91552
91918
2521
5500
93891
10240
81491
97629
7035
84428
6165
86787
4510
94367
82952
95784
87283
9205
6343
81101
5029
7870
1456
8225
94678
92385
83104
86469
90230
1506
86206
96493
96244
86432
83990
99145
80692
83810
95689
91589
482
89012
12034
89166
97830
97676
5805
81462
1689
11730
83395
94682
10263
86335
84233
82818
93909
5509
83994
7400
82580
7503
1666
2333
88982
3050
5964
9576
93744
9253
86686
85584
5922
86869
83108
98716
99139
86812
9034
83065
98848
7179
94286
99997
89927
96005
9909
9001
85630
92581
12156
852
92666
90563
95122
86181
84013
7220
83685
4353
7487
7600
2970
6182
84608
4119
80289
4759
83133
80342
10664
87481
93521
92231
91631
83549
92702
97335
8699
9408
80764
94571
85647
91471
87505
92293
81016
11214
96610
94084
5448
88923
81000
11499
87557
3151
97127
98275
8163
1733
7451
10146
88783
3102
1491
93262
2797
2499
86371
96861
1957
93709
91253
83839
95577
9026
84288
2078
99387
98273
10300
88484
4924
6623
89076
1374
7368
80530
6780
89312
82224
89199
83301
90345
12616
94287
6799
808
98834
88056
88895
81663
3866
93081
97298
95207
11204
90101
84848
89845
84803
88003
9636
12187
90539
7605
92842
3730
91081
96633
10666
94134
91026
4605
3141
12210
80377
12438
94509
2334
92773
7618
2874
84902
88674
94667
12890
94893
10998
7471
8424
4370
95736
9791
12961
85586
12700
12677
3603
92846
91281
202
6903
93806
1263
92214
12992
83718
12491
99385
83476
82231
6862
2633
82779
87513
88997
7117
87510
11577
82649
7962
93361
9438
85185
83452
6876
89840
99959
82231
84534
89082
87849
94254
94635
99087
88849
99716
9057
89995
92839
84001
93581
87356
7029
85207
98795
83745
97515
95045
2733
5329
88596
9052
93715
82143
97289
81377
11772
4733
88388
12851
81756
93343
86264
3309
6799
84897
4447
81613
4941
98411
94739
83894
12959
95956
1186
5330
7441
81157
99740
10109
10088
98687
2191
574
82645
11200
3477
99159
83530
6977
90507
9632
93261
87076
84837
7854
11819
88621
9633
95834
98895
89646
86041
5407
98003
83207
6461
87044
82646
621
6784
94395
94894
11114
6002
10248
83488
2022
782
88358
10126
2981
95284
81095
1680
97809
7482
9883
11910
11802
7966
7123
6573
90458
92960
10853
4432
86749
83662
90579
81281
10785
89823
9800
9032
93467
91812
5378
4219
4411
11836
87574
83951
96080
903
6416
7054
847
5406
122
10313
87376
12224
85343
95503
8153
1776
84049
90687
8383
1117
82984
12091
93610
11170
8651
7102
91833
93391
91156
4687
83174
86567
91375
95030
86539
81997
6051
94062
84805
88184
90804
11291
9047
11630
3784
83390
97810
91600
95849
81767
81300
5298
1962
2923
9903
94895
97550
10263
83692
88186
10661
94915
81967
98808
83064
3338
4317
87948
3879
97561
84379
90994
82897
87365
3608
4624
9780
5346
93358
99914
7541
3698
99461
84662
92035
97338
2712
88975
4599
7931
8988
95630
81022
2336
92223
84149
218
2644
10766
11821
96134
4278
82041
9075
98873
10383
93082
98863
88556
82818
9268
91493
1919
85221
89912
2415
1145
90768
93934
1451
81103
90548
6290
11601
88327
6254
85917
2088
3613
87739
96934
90361
84166
85582
6344
97731
84403
89376
96422
11217
95992
85735
7788
89481
83278
87178
7703
99911
84053
96052
86008
425
98174
82344
9397
8428
92712
3380
81105
6647
8297
87208
83566
598
7216
95784
847
3402
4968
98240
96738
2239
94784
3128
97246
9854
10185
5897
6506
93252
98943
10671
94686
12371
84588
8575
83502
423
92201
7834
9156
10220
85286
97890
88333
97710
11340
8301
87959
99824
83713
80824
6840
7233
85515
8670
99283
95885
98873
5961
2455
7760
10815
83976
83497
91056
88928
97218
89027
11115
89937
85609
83677
85261
92635
84883
93067
11623
13249
81189
3398
86334
96355
13072
3696
5184
6659
93441
83314
81980
85382
85747
8616
12433
89788
81032
94816
81383
82979
8344
85022
7710
94185
85641
95428
95364
11602
12608
9296
83179
2009
88215
97895
87866
9049
8111
93968
84290
3502
98696
97604
95380
94487
10191
2213
85489
9408
86006
86027
88322
92798
4746
92999
99401
85561
8738
84642
98648
12177
82675
12709
93505
4570
89484
1023
89421
9450
11166
81250
7505
91989
84795
5423
90621
6934
81412
90164
12663
84497
475
93363
9672
407
83008
98628
4597
82569
7578
3165
11601
85857
94324
8690
1873
87469
95275
90136
1600
6717
2949
98830
83155
93184
95044
83357
13376
92201
99162
9087
92299
98840
10655
831
3297
9334
6273
84511
85385
8833
85020
85088
10775
11177
83978
99549
9538
87898
509
88665
95065
98747
97963
11386
92626
502
91848
86838
3843
6809
378
94221
95797
10269
87401
5751
85429
11845
7638
95712
11372
94792
94094
8880
98322
91571
87390
84528
94206
82633
84745
586
98850
4940
11736
13296
95445
12481
87794
86304
93360
97710
88556
8807
5469
81735
84514
85987
97900
88938
86758
8685
97544
7080
6936
2487
1994
83045
8568
92562
8332
86337
10488
10420
2049
664
95285
95864
93123
7
12871
98277
6093
98896
983
81940
12843
12384
7665
98252
9838
8655
9850
96816
99172
86375
13091
5468
9607
97576
87007
83980
82516
86028
93810
83230
86592
82791
98954
12856
96390
4625
83410
87053
93508
327
10436
3484
85895
9870
81631
81497
83203
96698
13081
95952
82440
9550
86743
5160
1809
3108
94299
81572
87647
6608
99262
95696
92773
2464
8574
83898
92421
7463
96985
95774
98204
13466
90714
96391
121
85274
12435
86291
3859
98579
99180
6102
88284
94757
85019
2209
84848
89089
4757
5061
5523
12566
10500
6738
88186
1260
11002
89381
10376
94768
4740
82594
90076
5746
82178
11614
9161
87564
94134
10976
86663
83012
4667
91433
1320
96339
84152
10577
90573
99239
93717
5556
94393
6277
95821
88589
98790
7795
94117
8322
90327
90678
7996
84512
97390
98871
93444
98728
8639
5292
2032
1674
3141
5748
1549
11345
82612
8226
10550
92000
10894
477
3074
96635
87257
95239
6465
92329
10609
6653
12360
83895
12634
91679
92713
86305
8473
3281
1383
2541
3396
99361
97768
83353
86582
12970
95627
91094
744
96696
9724
87060
97788
81228
10213
88801
93564
92066
12776
84044
2499
3922
90122
87279
3033
99380
95026
86060
4485
85384
83891
99254
7486
1332
93158
94291
94179
5135
93724
83937
2444
98686
10130
84119
94368
84188
93542
89486
99208
81728
2504
8672
11684
94425
83893
88271
94780
87741
2944
95177
92186
98627
85425
94762
11415
82349
84659
87778
10418
4203
3689
7289
9192
90716
92097
84849
3808
8021
98028
3051
99303
87079
13580
93388
2684
94492
85646
86369
97580
1378
89114
5600
3936
86891
85929
91889
82133
84212
86135
95950
12621
88101
1625
9959
86148
87193
86129
4232
89350
7359
4127
98015
98175
3327
3034
9753
98387
9185
88383
10764
97583
91722
9129
89818
99391
13865
99138
90388
94114
88305
96089
98717
3707
89031
97429
3217
5993
7647
7369
5030
5369
91105
93320
5362
9370
98034
10842
11565
81745
99537
86128
89272
90158
13631
4917
99166
96575
898
7045
86938
99972
13900
97666
89305
12195
95159
2021
95265
86781
11188
90066
96083
768
89669
13647
87469
90110
9415
96086
98706
94078
13620
6696
10478
12658
96007
1349
99989
6345
89153
92666
7915
94309
87084
91418
7018
93903
83390
94576
91231
86858
94817
84179
99541
82821
89425
83099
1943
5141
82501
787
84368
4003
89937
13392
96053
13345
3947
7937
4709
99619
8525
5576
11088
13708
2906
95304
6166
95782
84900
88062
93169
8246
93422
91541
85334
84399
98254
84533
5016
97350
98517
86076
95053
5734
86801
3311
95669
82469
9363
86067
6296
5686
12109
98071
83920
5665
97694
11924
87143
92080
86833
96472
65
96651
81474
98623
2237
98438
12771
3524
82616
84377
12735
96022
5043
86321
85725
7342
90391
85029
89286
12832
11030
13899
7274
89008
9107
92428
11200
95751
96420
82645
97837
2054
7831
5295
4103
9306
14035
10706
85562
93905
83136
93078
85547
93804
1930
91178
89723
91861
90978
96936
91406
86131
5733
6440
90124
98267
2433
5461
89992
84201
95478
92925
82527
88080
9305
98316
13251
12110
97823
99803
89017
8835
86359
93989
13536
92772
86616
93019
90547
89803
5118
3320
2993
85105
90543
91095
11035
13983
7683
87140
84061
99329
91875
8432
92560
4380
94257
81833
98751
12962
9545
2697
85961
4195
1766
99630
1799
90918
6087
90154
1455
2361
4660
98524
83672
8005
11676
1247
10814
92549
32
87361
82984
82296
6486
7510
2792
3509
82150
3950
88323
2431
87385
83652
93490
2425
2996
98969
91624
3643
89567
6497
91670
98982
91146
86108
96491
4949
97586
97575
84543
89684
84353
99700
81457
89973
7956
94103
9583
4577
89377
90915
82039
88492
13912
98069
84668
94220
93385
90190
96651
98219
10662
93255
84687
82907
95819
11616
11313
9001
88347
99129
81572
96597
95213
94181
12064
98337
11015
97756
98029
94952
96489
9264
85091
96530
88397
95874
86831
4069
5965
13461
2872
92093
92454
92771
92739
91167
14076
98736
3124
5098
4574
85020
7222
5520
98572
82812
14205
772
10934
8075
7497
95795
13734
3677
7790
3800
87264
85364
83282
91947
5161
87095
1399
87354
2406
7455
84026
96283
5479
11444
84794
95584
81892
92728
90013
9708
90086
86818
97935
8069
83529
7501
557
96522
82752
93586
33
4967
1946
436
11598
84391
85092
2458
88463
3497
90223
99778
13787
4566
92051
91860
7084
210
308
87029
11040
3441
95108
3869
11200
82892
83465
4075
94047
87572
5952
7639
82372
12103
4418
2280
99788
8960
2342
96296
98185
11891
84456
90580
94928
90585
92744
89624
94802
90601
89302
91067
9065
82024
3149
8087
8758
3619
13181
98667
93544
93178
86061
85396
13247
89151
12736
10458
95665
95935
12120
12871
4269
1312
94201
93533
92927
95468
90671
98056
8948
88556
89970
88050
9886
7321
649
82806
83258
2191
90125
84983
93359
5828
86576
6706
92378
82999
92733
4592
3016
7692
99329
7361
85539
10711
9098
82374
96465
95830
98639
86925
84569
516
91185
86786
95272
11148
3745
86116
98003
93499
8898
82326
9310
86265
2383
96791
88444
92408
89088
89908
14360
9326
11337
9692
91475
98144
99332
89205
82958
2080
93617
749
92907
84793
95130
88915
1263
91879
92732
87015
90347
9836
13571
2831
13179
94561
92532
88396
9710
778
94257
97229
10952
99725
94137
93474
11140
4612
13934
6195
84094
92881
82267
94962
12016
82642
84534
88910
87099
81685
10370
96489
1064
2605
94296
85932
98255
93509
11303
90714
4024
8916
14009
84675
95553
11571
88952
7066
5952
90219
84177
85576
87528
13458
951
99746
92305
87191
88203
6841
99059
13756
98043
1969
10515
6148
87305
94964
12098
12461
11598
89383
89890
2271
1887
1501
92427
13029
1166
9739
7981
98012
85715
3485
2422
11754
84653
88967
87606
8977
82723
90077
6625
91236
92368
103
4180
6681
9375
87791
92700
83488
8787
12029
90932
83699
90283
91493
81806
6062
324
2751
88884
90144
9214
97816
93902
2274
96355
11239
91334
10408
90758
9891
779
82134
94121
96755
5427
7830
92289
13413
97861
3527
82398
97187
3125
6231
92133
89570
98193
93652
85664
96573
90972
11711
93114
97603
14137
546
97667
93324
2027
4067
82746
99313
94010
89946
1004
7004
9976
97856
12216
82590
8580
6697
7189
90912
94799
9235
918
90716
99293
12575
86125
10893
96143
94143
87469
91940
5727
90353
12660
2269
90571
87179
7977
82513
87541
86423
7651
89613
85898
82433
94795
95522
94594
93679
91010
82942
4936
82256
90661
82748
97083
2328
94800
9079
91411
84587
90113
95525
98311
89272
96799
83266
98511
7144
97979
9257
4102
9878
5621
10859
4690
84641
10050
14169
12679
98944
2476
4996
12105
97782
14235
11848
92273
1735
1715
96483
1681
82057
12190
83116
10267
83134
779
89026
6975
97697
95894
91075
89619
1342
83402
82399
11897
12200
10245
93323
10043
92453
8828
99706
99994
14636
6750
85961
7079
85107
93821
87674
91441
2978
12618
87843
83169
91564
6688
83175
2210
8286
92644
96166
9830
1176
91947
88945
90948
91933
93725
11681
88166
10726
7001
84456
90178
9051
82169
2471
86919
93316
87766
6434
95835
82877
96399
2897
11170
2441
93543
4088
8354
7464
92460
87258
88133
85228
13599
93353
95934
99144
4913
9697
2799
93002
90859
85846
9355
7435
529
87755
97015
2724
97127
87460
89591
5763
14612
14302
13318
4670
2822
1053
89125
13959
12887
85447
504
95905
94863
464
87758
95474
3241
86196
128
10618
83962
6924
91035
88067
4112
92091
93025
90712
99639
5737
85324
9211
578
914
95701
88178
7399
98111
11668
98370
86476
4661
13353
11103
10241
91564
97979
92739
94222
98371
13375
4861
6799
94418
4923
12171
14045
93057
84875
1227
2734
14391
771
13742
99232
99957
85910
9454
9842
95748
84407
14242
90163
86124
14590
9744
95
89926
97742
87394
96679
97941
98965
83580
11249
2576
94771
94540
99232
93827
3998
13699
10773
8535
93252
91747
3286
8719
275
94938
9646
3669
84726
1454
83124
94964
13633
4537
17
95271
96079
93304
9980
94993
361
88414
11657
96559
7754
98446
7426
90411
5025
8584
92275
92498
90743
98563
85996
84552
11090
3165
3235
8026
96824
82831
3384
90837
8632
9221
9757
83766
7142
8972
14038
92449
84229
96492
86525
83509
97866
6264
1386
4415
96862
131
10992
12591
93572
8630
99467
8712
12156
95392
83961
4188
10023
98605
3974
91767
86476
5785
93229
6330
84666
84775
2076
86059
4271
85965
9591
12555
89753
85011
89952
84745
9915
3612
96533
93269
7186
13795
10810
91447
86008
99434
7641
96737
85993
8111
84007
8610
88324
10016
9577
92029
85812
86800
13398
97177
4624
1546
87679
10970
13184
84646
95276
4208
97793
2554
6505
99278
9386
90547
449
99678
2224
11364
95946
99475
89831
88093
88673
12287
11306
5952
83799
10214
7325
240
2317
7218
83696
90667
88379
13545
4743
7002
87287
97372
1144
14278
97140
6273
83092
98317
94889
94851
88042
95509
98548
2648
93449
98240
10943
99316
8516
11425
1665
8381
85531
94927
1992
90430
94167
87
10677
98751
4437
5782
14760
89941
83816
91591
87135
99126
14648
82874
1177
96784
90511
82758
96512
5722
6646
84576
91558
91819
87323
12524
14798
8777
92950
90868
93359
12197
11917
12055
84949
87046
91860
84867
8712
451
96696
86630
92113
4693
98910
5697
6905
85355
12647
5023
597
84608
11576
8836
82880
4746
9367
96361
4519
10100
8920
92711
3434
99663
1561
9842
2337
8101
84490
98313
11774
7502
13874
87019
91858
93510
99694
14603
12978
98814
13434
96935
85723
89969
95509
86325
85043
13115
93952
83839
14611
87493
85127
89746
7010
3876
14756
10513
87075
2499
4928
86511
14354
82526
98172
14173
95850
10865
87631
7584
843
2703
6128
92454
89274
83383
83606
13595
11498
84772
12958
96887
87482
90853
9453
88666
92190
3180
93590
99388
91394
85578
82590
5566
87404
88091
99455
92228
10498
12958
4010
39
98028
88168
92720
93798
12795
1177
6147
7997
90698
11471
95928
92921
93540
13754
11056
13578
93159
1520
99959
95578
98919
14657
83084
97917
13493
14061
90787
10185
6369
97973
96935
92008
12606
4720
96708
4204
89221
90591
227
2595
95485
13955
92215
95915
1818
93453
89753
7688
91875
95670
86191
86451
90201
92432
11602
88949
91892
10365
99503
94228
83728
6078
85166
941
424
96399
97554
95171
12257
6385
6368
15094
13707
4104
7139
98104
11043
7494
83247
97148
83612
8007
91653
93168
8256
94655
12919
88685
99025
85297
8909
2636
5301
88354
92582
96155
96178
98380
96226
4753
8694
14231
4672
15070
13754
86629
1988
92742
84103
11565
1596
92751
9722
88204
11682
5145
94724
7990
2468
91790
93557
5522
91043
96410
99674
3399
82649
97149
15109
5905
15198
6494
556
89017
13132
89506
10100
91844
92322
6878
11887
3339
94438
89929
93795
9835
97583
12821
86478
95549
801
10335
12999
99465
4986
3109
90663
87958
89485
8057
87463
7045
141
7731
6795
13151
89324
8331
97760
10124
15204
3047
85602
89702
14838
1521
3809
8238
87697
7661
84549
95197
822
8266
9872
86684
250
85782
99010
86296
86795
84887
87875
82704
83766
84056
10524
14418
94248
95040
85063
91910
98131
10345
89992
86760
89908
92240
89980
9883
9107
14920
86897
88476
555
99700
82774
12341
13386
6805
9621
86355
86171
99360
5982
4923
87522
10388
91782
95352
95719
88842
93647
11544
88407
93358
8426
87063
82952
9741
14138
1308
12092
95343
88411
98915
3143
83399
9155
83355
4148
98505
4328
85297
4324
9532
11970
7500
88825
98832
93074
474
99443
13585
92930
5131
89304
83228
88431
92381
96857
88017
87589
94648
1203
9002
13674
93723
84083
8299
83166
96085
86558
92539
94657
89497
97552
90866
89334
15372
86595
93587
88294
85217
83474
12220
98408
99911
92830
12123
5535
13697
6865
9539
98788
94870
2497
85920
85895
14858
89527
9671
8880
8653
96145
88818
89066
14546
92805
1771
418
13539
1255
7110
13804
12531
96525
10643
6120
83188
12497
14932
1123
5675
93334
10348
85664
99776
97998
88217
89048
15194
5211
5732
7072
4778
91637
88279
92938
86950
89388
86990
89807
12602
9199
87344
4588
90746
94124
86623
92650
635
85016
93102
11810
97730
7281
9428
97760
99997
91234
13503
5735
89585
89223
99338
10134
93780
86034
92881
8586
6268
91725
6980
13700
83223
8321
14330
90860
1245
2454
872
13430
92450
99676
14643
5604
95728
6538
10402
99628
11765
7236
94871
15483
7641
3074
10752
98234
10579
13839
5609
2481
84668
9360
8532
10537
87204
85254
5291
99766
3555
87285
437
6133
89971
3429
84744
12977
14748
86824
1535
1901
11376
94238
97516
94749
84345
15094
12110
97621
84623
99990
97702
3559
7374
91420
88615
97607
13639
13670
9549
89841
99190
85039
15311
87278
84596
97499
6231
95794
13550
14517
88498
95753
726
87510
89347
15220
7736
98729
92957
15086
2032
89229
6961
4916
4986
90459
94372
5509
11690
92136
11909
14854
98877
4493
94590
86697
93327
4613
86344
11150
92878
97271
94372
85674
7311
11061
4839
14440
11232
98084
93013
5198
10686
15037
6674
96577
15624
98611
92053
12619
88884
4566
98205
94428
89792
94007
3081
14766
93227
3469
97187
14766
95461
11703
94108
89464
85924
12099
13950
92418
3000
96847
3869
1372
84066
1326
3920
98261
88320
13133
98079
10626
11116
92534
88061
8955
1095
5364
91928
96870
86960
94265
13583
92057
7705
8477
12835
5466
15259
92104
87664
11625
424
83825
1758
84800
86786
91815
6804
93849
12395
3632
13516
4529
6044
84657
2125
4683
5626
97166
95220
2777
2789
98706
11380
90903
92467
8913
94784
12568
3005
6827
96295
389
97336
85716
13088
15522
10759
86194
91685
96915
89775
10374
91300
12640
92459
98287
96531
90325
85441
98667
98917
84493
96276
94464
219
90576
87355
6682
99900
2970
13523
2453
12872
15038
96784
1566
83369
3051
7962
5653
1484
85198
95445
13205
78
1047
14753
6744
93978
4288
97348
11476
6386
5644
14116
13482
90764
45
6426
577
7231
14953
5699
12206
11453
10525
11033
2776
6596
1282
88737
94585
14608
98895
15302
97095
94835
14687
11846
4851
85416
83605
9067
9553
5636
12093
97533
10906
94702
92437
7414
94510
13232
1804
96791
92510
99886
4265
96025
98634
97559
11887
89030
84422
10490
9600
11688
84898
13499
13503
13794
8937
95590
93307
97534
4746
2082
95785
11655
96150
91978
3344
90041
97513
99000
95659
96885
86829
87043
10602
15225
3547
86763
84315
4847
95331
2353
85832
88933
4591
13101
3520
10717
91298
84731
97050
14438
14022
85781
94742
83370
135
96327
99751
96009
90970
95806
9199
8903
94595
15587
8041
10241
4277
89351
12397
92262
3450
4447
91343
93347
90965
849
4073
85567
11270
12399
88186
89609
93935
96965
94766
96239
9749
89742
11105
10704
94153
86795
2879
95828
3975
98134
4781
97434
92702
5108
6669
98482
6417
99273
88509
14924
15006
1361
15042
12433
85853
8108
89764
93169
4459
94969
94969
95580
616
88006
98246
95957
98685
5287
83235
11779
91874
12165
5951
2378
98591
85689
89283
98010
90609
3129
2171
87335
88976
91122
84083
94393
84623
695
88991
6148
12387
89305
7774
85082
2631
7928
84479
88352
1311
3705
2883
5406
89468
5112
13605
94331
91296
98463
95704
90952
96674
567
88561
84540
94100
96799
3237
91200
355
87259
2771
86028
89631
6894
93381
94034
1659
1804
90034
920
3895
84649
96680
83724
83901
90966
93961
84531
10825
97133
9172
3011
88460
9930
99141
91411
85650
96925
14015
89903
14562
98686
12169
97807
11526
93760
90838
11786
5069
88489
99306
90375
13421
896
11097
12117
83820
84744
8466
93436
4001
85580
93469
87187
84086
85051
84001
2035
89554
87447
4009
3148
97492
1352
95176
84631
94690
11638
86970
87756
8963
87863
93612
88180
9225
91558
7615
84961
86611
2485
84425
85181
88305
85092
91229
87616
90410
11858
88460
86950
4091
14483
6892
3649
6433
95426
92248
97163
91929
8601
14680
95262
98181
88064
83970
2247
8530
11458
93793
86072
11160
95718
9909
98654
86337
1596
92859
8498
3022
13462
89231
91444
99894
10489
4111
89716
89105
14868
8001
96979
95636
15665
89112
2154
11837
11017
11091
84168
913
1757
90503
93794
99556
15298
6078
83654
93049
92893
2079
14098
6251
12303
92720
4483
85484
90866
90426
85263
13035
96357
11212
87638
3323
15717
2563
1879
12241
14141
14312
93055
13838
86558
99161
12072
13695
14802
89325
97503
8513
99726
3154
94278
5929
99078
2266
91484
7266
88422
6678
7033
3416
8670
352
14686
84853
9053
96799
13484
15978
88642
95431
98933
14353
7374
1728
4912
5904
14366
5736
8432
5153
14712
93659
97271
96623
98275
85362
92615
85699
87836
8713
99066
5248
90534
3590
1810
13516
13378
92439
16083
95600
92288
85946
13808
7394
92053
93475
94691
15553
2381
26
93889
93280
15106
84483
98605
94407
2637
4738
91724
10198
91197
98462
96538
86731
12774
13253
12986
3878
98268
90640
14387
10699
85568
14281
93369
3016
84154
15754
96618
5208
1032
12136
6075
88327
95573
99824
99409
4087
5933
88977
14644
11458
85232
91162
94688
3105
16166
85829
90335
6700
16242
5876
5940
11299
95530
7482
825
83629
11877
92158
85963
91710
758
13404
8100
10846
952
11660
93641
86440
2955
94663
98117
90832
6846
15367
14358
41
8045
5806
16263
12326
6157
394
13886
1695
84709
87832
10294
2295
89759
90662
96368
13403
93024
4861
5061
88205
95188
5279
863
89282
89518
9773
86409
87560
12047
14636
3684
10253
96771
90761
85787
16220
89812
15291
88665
7689
14970
7304
5114
86127
13584
94250
88767
99063
3085
84467
11270
83964
92401
12047
698
16397
95230
86442
230
13234
7018
11378
1936
89651
91730
86269
99747
86197
6416
6669
4621
11047
85360
83731
10603
98428
99936
99219
15234
97273
91686
12647
84720
1266
91350
11110
98369
94768
85188
4806
3974
86262
15351
8543
8451
13956
3327
2066
4360
93499
14281
9483
97858
15042
92560
95714
95763
9320
13877
15176
89600
12587
86130
15680
90921
15608
8204
94923
91934
3956
91048
10858
4016
94011
12511
89629
15397
83783
10228
12049
87824
16180
89126
6458
95617
11681
3201
87709
4345
94041
6810
99505
15136
5523
14746
15078
6298
7606
11002
2023
5048
13953
12721
13053
15947
97899
91370
84212
7774
85094
92121
87041
13093
4649
89615
93636
85200
14478
84940
99402
91012
98488
13077
88439
91340
90874
8582
96514
16492
95764
85193
85953
88663
16255
85608
84007
99041
97228
94975
2411
96183
94279
95254
93098
88493
12738
93517
13136
12280
92911
4761
1875
85182
8141
86126
98753
7147
4936
98013
8123
16358
3706
99169
11873
84867
91094
9972
91568
87321
96423
85479
2122
84054
9236
1362
94901
95410
1094
96008
89318
84290
3501
99599
95903
92718
13600
95118
94999
13253
7204
14440
96665
9967
94640
7657
94416
95812
5742
90494
2209
91259
5027
7977
87321
421
16595
93205
86825
93371
1023
9671
90927
98100
93200
5718
11959
95932
10585
95549
87809
85954
11448
91982
4133
10609
2429
15561
92596
16482
85134
96717
12097
97775
4938
93902
8065
1610
91724
87336
92942
83887
16179
98963
1714
12344
96000
94872
11906
86352
99935
93090
1128
92682
87402
96856
3910
8019
522
12426
13208
1925
6783
906
14329
3005
15938
90398
96649
2319
97033
1331
1485
10456
89803
11284
85975
11253
1861
5370
87304
97490
87611
10822
6675
95397
91843
97998
99076
1149
255
5204
10817
98325
5865
9117
98928
12301
97396
96480
96985
10075
85360
88253
97613
94717
1327
13137
86855
4658
89478
11015
92177
6538
84694
90928
89483
14428
4747
98135
89640
98167
85316
85486
86073
11930
4596
95661
85614
7463
12104
95805
761
92469
96587
495
96182
98598
4230
88434
95273
95225
91820
86629
11942
99905
7381
91305
13430
97397
94825
1019
5304
16457
10048
95041
85703
9052
13928
1411
91035
12275
96902
89436
12978
8231
93792
93168
8976
94939
89882
4032
15461
11217
97823
6364
96174
5981
11459
88953
91870
15833
85063
11427
7167
84315
2845
94740
4211
14372
780
2726
96000
94202
92054
95846
86411
10616
94328
87945
11940
98564
87537
13123
99427
8194
85159
14325
89681
96839
90599
11047
15307
3025
87179
2391
86018
3093
95521
95632
16646
12632
86345
9759
11012
95458
10175
85378
85453
11248
4282
7522
10713
745
98804
86306
10796
84
85772
88408
1432
86536
9128
3868
90947
16163
1630
13502
95115
86751
92245
93405
11367
14178
13319
917
10735
1941
3466
11321
89503
14583
85712
10082
7864
1970
97643
9894
95431
93647
87573
5836
4554
98342
5423
96639
3152
6969
84840
87073
86337
89537
2305
1154
90046
89416
14830
88401
99530
8761
94783
13298
91273
85141
87712
87601
2887
11944
95902
90998
10813
88475
99979
13786
1872
99211
88516
3224
85754
85529
13041
97511
6796
9379
7340
16616
436
99892
11046
85435
11452
87480
12102
13878
96787
11346
15347
98616
92209
16817
10548
85211
96661
9760
88374
93225
93136
98077
5327
89361
84199
87533
87360
89177
2229
87886
94112
89398
5296
1676
10870
6266
11949
84408
90215
87501
92614
10614
96881
4383
1947
11958
98135
99997
4311
9990
5182
91682
7796
13094
9591
3728
91713
8732
94271
5759
13603
6952
87267
84821
13466
9210
11943
630
96166
89539
105
91550
11401
91498
13154
99949
89615
1952
85869
94691
107
22
93259
92172
6691
6093
92934
14109
14831
4941
10676
93664
13278
93851
16574
87308
14331
96997
642
84825
88942
2080
86805
2514
805
88148
2669
14155
7956
597
6079
11573
96474
16310
15268
11504
13126
13657
84866
5697
7866
90346
2216
98628
3311
16141
85849
98692
10585
97909
84844
8936
12045
97687
98771
14288
87328
94781
90972
11329
8338
98143
97909
12028
86379
89839
91539
1974
14564
16052
87252
13860
3977
4730
88803
1877
15453
86760
636
5444
85471
4882
93936
93006
85868
93999
91275
5409
10788
98446
92341
89590
4593
94053
3926
7616
8870
8266
94974
15205
95397
2757
7075
93069
16868
15173
11852
85656
12848
91698
7758
11445
1074
3684
13269
89169
91569
85106
90245
4588
93241
11789
9793
13618
7482
97006
6284
94536
85236
88237
88910
5542
2482
5236
90905
13508
8020
14355
3213
98776
88337
95093
91928
5215
1724
5683
16930
85049
8935
7079
93961
92410
1125
7524
2312
85278
91925
92132
92253
86397
13916
3074
90955
93888
14065
98633
88733
98931
84991
87788
14540
92763
97223
3064
8514
92681
10596
15079
512
2063
14675
6902
5822
99635
15890
16729
15921
4066
95304
6542
86994
14215
10054
87855
7452
2172
5325
76
90134
88799
1423
12120
87922
85705
93434
98179
86932
97180
98643
96136
13879
97115
15199
6311
1581
8894
99528
97782
87078
6661
86397
11028
88019
95341
411
1566
715
87809
13899
3141
89805
7219
93196
92992
85255
96715
93363
4990
92790
93919
15663
4254
97327
93668
13842
3491
94878
87459
92877
194
4813
96304
96443
85598
97959
95607
92290
97718
87326
7544
8821
10621
87562
97397
7805
92714
91634
13160
10328
91729
98512
8283
93698
89362
10960
16210
10868
5840
4473
85548
84555
773
15823
10026
88075
85012
91800
99950
6307
88191
5374
88072
88818
1754
88340
85485
7754
895
13661
90666
89044
1380
14409
84759
9172
92522
5313
91951
3470
97207
88709
5246
9257
1927
88308
87580
86388
7710
15180
10714
10854
10465
16147
88186
15082
97765
2197
15044
1627
99976
13902
16950
2220
87839
90378
16316
87979
14863
85195
12960
85767
3425
9356
516
16688
98896
10276
813
13406
95812
87788
14882
87636
96548
2436
2166
14662
96327
11539
15970
11321
97995
9198
16919
88426
12522
12507
16721
401
84810
9686
8496
14343
94004
2228
8260
2631
12520
94630
91526
89777
98958
98272
16847
97204
2352
1307
92547
9837
4326
3895
1102
6507
95826
5125
14802
14229
14989
8164
15455
98958
87457
95530
7141
11639
13210
6566
17254
8950
90935
6851
847
96918
10468
9328
5640
15119
11085
5790
88426
87047
5100
4681
689
2937
87171
95995
3090
12053
9553
8141
93870
15016
2430
12047
5735
95326
16217
1194
915
92517
6181
2852
5391
14868
111
88771
87702
97484
98787
97654
87154
95197
91199
11665
96850
96908
91336
97623
8061
9555
86972
15581
16261
94953
2184
86220
2143
12772
187
2823
15603
89053
92058
92814
15567
87827
12405
7843
86881
12019
99866
12939
87108
14582
97161
94966
89114
98027
87688
14563
91483
98550
12759
5981
493
96761
84775
97611
95253
9970
4262
519
4013
14821
6270
8428
10038
87996
2784
11830
11664
8684
8794
10885
87687
89658
1200
95362
94416
96446
13962
7333
14453
550
97803
92725
12909
93438
6626
16210
84976
95375
11268
88464
91785
1093
1049
4581
1261
86198
1430
16677
89643
16288
12876
5003
89316
92882
90750
93211
14333
95629
2424
90726
8019
1228
93278
94317
6190
4066
85923
746
5017
7139
13244
98731
89201
90758
86996
90432
2715
15721
14977
10680
96891
11414
92246
97542
93443
95333
95226
6762
2313
12353
9241
1037
2556
15951
94042
1613
15960
95500
97521
96986
91799
14807
11446
2976
91179
7247
309
96646
96137
8478
93735
87254
95816
16726
85409
12255
2539
97787
87724
93847
94747
11169
85109
97764
96697
91479
4166
10589
96946
13445
10804
6668
13843
17618
16346
10743
10047
89001
4486
9855
97055
91612
95538
10473
99001
2665
90934
96091
87333
97948
16092
15721
12668
2710
4628
94673
90097
2573
4169
89572
86820
85844
87988
87494
9621
11740
14864
3927
10006
86074
88621
5427
89252
89195
89129
85687
3671
85750
220
15813
85112
90449
6322
7690
96211
10919
4158
94270
16205
89848
16557
10315
7895
85025
15193
16977
16932
90269
3136
2314
5431
96300
180
13002
90305
89460
85236
87209
91690
95813
97498
95844
1421
99617
91926
8480
1225
7516
11195
87793
11188
89152
7513
85850
1587
98324
7531
97525
9064
8766
86514
98038
95339
98054
13922
85419
86045
10334
3802
96167
95097
10463
92602
13183
10059
13941
15632
96404
2661
10301
13300
87986
10543
493
85205
98169
92255
93622
4019
16890
93098
88646
12334
88356
96154
15793
97438
95327
96097
1137
8453
98808
97804
87851
88195
2495
85851
86067
98312
87662
92880
17619
90863
96331
85254
88040
99785
3311
88900
17646
3735
87720
9906
12094
6076
8412
8939
88980
9458
5806
8340
6421
4796
86502
1132
97745
12541
85484
2948
96645
1127
3574
14417
8357
15413
3043
5632
11192
12317
95206
85161
99364
98592
8006
3079
94380
741
165
86631
1463
3237
1440
11679
2131
7655
88503
91041
92153
88431
5358
5455
92179
96147
5043
96145
7483
87471
87073
11942
95206
93081
5668
92087
12129
6103
637
15538
11546
5775
9000
97877
86563
90399
88317
96041
93906
8303
6420
3666
1932
95331
95757
4036
14404
97429
90862
15416
87742
96995
14414
11007
93337
87109
6098
5366
11532
3842
8309
92922
5488
7075
87118
97662
89214
8168
94029
85147
17083
7226
14213
94248
5713
7232
10128
10378
3680
95478
97711
3149
725
95707
8722
10676
90233
15881
5784
5325
99245
94987
96918
12968
13332
99754
90141
91146
2131
88296
2135
3741
5620
14129
90962
970
95441
90958
92353
4426
95599
90012
1854
5977
13032
93693
13461
87052
238
11790
86365
89701
90253
8312
86632
90596
3600
88138
13278
896
98567
86439
17700
12054
88711
15164
86402
13889
9139
4470
6118
99915
89914
89969
17443
89635
4576
93875
95294
15568
1857
14746
139
6405
12851
99891
86354
5589
7276
85773
91320
1352
97860
85549
1756
4111
92476
5700
89855
7701
99839
254
5543
11606
16071
13500
98214
2804
1348
92004
7926
8839
3289
8342
6216
89685
10343
16931
93726
7684
86734
15418
95253
17131
99889
94179
2375
7727
7193
90319
95759
7277
99421
89167
99022
89746
2145
89668
1326
13267
9884
9431
95494
11579
9662
85387
1597
89503
4882
1168
95122
13176
99584
10745
2875
91953
17846
13711
90828
86207
87304
15591
3675
89361
87542
7665
16450
16680
4205
87827
90756
6217
17265
94806
89172
3985
90265
13440
88402
7689
99163
85473
98423
6618
2057
12945
97107
18017
12700
5594
92661
2182
15249
6226
85515
13642
89937
86733
10922
11936
9717
88240
1136
17022
91113
87912
8872
51
9617
5436
6639
97947
9194
95552
244
6353
12850
6892
98757
8324
91498
89645
89384
88237
6554
94458
16614
93376
12886
14025
89807
94369
3072
13155
6682
153
10671
88597
97708
14793
98094
14601
3131
96926
98759
17172
85939
98982
14818
86673
985
91586
7368
11278
16782
9052
4749
88966
13590
90298
10446
6191
14745
16628
98359
95732
86730
93027
4648
89541
85830
98714
14073
5070
95359
93146
10491
96165
95130
4896
87745
88360
2070
13922
95679
10439
1071
99258
17522
7645
96481
18017
15520
3781
5040
1312
6593
9419
91271
17699
13374
9024
92127
1647
14553
15730
5923
92534
2029
2268
90643
12744
6647
91705
5413
7788
3414
18207
88274
92815
16719
12073
90448
9245
8788
7413
99803
3118
2950
5808
9882
15330
92184
92623
91456
8912
86230
96383
97007
85658
9862
99743
89572
12198
12397
85676
86767
88585
92565
92957
13153
91941
3886
5809
93003
12405
17011
10534
94116
12229
92302
11243
4491
10023
8031
9816
12942
6852
11032
4348
1451
13264
18252
11223
97749
93953
8330
1225
92538
89121
3973
16971
898
99873
10262
1629
6777
95025
14724
99423
4561
87086
9218
95748
7682
10523
10105
91844
8916
15603
3976
7857
91679
2430
92010
86636
9744
15266
94711
12985
8718
94075
93485
1520
96510
88110
98480
88757
6756
7578
89775
85962
3691
18225
86889
4100
91623
10214
93680
93851
85976
90790
8077
17126
10770
95948
7557
99815
8859
3344
1498
4802
93653
5536
95797
14548
957
94706
93634
98401
5810
86872
8860
7630
18330
597
86508
91985
99137
87119
108
98278
4996
87365
97744
86051
8621
88483
90791
86350
99904
17492
90046
2509
9109
10231
93381
85759
3942
93205
17751
5449
89164
18194
88148
96435
98501
94018
657
89844
12634
2206
85747
13163
17278
95767
9848
8816
5784
92106
11991
5739
9189
86965
16936
8387
90903
12297
14790
1529
16675
90944
91476
94005
12698
7633
88190
8289
14038
93793
86082
4566
86872
2780
85807
6612
95631
7461
12653
92214
95163
3530
90909
12004
86226
5884
4610
1162
11043
509
3583
9994
6330
96283
96227
90158
6340
9756
17315
93632
92435
96250
94759
86717
12804
86321
16040
5095
99902
14934
4119
16091
7550
4107
91682
17539
337
5552
3507
1548
15585
13820
14937
17658
94356
85837
12043
96442
3441
98236
98858
94040
13765
98740
10054
94387
89893
484
7204
95150
13141
11699
11903
5672
13320
92596
93453
94798
11273
16603
95459
6704
88473
10286
86267
91089
90937
2783
15892
91842
9707
96921
539
11154
15764
99640
12265
96575
86565
12030
1677
88912
7130
92292
95052
93702
87970
17934
88678
7375
289
5154
91994
90237
17074
98138
99373
87991
94993
93016
14439
97327
3192
14298
5086
6676
90440
98350
11383
4264
10826
5127
89610
91349
7926
17808
7846
89371
10420
15392
15893
13389
2914
3887
1569
509
97270
3017
18295
93365
94180
1761
11275
10311
99841
10727
8540
679
16840
95293
14329
4888
10269
14118
7236
260
97553
86527
3190
11089
870
3187
95875
96560
10644
13738
96800
96791
93899
2434
87618
17809
97657
9729
6920
4660
87950
96745
87484
6068
98910
91917
92182
95094
3142
92451
5794
6279
12307
94363
96451
88174
15712
16943
93783
98976
3711
3898
12765
13107
11386
91310
96309
99220
3321
98657
98823
96221
93702
296
97350
95809
93168
90695
11254
13514
12813
9287
15372
92869
11684
7177
99925
90236
18154
11387
89786
90021
16618
10120
15938
94393
93738
14740
15576
99399
97804
16841
14127
10057
15635
1195
8579
1240
12103
95123
3714
9692
2234
87354
13834
1862
9451
91860
90069
97794
9291
91423
10131
97447
7071
3644
2486
93105
88389
4157
97172
7440
89242
15296
11368
14914
91867
96667
4922
13759
91402
9720
96960
7924
5012
97859
92357
2386
8113
14626
5802
583
95340
12132
96074
9070
87044
89501
98274
5379
15121
6705
4464
5273
7275
11598
11547
88751
96711
1344
16211
17600
86563
7263
15323
8954
94341
98347
88196
89170
98910
11643
17436
97557
87637
14930
487
5538
90018
6515
93324
3799
535
88631
15828
425
4742
91581
99822
17048
11295
14497
87287
89825
9048
94319
14520
89974
14067
96537
86384
15308
94586
18408
92211
96883
2638
91408
91251
93099
5440
96231
7359
2933
7423
99128
90185
93256
88756
7634
91052
97893
89098
87270
7373
98636
93523
11249
12737
2928
14854
17558
18032
95657
96621
5905
92600
15945
96382
16103
15093
3602
11496
99521
91488
93797
5393
6491
98070
9725
87933
14872
97018
2430
87026
86520
15165
6760
94458
1133
92317
10673
18024
5642
96492
1745
95230
11677
12466
15807
95567
17118
981
96189
7872
92744
92057
9391
1941
96425
92259
3090
86857
2197
93666
12715
1565
98207
95440
2525
89525
6378
98068
18047
17248
87964
12268
99629
2135
8756
9834
99517
99239
5502
89500
88373
15762
18821
86801
93628
9682
4809
4376
17742
91616
92305
86635
87252
1556
92930
11820
99859
10670
4880
6191
6339
11317
9108
5337
13731
17790
3968
5191
12108
11567
9711
1777
90499
12324
90624
15920
97938
13585
86628
13822
92601
97033
8917
11261
92065
93727
91466
10172
5522
13036
8328
89813
98822
4144
99996
94522
95773
98620
5158
15953
9522
9071
10072
6717
5741
96223
18656
18239
17435
3738
12577
13308
90491
86670
11241
1505
4090
89926
99230
15205
86338
6038
96666
17294
95214
4761
7257
11959
88609
88088
88433
90928
89688
6158
4322
86534
97341
87626
17837
95045
90909
8117
6921
8859
1532
98357
92276
86558
9480
7120
6279
99409
267
87829
16397
90083
4453
94552
96630
4793
95161
18396
96455
6925
92518
89590
7604
2294
86906
95439
2416
10090
97442
94282
9636
87041
8677
93127
11582
92541
3601
1863
87308
14119
99797
10833
16746
3163
11922
92788
16793
99014
11180
12174
7376
6607
1605
16781
86934
97300
88875
17300
87665
92983
94257
448
12569
13273
87708
86283
98673
9732
91039
1361
99959
92911
95785
17905
13497
17374
12220
91095
2762
1161
92482
11863
373
95102
9755
86428
92274
93705
10522
6818
89879
1331
13329
4416
92209
2440
5546
14635
15155
92573
18360
5175
88205
13746
91917
6175
90689
90485
9165
18983
5266
98311
18786
15871
88414
7235
18994
98955
92686
94204
86414
4641
93611
91366
97548
89106
7987
13816
90871
5421
92588
90736
10278
17985
11736
4055
17482
94273
98922
8263
15788
12781
94136
90858
98806
11342
18258
9221
7792
96066
7410
14805
7791
7385
17204
14552
97321
8094
5672
88912
96268
5690
94629
18051
99023
16822
16576
2886
96297
89568
91517
89564
88801
12241
89382
92505
97925
6924
6618
96972
96607
90120
7559
86524
94885
401
14491
88210
6736
89004
13975
13624
1615
18458
87653
86976
93277
16608
98924
97064
8848
88164
88354
14012
92436
96698
95649
97501
8823
0
2301
96097
15110
98598
14421
17530
91832
90547
5863
90427
96329
95652
13481
90553
12394
2709
4598
3502
10935
4613
5157
86724
97385
7669
10336
94320
1837
16146
2227
13405
17012
9459
89604
96363
3885
11332
1155
99926
2832
6181
12737
97916
11388
98669
2182
99450
94148
4467
13885
6710
13573
5998
755
18082
95291
88891
13856
3967
1364
94623
15812
95553
837
10157
86614
17234
11035
90506
91097
2969
92149
98864
92017
17084
8113
6576
95477
2307
3556
92955
17732
98143
4750
18275
1372
86827
96013
92445
89097
15058
17361
92362
94972
10897
97008
98454
12444
9566
95578
1728
92225
10922
15184
7196
99934
18499
17456
245
93406
7196
91828
91671
86611
9041
97244
11307
7307
98566
18601
2148
92804
96624
87084
9179
13986
8630
2302
92214
88926
86680
91281
17422
97152
88593
89095
92976
95441
2425
14050
98436
13418
2734
1307
12845
90322
2037
13046
92848
3494
8379
9398
90552
17209
12929
88077
17241
702
16791
6327
98036
2755
91591
8360
15131
15905
12406
87715
5046
4049
98823
14509
92260
92065
90849
1633
91909
1383
2225
17828
8536
92278
17427
5884
17249
90031
94093
8797
93838
98681
11196
91524
11257
10580
98708
712
10288
10378
8258
12173
15444
86759
1812
11898
10719
14379
86779
88046
16873
93341
98863
19247
10828
93410
7412
5603
99495
3854
98237
14146
86912
3355
13742
98699
15950
2840
12134
96983
90677
92643
13660
90891
17715
3898
2440
8498
89627
18958
19078
14154
640
6298
10903
1405
90068
11283
6121
98931
7121
88448
14872
11014
16760
94795
94100
95958
17688
3768
133
2270
14738
92181
13900
8967
94139
18515
88684
15803
993
94581
98537
95325
8689
15846
88688
90391
7256
2160
89111
1844
392
5674
97670
15503
10494
3250
790
9771
10786
5851
93433
98117
14959
90344
7579
13255
14035
94682
10983
88991
90873
12966
13101
3599
96933
98603
10562
88741
97439
5250
10792
90382
93845
87351
95536
87399
98650
10839
97341
93908
11059
2602
86923
8053
94483
18659
6608
8981
4389
95798
18401
90756
8746
99401
184
5544
8324
97742
87957
8208
99091
11632
7811
98953
90749
97388
88765
94004
16883
17091
93360
93272
90290
88557
5186
99284
94343
94991
3443
94200
11991
87983
89699
94708
10910
94888
8820
93328
9014
91930
93074
4222
90266
97027
95664
89261
15883
2420
87349
13536
7667
6173
11767
12831
7304
92043
4198
13771
95155
18451
3852
92567
6834
3919
98868
16438
91547
92296
3049
17488
19426
93620
96736
6969
86909
87331
3160
14147
17222
2869
98208
658
16896
12430
90491
17616
11357
9644
2400
4387
15423
8952
94148
87804
13182
11771
18524
15218
15498
1908
92989
90318
15954
16295
99463
90311
10084
93079
6882
88209
97013
183
92423
17554
97283
89310
11842
98261
5977
6201
15159
98755
13235
2118
6723
89230
11267
13502
18211
92303
88883
18641
2075
13555
96492
8921
98704
2866
87670
9448
96726
15489
11777
96835
3538
4552
4964
5972
7607
3765
16196
13114
89235
946
17335
18212
88975
98997
2824
12094
97170
90935
19550
89290
1512
17928
13209
87026
88834
4161
16509
16253
8669
96249
8466
96321
96487
9500
2890
17912
88415
10424
90245
97270
99389
91482
96050
96602
99922
12089
11095
11555
17105
98033
91090
9125
8589
92532
8705
99931
93925
95707
1951
10719
93694
87427
88304
3160
98672
91158
91903
98036
10980
87366
96165
92118
19004
92866
88365
92369
13587
16322
15286
16918
5574
9733
88825
94218
88371
17598
12619
99676
2209
88234
18309
7477
14401
6021
6786
90129
1652
15806
10729
2189
14253
94856
92428
99362
18392
4050
5616
12465
17306
92345
16110
1471
18139
98620
4889
9122
17538
2352
10561
4860
98847
1685
13943
5800
15631
96329
9842
96563
93915
95100
4913
5326
16034
87684
91778
88961
97561
434
98723
15713
11728
11940
3015
5061
8983
12028
3771
4725
89472
12689
9641
2340
98695
99684
7868
89600
88303
93782
97670
97287
93646
13752
90655
99805
14668
11779
95695
97435
18984
99402
89261
11114
10812
8652
19720
3024
94754
8206
87847
14858
7479
9032
5708
12763
13535
87839
91454
92964
2185
93876
91975
917
15956
1850
89275
95394
89042
7597
94394
96793
10988
94786
3928
92307
9063
7161
379
4490
89029
87386
97380
92458
91566
10175
16114
92266
19313
13742
93955
1853
9286
17707
3197
17092
7350
97003
94444
19270
96893
6731
99596
92835
97134
89634
9002
3109
14295
92212
98950
19608
2311
91785
12220
6172
6126
94973
14179
96313
88900
3129
16980
19634
7693
13667
97743
90940
9562
13265
4955
17713
10963
835
11757
92384
97908
96210
8652
6440
14870
6915
92594
94021
9264
7297
17333
10985
97790
650
94726
15855
90400
89256
1721
1548
8806
88516
96295
99687
95722
8374
91953
19946
17310
7167
87301
3289
97961
3226
12166
15395
12460
88912
12743
5463
14249
96268
2808
12057
92038
91726
6852
10100
90542
14596
92794
18546
4569
7382
8267
90506
1422
14816
97235
7066
15302
3045
2460
1653
11634
8610
1183
94942
89279
99746
14028
1622
18553
95792
96621
99187
94894
91089
90085
4817
18517
99763
7166
95149
239
97153
99044
9904
93644
8761
2188
10344
17617
91391
91130
97373
17433
19507
95233
92995
6393
95488
5355
96747
87624
19415
99099
12351
92927
14460
3761
94030
2142
5662
1391
4356
14383
8621
88282
7102
1838
8359
93315
12925
17481
724
7014
1369
90789
19507
18962
9335
7105
90580
17130
6110
14911
91591
15692
10630
18784
4853
97648
5554
97231
4110
2675
5504
13345
19874
17141
97887
19612
8212
95007
15360
88661
19628
94249
92816
2366
1420
3835
95621
13568
92293
2962
13238
94181
9834
91430
3280
87354
96421
8554
2694
90994
8905
10579
8105
9550
1833
17212
99065
4732
12135
4009
2842
16542
96751
16779
17451
88685
36
17508
19219
95709
731
3499
2684
12738
17031
7538
16964
90675
16149
96486
15314
335
10297
97015
6310
95965
16552
7129
95700
10200
392
89417
10739
3211
4644
96212
90961
14265
93829
1685
1065
2304
8830
15357
92791
90975
98054
19288
97451
3029
18315
8493
8765
6316
7749
4550
11680
11639
87848
94258
6649
87639
95231
90983
93522
95140
10389
6731
93898
9482
3253
1493
10576
97138
2358
91120
2928
10051
12527
19840
6221
12008
15569
14823
14959
19699
9940
15338
87646
10626
96210
7472
19024
16674
95348
88043
88608
19345
6665
12954
9536
99945
92446
1645
3504
90073
92683
3179
87951
16982
98218
7473
91088
18514
13389
7228
1297
15403
2000
16649
13353
93064
16653
98842
88192
10016
8655
97820
18052
17851
11753
999
89401
8188
295
91974
18544
4288
16773
14359
2043
88480
415
18356
15583
3997
10089
98964
1739
98045
11040
876
88744
5168
17024
7482
1618
8377
19512
9891
90247
11529
3995
11259
17117
88142
9368
197
13496
10732
6124
8988
2108
96490
8086
95474
96800
95985
96811
92022
18500
1936
7852
98299
95012
8163
90773
95702
16718
16629
88727
18952
94832
1796
20104
7326
13493
88964
11449
93621
96338
93671
16136
92898
11611
11579
19415
18001
316
2548
90301
9899
89285
92780
5212
11550
99685
9352
89715
12856
91930
3805
17396
92051
7784
3379
91320
7064
98665
91208
7538
10205
92451
16216
96737
93424
89504
1244
9034
6393
10810
12304
134
99291
16661
98745
92344
15612
87698
96583
92961
98726
17793
1400
19223
99660
89718
11550
5556
17072
93792
5121
7851
94724
11862
90951
88992
93872
94066
95443
93560
17300
97603
94412
95950
93934
7613
12160
456
90590
94164
3785
5225
12904
89257
5070
15433
19066
16964
2125
12482
99919
88290
5112
99052
95379
16465
7613
94027
99048
19066
88298
98823
14184
12958
96881
5757
16300
1221
89512
4436
20012
6066
12661
91282
5416
98907
7400
3696
99911
19415
97001
20139
5213
5369
95283
9789
99954
18332
5409
5804
2497
93759
3625
94336
98398
95476
15494
17627
12060
4820
15290
88388
95918
95029
18227
7044
13324
9278
97901
90901
95257
9913
98617
96632
5762
3722
9437
12390
1353
14176
2395
11113
19267
12266
96630
91596
9182
99468
93811
12464
13928
94002
7069
11168
12076
15620
96043
2951
96894
16698
95781
93153
97753
18706
89957
1200
95878
8608
12763
88400
97600
18117
97172
89580
20374
5891
17755
11314
92592
98351
19776
96772
10582
10920
10425
9777
3534
8744
518
87812
3428
18521
17177
3003
5166
95145
86
20378
91376
13537
151
94113
91838
96146
1651
11964
98337
5265
16064
17881
98108
15717
98038
2655
12207
446
2326
95965
8763
98248
1067
96033
3431
13121
9616
89450
20386
4295
5842
768
96810
13045
96184
96738
92332
97200
8288
10784
99949
9277
3083
17675
14793
94261
10396
89513
17723
6779
89437
90702
5820
92621
13187
89319
88910
99898
15858
96248
18651
97556
97380
12873
5466
2693
89606
5468
12467
89318
90084
9698
95202
17838
20038
93519
4065
92392
88122
7883
14785
9608
8117
91402
10649
17759
148
20510
6147
12045
10056
10828
13090
9271
10929
88957
99369
11833
98858
5941
5208
90717
98885
92425
8360
99117
6776
2988
97994
20389
6873
2827
12554
89645
93350
4699
11546
18661
4072
4207
91852
18241
96057
97070
89183
92888
97731
17955
14815
5304
6539
93015
94182
4252
1550
1053
19655
20609
98378
14572
1005
7637
91776
10547
8927
94160
8121
13671
1926
90504
14855
11680
2546
88192
7405
93605
3066
17568
20641
17797
11299
14507
92177
3529
8132
17420
11012
4966
98055
19763
94083
5974
89873
99231
12343
94537
90534
5916
14037
10616
13095
11407
2935
8731
17949
90927
9036
15515
17691
6039
91988
97546
2591
6329
97764
18002
15385
2357
87985
99148
99567
586
90059
96882
12032
92140
20327
9431
98279
8695
2402
97045
15939
13059
17602
19526
6517
98200
95583
88791
1129
96740
1251
91867
91193
14219
96685
93404
89390
14142
4796
4183
3400
879
12170
16200
88960
740
13559
4387
96268
20074
94216
16454
19235
10091
90384
95531
90978
15555
91373
12482
92110
12752
20150
95486
1114
7112
92020
94222
7019
94192
16014
719
10266
93930
17673
3744
11098
91278
3183
19703
2875
93116
7408
90482
4111
1776
97191
12113
15563
16792
17663
98242
1712
96258
949
95964
12330
20505
16543
95856
19192
99634
89517
95004
9613
19586
93519
6851
10166
12946
13656
90202
92446
12982
91297
13827
89583
4794
96177
6399
14937
9502
94332
98016
13367
5155
7529
6461
93552
92614
1656
15690
14716
6701
4803
18887
12393
20416
89125
16535
88540
1274
17209
7380
93595
2015
90436
93792
99786
20464
91573
6655
10804
2301
2028
7428
15629
16443
18777
202
534
93750
6758
14788
20289
9032
90840
98742
18293
5547
18065
261
19252
7499
99386
91724
90907
14656
13536
10737
98441
1979
924
1208
13604
4830
20023
98551
2169
91761
94125
8777
12226
96946
89874
96198
2189
17676
88210
17618
15738
17900
92541
245
16613
1968
91812
20396
90469
8064
701
90399
19924
18242
89549
3986
89745
94985
91750
18207
4546
8461
4622
91075
96317
9025
4258
4952
97353
95553
18043
20324
14656
3114
18289
2384
98360
5199
6653
99547
19875
5960
20035
98800
5427
91726
1616
88981
92674
17221
88640
91365
93905
97465
3555
97121
7535
5068
1792
96994
15069
88526
16475
10035
13711
6158
1364
1788
20117
89584
3856
92001
97147
320
5499
12877
99566
93382
96301
88553
99040
18715
13517
16050
12046
5402
90292
4234
91040
93946
96820
3021
4208
94331
98488
15526
303
7487
8589
2787
11556
10460
89442
20647
92886
16911
19052
18782
19309
13267
11629
95126
6995
13202
598
2893
7585
98011
10282
15333
11799
18324
613
97407
17068
95346
92380
92871
16103
88583
5415
18924
5773
9499
15517
2899
892
16990
88510
11884
88439
93308
631
93957
3427
15443
12098
2813
99793
91201
91212
93404
92446
90818
88603
96513
12759
91352
6991
89277
93217
97483
19751
7422
8215
11316
16424
12846
3701
95604
2458
96765
99701
91146
95188
95900
96728
8453
8857
10412
13064
18295
5154
92566
8187
88907
98686
93148
21050
99544
98935
12015
16323
17717
10903
259
96683
92400
5355
19104
5352
14362
15335
19995
19887
16293
7722
4644
16793
9041
14180
96737
11372
98947
6421
94235
91895
92791
151
89334
11293
88984
3678
95655
94998
1069
639
5858
19634
12182
8815
15890
98623
4823
11277
6284
20909
97364
98435
16710
16720
2271
15529
7587
96582
1293
95403
5426
96250
16463
91981
96313
90728
11680
4459
98668
91393
98650
7653
9091
99569
16431
1083
90250
97792
97876
4117
20634
12566
11456
6375
88680
3875
6998
97299
99676
8446
12574
18575
93221
97131
9403
2856
1772
4482
5977
97831
6822
90862
97061
14803
4046
95187
1090
2519
20370
5876
92665
4614
6188
9780
89232
18364
1044
7131
10334
6343
4467
93531
4670
4646
15835
91924
20418
92848
2614
4500
93163
93657
98717
259
16694
1872
94027
4767
12280
14028
13424
14627
89357
20456
13609
99821
9837
1772
96048
11328
417
20911
97104
1831
99636
93946
93245
99515
1037
17262
4961
13383
11933
15113
11321
15177
13428
11109
91554
98940
15224
17057
494
4532
89145
90724
4475
7850
5982
2815
7078
90041
99172
16178
94715
90152
4169
7346
2097
94761
2116
97258
91380
93312
20087
383
8898
19944
9703
16152
18363
18995
92556
6366
5490
10353
94244
15265
15113
98611
93324
15483
94812
3888
96786
97017
90877
18727
9605
13494
13568
6790
9998
14762
19191
9898
92835
99268
14081
20392
96216
20339
7102
13036
9849
90028
12390
90048
7895
94247
92763
7504
4927
14314
11068
3915
17233
97994
21148
89068
91918
94351
91666
20697
12051
17560
91090
2796
21094
9343
9564
11089
97455
91166
97939
99823
19017
89426
98001
88618
1593
21374
92185
9512
92958
19923
2189
95443
19977
17839
99233
4414
10031
10724
91536
10316
96668
15899
15597
15085
16587
8728
3644
8106
6163
91360
7491
3235
89380
6488
97499
7031
13395
90671
11819
17508
92530
703
5655
5296
98275
19440
11892
9287
9198
5662
95616
3749
18801
16956
13840
96662
6744
88856
97450
16252
16109
15041
96052
19506
5969
90918
6124
2223
16844
89697
93785
16716
90626
3893
19010
16265
11943
95379
91262
18861
17620
1059
11947
17837
3353
92065
14467
847
3637
20006
17708
96303
89317
20489
98671
17218
7385
4037
11948
18169
19277
4637
20491
97480
91639
91741
99862
99880
90748
706
9765
20665
15368
99357
8634
92620
7325
7796
89807
20544
3979
89162
18444
96075
19906
95681
94077
2844
15172
89404
95875
89279
96286
18601
19722
20800
17368
5343
96955
14707
96555
89093
17971
7347
99922
16308
12148
20714
90437
96573
19706
21009
89122
93229
12048
19352
6412
91056
2980
20744
2745
2196
97177
2535
90022
11632
94012
88956
8718
804
19097
9747
93947
9442
8430
9443
18940
15438
9024
19630
11735
18819
96621
5385
90593
11350
3746
93117
12236
21214
89774
89325
93696
12596
15190
2586
10894
93463
20650
5955
89536
13075
2392
21040
14069
9283
15680
97072
6412
6357
11400
93922
222
814
18833
14705
91793
3213
91593
96932
3498
99380
93602
95957
96259
4100
9314
21119
4797
3528
89533
17086
1079
92117
6849
7826
90784
98608
17936
11012
12042
11984
91475
2412
16992
96838
97228
96818
93529
7355
99245
787
12877
99545
97287
2054
3303
6284
97318
13024
16956
12650
96379
5525
3707
99504
19770
16384
90053
17103
2630
98853
4639
3016
12585
94357
93094
92564
15752
2993
14018
10087
10421
96179
8542
94325
92871
6921
92342
96501
89800
20227
95314
21349
15054
92336
7955
11822
21292
16195
13324
3082
99177
11612
3187
96228
99826
6052
91671
3359
3723
91321
90579
11033
1675
96107
92452
18800
14377
14982
91064
98182
90194
7857
19912
94305
95869
3702
9000
18967
17152
98244
97532
90088
13443
7121
11309
21708
2197
96995
11356
8751
97983
90545
9013
90361
7926
2309
360
6675
6741
3013
11797
15303
94762
95314
7974
91431
96655
5393
19425
91377
5916
7785
11709
8594
94971
13867
17269
91784
95997
13720
19036
17964
11819
1760
8688
7088
91390
5255
3505
19653
89651
18445
18740
99617
92602
90734
8819
4031
18926
1063
3687
11110
11754
13274
94841
20463
825
99924
93973
95937
15887
93197
15392
4383
2198
98415
11915
2469
5420
16922
6920
18063
92011
15528
93501
14491
98408
90989
7255
20335
7873
99489
9185
9694
18897
4673
18005
17255
98981
4018
97266
5886
91060
92200
2127
3856
842
91846
92879
96609
97894
5254
16661
91928
19173
19164
633
5533
19710
14454
89116
92737
16208
14567
2424
97503
4408
93444
89468
20226
99400
4462
2103
6664
7380
90706
14738
16389
15918
98509
8707
90154
7829
92467
7039
93736
20169
93842
91024
97200
91331
2706
6791
1628
7555
99777
84
98227
3721
12556
15124
14793
21256
17456
842
96613
12471
90194
91441
6152
99274
7211
2864
97067
1537
89513
18927
7367
18784
7474
98505
94490
4767
17130
15395
93257
20290
12022
3484
16097
12331
18177
5285
16067
94638
98784
3251
20160
12326
13650
2547
99776
10278
11882
1757
11849
3699
96079
95916
13630
15248
2019
8781
15718
13273
9539
3830
9103
3701
15023
98585
3122
18566
20747
2360
3320
89922
7653
3739
3966
5767
7256
21088
20821
19210
11568
16435
9550
99057
590
13695
90260
19010
90095
92195
94201
95707
18792
94792
89270
14596
10388
21522
90157
3586
19442
17013
18289
21165
10088
14122
19081
17220
4237
21122
91472
5567
10438
9818
11297
97957
12975
17903
10225
15967
89436
2036
7645
89292
6944
12002
1862
20695
4845
94768
21370
6919
2173
95395
1333
13333
10002
98087
18792
98403
93785
10494
94680
90827
17780
95001
18762
3573
99127
20741
12350
1229
90131
10696
15993
91316
90322
14668
13608
98934
10242
89274
90401
95389
11126
15755
20812
98916
16424
2267
2467
92174
19364
98079
12022
5687
15233
2488
14162
11915
11985
2665
97922
11894
20156
7974
92502
91900
6759
95789
20931
1002
10779
95097
811
94188
11683
93524
10943
19616
10741
92397
15554
1451
14869
93771
22000
91755
89559
14657
93023
11821
94916
10690
97925
95968
14302
1078
22042
6762
17287
14926
17183
89497
95775
19700
5631
21340
90733
8999
1173
95283
12224
17158
18510
21988
1237
8490
49
98160
98172
98521
96956
17733
11095
94552
7504
8981
10787
14625
6191
11687
4442
1590
92645
1773
92439
89652
3974
89397
89435
12427
17878
18820
12496
11565
17871
9600
20909
21413
16830
17708
5305
4043
15342
4154
14131
3317
18730
17372
20177
92335
90909
8059
5031
17390
60
18860
331
12769
8262
352
4919
20617
18827
95738
8302
93579
715
11239
6755
12740
8864
19657
13078
284
18111
3956
11904
21534
20603
96797
92625
93639
2699
90095
11832
93885
90796
98240
91363
17666
11466
17955
90279
18633
91483
4607
1506
98568
204
1153
11455
96462
7904
15245
95963
6487
21270
10075
1030
2014
99051
97664
14475
97074
15841
10377
6355
94732
11454
4911
8102
15904
19863
98792
18420
92562
18542
2138
99092
13771
97273
11958
10891
20364
9862
92162
99087
93762
21372
8279
99628
96891
2467
14060
13351
98583
17927
16019
91617
19075
7257
14787
99934
3682
20279
90581
19910
95053
15788
19795
13164
11069
18939
3566
2445
2181
7576
12847
7163
16165
95512
9936
14555
93789
10634
16523
20300
11519
9862
12499
92138
1545
18661
12995
19665
94609
12848
1108
12357
14241
94238
99954
95409
12517
7225
94257
5007
91746
90816
17884
10024
14090
99634
19246
8636
14125
265
17573
5955
1106
5861
98131
21173
8870
17515
93879
94152
19700
11021
98219
2104
6519
94603
92511
940
92044
15771
95143
93431
7146
11813
89840
2619
10870
4690
473
98965
14803
10535
6176
11605
15511
684
96826
15180
10500
5362
93766
19211
96308
8787
8132
17001
94838
21756
91042
91685
6521
13225
10168
96845
1958
21424
18805
17791
14484
94945
9017
91374
19286
12012
13285
18120
22007
2403
92559
97653
9672
13442
92666
99170
90265
13452
17126
8094
3175
11960
98340
228
99157
14316
3340
347
96318
200
7474
95195
17545
742
94807
13201
19294
4960
13532
11492
5273
99635
94908
13593
10653
4387
12570
7316
19274
12864
4313
13472
90993
96711
93643
98737
96103
14315
97036
10536
11385
91157
98831
10678
97312
201
98905
14980
7573
19340
90765
15603
166
94307
6280
98432
18729
3294
19150
90986
20144
8181
7173
94423
17085
4433
98176
97267
8152
21806
6462
89979
3808
1471
12309
14137
13983
17523
22440
1521
10656
16503
3585
93915
93413
1660
21915
7409
7444
99418
20063
940
12626
13877
90481
99275
10195
94943
9612
10996
97968
93150
6892
21053
96794
2479
11018
93356
14094
91915
93837
99134
90570
20265
21502
13318
21919
17477
97117
18966
16903
11712
99411
94754
1113
92199
10151
99555
98394
90520
2069
94682
11158
96322
99196
11030
14576
95212
55
6775
94358
6969
98190
90099
8665
18603
90478
14746
8923
18086
11094
277
89930
90518
16051
660
7404
17012
16623
21064
10779
10372
91653
6510
12435
14306
9848
19757
16873
10399
93732
19650
1663
95750
15125
10970
96245
96420
96759
9791
93378
93127
4814
5559
1444
14182
6983
19242
5172
11650
18703
12802
11933
5100
3682
11479
16686
10631
92614
97516
97198
10158
15578
2356
2000
2937
17097
21498
16711
1084
4739
15167
98876
11089
10381
12228
96317
94136
16728
90667
18264
11067
18032
10809
233
20535
7158
12479
90672
94904
92400
14393
15623
19075
31
95926
11538
20986
2161
2938
3415
11356
20793
19936
880
89931
19964
19204
18751
2578
716
91296
22401
97991
9082
7093
7846
1133
13064
17516
16865
90045
14173
98141
2171
93126
21820
13745
98316
90130
93975
90819
21804
2923
94976
18284
92263
91998
18561
14143
15664
10334
21901
4305
10711
1229
11926
15165
2429
19351
8831
6952
98535
99519
90197
96320
18962
16285
1050
8778
13319
94984
9026
9405
7279
13937
17634
9513
16072
94640
16773
6204
536
17924
21377
17990
93729
97365
6698
4507
18198
13499
91109
99033
20205
7332
9408
12458
98069
5618
98112
4652
93866
2404
91098
6160
94567
13943
91718
98048
1692
21291
18033
93284
20640
90026
14994
92998
99400
9063
99135
98869
92088
17124
98529
17127
19961
10807
22502
6051
3660
6189
17077
97342
92990
92558
7879
15587
19421
2180
93236
93432
94218
10391
18603
94783
93199
19322
95047
93403
7539
6764
20574
10740
93132
95159
13403
91420
18836
20573
5775
90866
2623
94452
5699
20711
15595
91695
21585
95392
20313
7584
9108
10331
90619
11994
7581
18837
303
98812
95815
90091
15371
6987
96877
8576
93081
7774
94491
21054
22501
95040
93891
2176
95636
9329
19249
15440
18456
6606
20032
90317
2274
90483
2702
2991
5271
91166
99661
96782
93989
15030
95260
91839
4759
6796
10582
15104
97480
13760
8073
13687
21269
4231
14346
98453
17174
21131
91143
92865
8526
91860
16636
1075
4128
6438
12138
96317
4421
91819
2373
12529
92859
20370
13325
12543
7744
16567
5984
9021
12896
1606
98573
13165
22859
410
21932
92441
4427
97099
95085
2210
10164
13640
17646
17113
188
9632
19216
20333
4493
5639
16076
7655
16537
96919
13634
5683
8238
94453
18515
90528
14154
22262
17936
2920
19632
14690
97041
18388
93915
99704
15691
99514
99603
20370
22140
16617
98558
16713
14952
11879
6553
4860
1194
10776
20134
21998
1795
95394
7560
10222
10902
14095
9869
92538
96248
4274
21356
93190
11202
973
90415
22810
14025
11475
3250
6554
22031
99274
8365
8490
99579
11219
96302
7793
9287
6476
92555
6013
92632
10933
91671
15880
4243
91859
9682
22778
3886
10898
22438
93647
97701
17454
99727
91673
93135
4371
99386
12777
2064
19043
6994
95466
15311
98200
9623
13295
19210
843
22032
20143
10185
21140
96706
9517
12465
21299
91489
90877
22139
21583
1926
21571
13732
2749
95906
92318
98053
15139
16467
94630
5349
20317
5620
17842
15278
90559
1498
765
2653
21468
1212
1417
22174
99975
10674
2532
9560
92025
99745
1035
8741
7474
21813
97484
11013
11587
19569
9392
17491
20299
2052
19321
2296
1760
16444
14440
94590
11152
9855
95683
22440
19145
20375
14869
5536
92054
6222
19638
95120
11755
14395
90540
96182
10371
97659
19058
99634
21895
14052
91704
16609
1490
19413
3531
21679
16307
19922
19318
90345
22419
91727
4073
3153
98936
6987
91386
11957
14345
6175
553
94337
13106
16406
91913
93396
11658
93503
667
15281
339
22017
16060
2552
11010
18160
8323
19572
7328
97533
97924
16085
91920
19858
12504
93281
20178
20605
22624
4038
90631
17996
96615
92468
15734
20539
1832
18537
97838
92490
1073
20940
621
21619
92358
91678
7969
98074
9769
10414
5229
97318
10936
96268
90638
20559
20855
1376
99870
90744
560
19132
13657
1022
6936
367
95263
9809
13908
668
93305
95172
94043
5194
99646
92032
91262
9565
22136
9118
97253
1477
96387
2804
17660
95637
96374
3086
9551
96054
7590
11777
10705
5501
17447
97533
11171
21723
14356
1025
18674
9140
94801
19508
99426
14995
95822
11761
14826
92699
22863
20353
6240
92864
21450
98544
7095
22615
92049
94105
5094
4300
3344
15267
4427
18931
6681
1680
2288
20289
93342
12019
3596
91451
4191
2562
17613
91823
9061
96493
96500
17858
17390
18254
19970
10281
11498
2881
97938
96540
98468
4918
14534
13160
1414
99332
95559
93349
91158
92256
19335
18183
5125
96110
18601
2616
95691
97111
96772
1062
15243
94013
97732
7192
18076
6699
2225
6727
17418
2416
5812
9803
8794
98701
92695
2516
4814
95884
94860
2970
18568
98228
16369
97591
13041
5947
12242
8563
14172
7803
96687
2624
11751
20360
11360
23143
9634
6976
95639
93570
13300
17540
10501
172
21306
21575
6015
10614
5296
5092
10018
156
10645
437
93525
99063
1930
96897
95534
17204
11324
91157
92151
14789
17474
94295
94386
6294
14665
92247
90619
7778
94734
4134
21485
12935
6635
5995
3176
3000
16118
95380
12882
12018
92550
97130
97019
23217
10904
90889
9189
12899
9489
19406
4035
15901
7268
99441
99041
4749
95350
18613
90885
13616
11585
17406
12405
4292
6070
130
11705
3585
6502
1731
4994
9348
94563
3964
20844
97964
2274
10874
92543
21992
3364
18349
988
9904
10261
22143
8950
10292
17300
95748
13470
946
4149
15283
19364
5196
483
4020
6907
96344
99946
94618
17597
4922
19316
21235
6766
7887
92625
15293
12933
14507
92765
96731
97736
93574
11549
17001
4664
91155
20170
14572
23181
18001
99761
22254
9859
23045
8634
2344
10165
90855
8680
11072
13320
20732
9024
1110
8172
99332
20045
96378
3550
2453
15395
13472
22321
22056
17731
5174
96431
23090
14271
19573
98139
7542
14495
98294
13848
8920
21634
97191
23407
22293
905
90846
17261
22450
9328
11470
93451
9778
13054
12920
92819
7052
15776
13827
17791
12252
91377
8846
91427
94457
15036
5414
95310
3463
20389
2708
92685
21422
2949
8056
96338
20362
99092
5788
18675
17732
5452
6530
9845
4001
19980
93663
6090
93210
9082
93228
6041
4972
14861
18459
93757
99440
10249
16935
19440
99725
10988
97519
2954
97293
19465
6308
23044
5902
14451
97697
3746
23450
20508
23451
19601
5145
12350
99448
109
581
15610
97285
22279
1086
95456
92707
4452
10367
92814
18081
23049
15889
1340
11312
99861
13566
12119
13491
14320
92585
14156
7701
21123
156
17192
18496
98280
96418
15965
93835
94084
12502
95240
23475
16721
94300
93009
22382
21473
8783
93523
22972
4735
98810
95228
8158
1080
92650
92503
3020
92571
19683
19656
12417
18077
15923
96088
98106
288
19396
12594
6943
4149
21526
11276
21153
18431
3916
23338
2693
6938
18214
15519
97599
9180
19247
17942
18691
21211
97240
10097
98487
93519
20996
8367
22253
4345
16965
95667
18896
95044
10183
5506
4381
10602
96652
1070
22613
4250
9304
92689
93711
18201
5869
1531
90899
96071
9722
17968
9028
6244
943
21196
8125
659
21461
11977
15872
19357
91484
93986
91051
98041
96020
19480
18317
23434
14399
5397
12023
97098
15431
92655
90997
11238
13709
97712
3679
3945
93890
98067
11851
97405
19353
19985
92038
10799
6076
18141
5731
1171
2430
6989
6003
5321
96977
2491
16406
16798
96665
4618
90960
437
20097
5260
91135
4487
94604
22563
21388
19113
21007
15271
95328
78
11741
5768
93273
1292
18210
3253
5310
15843
23669
22972
8751
93467
93191
22322
96
94541
5633
16981
11175
98277
13934
1264
91732
13318
8948
1407
14113
8431
2089
17044
94186
16573
12131
15737
6751
95569
95760
97975
96344
95283
5511
2582
94472
17911
23167
4422
4628
22975
14399
318
10758
20705
13174
5699
91421
17259
95276
95755
2119
17604
4824
5121
11410
13364
98227
93900
12032
97606
524
21708
94361
99405
5790
9893
8517
16326
19935
94047
730
1501
5275
15884
10738
12818
94113
99564
22625
92764
99643
6702
23078
7342
91428
2744
18240
19386
22485
20456
6083
91924
21600
17052
15914
19512
93249
15791
15343
5231
7665
92421
92921
23053
2557
98985
16790
98558
91415
18132
20489
11523
11787
7697
997
17208
15253
21887
19707
94968
15505
16887
3280
9122
8146
13646
13043
11069
11384
96285
96813
14458
3356
22271
19514
13658
6989
21115
19223
15184
99808
19875
19485
11079
97891
10076
8365
1767
91411
97727
21867
95668
15407
8095
2640
94808
460
97100
4347
92003
14602
98039
17736
21616
16839
96759
21540
94569
95763
95051
92992
14957
6852
17537
22340
91441
98891
97527
4005
94437
91686
18016
99033
8440
3991
91337
20587
6207
98901
7292
9451
9938
99297
7301
96488
17623
18012
14387
6592
16740
20823
2529
95991
96223
92939
12598
38
15080
99403
91625
96918
9177
15158
95401
92077
17164
5041
1757
92648
15550
96661
7303
16234
11123
3844
15438
99924
6714
2370
98556
16054
96978
12258
99333
5220
3405
96830
95273
22892
10324
93259
19068
13511
7723
20972
95108
10126
2647
18790
14082
2832
8381
12532
14485
13601
4268
10299
18939
14005
6430
23777
92474
94029
12859
7674
11902
15088
95935
17347
10051
98398
733
16275
13366
99297
97892
93870
5559
97797
8161
21916
8162
21482
16324
92602
2158
91480
95015
9935
19412
9330
14861
97857
95316
16717
7816
21128
6261
4643
12094
13380
91853
98915
6796
15179
11456
15500
811
9734
3915
99034
8370
316
1731
3583
18780
6863
97913
6358
18700
3238
23585
6676
10638
96906
94996
97503
20512
10357
19091
3108
5169
2183
95404
99524
13160
11451
22626
9679
18152
6202
21608
93268
7635
14639
17646
19830
8460
19835
18079
17443
9282
99913
10538
11458
18474
20516
928
14635
21003
7847
93885
91580
7296
93846
98635
9096
1402
3020
95747
12338
99364
12052
13270
93723
7243
3675
18347
94488
91389
21638
2185
17736
95953
18880
97239
13733
10856
95575
11265
16312
9042
22536
10334
1330
98388
24055
977
4760
15560
97028
15885
5854
5510
16123
20572
14648
5410
13738
4161
301
19670
95224
9564
1261
4833
22740
5775
20964
6352
5643
12895
17295
14076
7039
22173
15503
4436
23028
23365
97436
98300
9836
9382
22779
12662
86
8387
5779
97281
2051
13306
96348
94879
14681
22755
95833
93435
16075
97819
92488
4074
96041
14210
600
96945
21491
21025
1882
99208
12116
9936
99067
20286
1485
6007
14769
10205
3983
95859
16179
7694
589
23580
91886
95744
15858
13029
97525
14502
12687
5699
3353
16447
3223
12337
15802
13722
4174
3635
11196
2552
5503
91866
22621
18036
6765
7880
16422
833
95149
23636
97633
92884
17778
17904
13578
16002
92969
5929
3432
19402
2822
1327
14942
3670
23710
93142
15197
19102
887
4635
13277
14861
10205
21835
16556
23304
4150
22241
14213
557
99288
22798
1252
4312
5721
17086
7193
97164
98599
15736
11675
21968
18714
94502
6048
4791
14087
96759
17642
97477
1110
98241
95364
17071
93302
10186
95885
99234
14095
95913
12020
5926
2168
11465
13637
92068
24042
14286
1442
92358
12629
12698
21398
191
3506
146
5638
6635
22072
19293
10249
95703
3539
96557
94874
3428
13010
19841
9419
4200
735
11913
98363
94038
15157
96492
22411
1471
10509
7783
9678
2489
7769
21335
0
94527
7861
5529
94553
9337
22683
12815
13921
92029
16086
16806
1094
14262
22073
4150
8683
95204
2960
94538
11940
20836
9687
6240
16223
9234
10410
979
97125
9004
15101
22135
14210
9592
93357
3044
3808
93577
16534
16439
17819
94398
23111
15797
20721
4908
98835
3506
11768
91709
3337
4274
10548
91737
15558
92269
17513
21764
12713
2392
11950
6663
93000
17089
707
14163
96321
22971
16292
18884
97075
92475
12126
7683
18190
20994
12322
9550
12776
14269
5016
10108
93650
8425
2165
22075
22634
93179
16976
9629
15602
92895
21426
3539
23745
96926
95500
6712
96761
2406
99533
94257
16121
23045
20819
914
4115
99445
17410
10149
95136
21535
8563
98184
7667
12185
12175
11124
13612
3537
6333
5861
93710
24015
10232
21015
18610
6646
2852
15405
16669
14636
4002
5848
20016
15163
3362
5590
92895
21622
96600
1976
1060
99135
10803
98953
22836
93096
17834
2540
96786
6649
11095
7653
96419
21330
13224
95483
12770
14449
95284
99804
21717
6998
99276
22049
13472
95653
18546
17364
5752
99276
93453
93616
12986
7942
1149
19591
93053
99359
13805
20521
6054
7321
92263
9124
16794
13838
17132
7719
1465
10039
11875
14700
19561
97484
5106
91797
94033
12845
95115
96054
7591
13121
3401
6963
6188
99260
2811
98667
12502
18758
12160
4277
2606
99098
10164
1322
24348
2893
93322
20740
5535
4624
94426
13509
94305
9206
93117
8411
17611
5498
93911
96707
5301
17915
6515
11691
14304
11433
7253
2748
20744
11429
9612
4632
6004
97028
95079
4992
97807
94965
96106
10873
5884
98147
16833
12112
4806
4860
17876
14684
1878
99411
11259
5763
14984
6307
276
23551
98272
6005
6963
97026
99321
8164
20281
20184
95870
4895
9384
5037
23421
1646
98901
527
9016
12057
22943
23316
20830
17798
20288
99487
21178
9121
11746
6591
96426
8832
99571
6072
10163
98792
95452
9158
4530
12106
10158
97311
10198
15218
18174
16057
44
6882
92531
92653
14267
23770
23165
24090
21362
20955
24200
97772
11615
5132
93745
12254
16930
95612
3929
1629
96576
94345
24
98191
3580
98753
95412
94005
14275
9254
20337
16813
99590
99735
17995
3515
13806
99438
96162
21096
94603
92388
5333
92267
429
12219
22195
99976
21943
7421
97517
374
95249
18721
16240
18406
5661
14255
9618
16032
98988
22532
15787
15760
4882
7159
2630
97153
92631
92252
19927
17928
3503
13577
22351
11781
7693
11128
99214
9445
98899
24621
14680
5772
3981
21176
7916
22705
96415
11580
5457
16938
13595
13777
5457
18282
7960
95688
22251
16456
94111
11374
9635
15106
21928
7282
20253
129
13541
4105
24554
11742
9981
99922
8866
1830
13404
5238
5427
93690
3464
14354
18552
96346
1879
95992
24078
93923
10080
2515
6243
19319
21679
21930
12559
10076
189
99686
94216
12743
23711
14903
2384
7642
95517
22228
16466
18636
6982
95938
7406
9192
98114
18552
3632
99961
98760
3680
9096
7460
21714
4415
99701
9718
6061
10553
11459
97216
96117
22095
22359
20064
4001
23242
1736
94850
3355
21725
92977
1286
93779
7046
13508
12900
93652
92501
98369
21262
99222
94544
97287
22292
97014
16054
99594
4942
1891
18146
22886
597
11226
12627
3603
5843
11349
97578
94361
765
92255
99251
9606
6493
8459
8296
24414
10965
12581
7954
92306
1505
23849
13329
93684
98748
97652
24446
20298
2822
23864
8815
98881
8452
23475
12827
18115
99912
97217
93407
18572
16947
95729
93536
23898
5976
12982
23697
9059
6467
21087
10711
92396
93562
20521
95211
4343
92387
96212
21728
95292
14502
13971
935
23579
5940
20040
3823
99632
12648
4207
22192
15400
99116
23737
15658
10804
17536
94908
457
2940
99415
94569
17228
22998
98082
95487
95174
3575
22929
7262
5156
6536
98902
5342
1617
18301
7917
97313
4631
97602
2202
2214
18598
92438
98225
97151
16282
95453
6747
166
5591
9809
19512
15947
16312
94809
96256
13361
24170
99484
8718
21818
9874
22327
93791
23936
6710
3694
93399
93670
6618
13344
5574
19502
4329
23838
96617
9900
16727
20381
18035
1978
96549
1673
95086
13517
1893
99772
15356
520
16350
1200
96099
7344
10610
95601
17481
23009
798
1431
3867
23935
6273
50
7540
11630
22593
20935
6333
1286
10667
14459
10832
99169
17817
17101
15233
23095
5785
16168
97663
7245
92907
18872
95575
6057
19979
95006
3290
14185
22736
1439
12192
13844
5204
93858
6189
92528
7030
94393
3571
18134
96892
22271
23416
16164
4316
97380
2138
24177
99389
6917
97072
11110
96537
98143
14578
3851
22950
8292
96156
1920
1814
94671
20943
96653
10139
15541
12920
1723
11087
21438
94229
18181
12083
7506
9077
4681
10774
15895
5984
5476
24761
17882
15255
15293
93136
16747
24701
95840
9611
7854
21558
16270
19894
5871
96847
14834
158
4982
19678
6040
11413
16475
13899
1145
99736
16796
99951
7578
15119
15981
8347
97686
98004
14031
1661
15800
2872
22372
94463
19118
7938
16258
19985
14587
16505
95270
1864
21772
24997
17771
98950
97901
6160
93243
96795
8732
6771
15876
8716
95006
16782
7535
20500
7952
4184
10509
17353
1473
1880
96499
20384
21695
18259
7944
10771
12591
18215
22429
96578
12833
8439
95836
2072
95331
14984
99267
5135
93556
19691
20659
95830
95484
3933
1476
17874
19867
2411
7100
5635
19519
20570
19936
99305
93562
13253
7530
93798
18834
7560
16859
4038
92603
10461
96818
95388
9186
13509
17566
99758
15755
97354
98929
597
97598
19010
9749
5598
93469
22454
20995
21428
11674
12548
10674
21601
99462
3490
24269
15026
1933
21348
7401
11451
7648
97855
97461
24091
10386
98863
99410
3969
13608
2038
1413
10095
15531
94886
12554
18494
96320
897
21259
1891
10810
18463
18802
10736
15053
4656
19292
2654
21638
19586
23918
2953
15450
8069
24684
15612
95452
22445
95399
5231
147
2840
97943
24718
23531
17009
23882
22780
6890
10516
94364
95800
9862
2162
97127
18175
25206
4791
3900
96498
99462
16555
98995
25145
15471
18134
24512
8999
19270
93320
24391
20704
97620
6744
8528
92633
21446
95722
93214
14367
12869
98134
9725
99707
94600
14535
97786
94004
24009
97057
6808
16918
13590
15271
97312
23250
16393
10204
93144
23845
98490
5896
7959
98941
4723
93085
5048
6393
1956
93947
2125
18864
11160
14000
23094
23477
9159
96900
8403
16314
14766
12501
8598
99283
3964
7486
19036
4956
3343
4317
9725
94749
6430
12245
99777
16492
96600
11857
9558
8020
16109
97802
2144
93270
7883
15179
7632
24749
24972
10386
17625
96278
9997
21754
7262
23343
1666
6455
99823
7647
3433
92866
6966
695
10940
18710
21773
15768
23147
19866
95987
18389
9481
14912
11359
22585
18373
96621
19443
7244
6301
6553
15124
5842
98670
569
18201
18325
97839
14172
7427
100
20222
6131
524
2908
5467
20373
98595
1638
12404
11809
21206
6145
18784
8869
16113
24898
1648
23934
966
20760
8547
24001
24365
15573
11737
95354
8687
25066
9227
21363
12317
13554
952
13976
23463
8691
9059
1048
19753
8672
99931
20270
95656
18786
8027
97536
3774
13527
24243
4008
10354
97340
14406
24530
4300
92967
23831
24869
96167
99416
12637
7493
18760
10642
382
24152
95182
5892
827
98824
11946
2829
97736
17416
11025
18815
99584
20283
95503
98723
98070
12689
24863
13405
99407
24211
13208
753
18798
14689
15498
8838
10479
6298
99274
16459
16952
16764
16329
95671
18253
7757
1196
12533
94276
13305
12568
14816
8664
6908
13484
20427
8097
99874
6388
94853
97444
95085
12090
282
22471
93816
20639
3037
97992
7482
92939
20261
92783
9804
8354
25269
93344
10638
14552
97601
19989
23111
95717
95918
10540
7020
15388
17209
17437
18883
99769
11963
2479
96232
95737
15371
4363
96368
15727
10564
96016
22252
7092
8232
10281
93616
8414
24165
14780
11765
14549
13080
16229
1595
6082
97328
6082
93427
25448
22868
98416
97084
1719
17255
1302
9932
25502
1226
8736
96050
22306
7747
18223
17786
17325
96253
97231
96432
5544
688
233
4168
97515
12642
99098
6941
8372
2030
21764
93209
3383
2596
98115
98037
93590
9330
6307
7201
99921
8289
23536
4454
13791
16994
5581
15530
253
97131
21705
18836
6182
9245
24047
2384
93572
12424
93918
4149
17478
6321
11353
22181
8242
16818
7295
24885
6909
98
22716
13326
15161
18392
13153
5524
13774
8490
22963
25669
99053
20602
97152
995
1408
19252
22327
9685
1094
25489
2455
96107
157
19808
19752
19361
1793
24581
93162
20358
25077
14786
15819
9565
4575
10293
16733
21091
97720
98498
96999
14354
25156
7795
10074
19270
99711
13437
22311
18079
19481
96293
2927
23590
6116
99875
19163
10803
12363
14629
97677
97838
16133
93623
9271
98676
842
25218
17099
12572
24037
16595
10994
2011
25483
95069
25121
24069
94219
20609
11304
8309
16390
97293
15533
1423
4161
15522
7385
11300
3768
5403
6481
8597
98294
21227
19560
4924
4899
3014
6291
12039
4700
7363
10013
97798
13513
15712
16155
3688
95467
17351
2211
15393
93269
99568
4153
13390
13276
17990
7818
24380
6386
12270
14429
10725
7183
98917
23238
8540
18705
11530
18332
23916
166
94236
97486
99612
3751
1637
99026
17078
98632
93559
766
97545
18125
3894
7419
17323
4319
4598
3926
9538
18846
14758
25592
197
97529
5166
22457
11262
12477
17237
98160
24979
22763
13958
2446
94085
11725
12755
98797
97241
16297
17978
5539
22
96150
7975
7643
8941
98319
18747
4773
13312
8039
22092
20492
10876
7004
685
12201
3560
22990
16303
98230
97123
3921
18279
13990
22121
21218
7602
16979
13367
12919
8823
7928
24047
97402
6444
96353
21854
950
18844
12255
5436
7410
7655
21632
16211
25151
25034
13054
97412
22509
1824
14678
25670
23555
5033
14045
15056
17038
7179
98766
8697
3129
95926
24935
94046
94654
23628
7061
96484
2524
9377
21100
9919
18666
7295
95196
94770
93387
13
5664
93528
17090
96593
20089
4450
15143
18132
10138
24033
17786
96645
96869
97127
18968
22432
855
19785
94477
15248
16959
9448
10761
8146
18868
6737
11765
21021
14888
95777
1607
24575
96279
14124
13812
20329
96261
96256
95110
16494
2631
23398
10318
23624
7680
97673
11580
13724
3887
3161
4461
99487
12455
11410
18019
13496
18720
97369
23227
12999
99788
8039
93276
14375
16748
4618
20780
24145
99747
3464
97287
5121
17483
8997
15282
1596
4039
1702
15052
6802
96761
98646
454
24225
21941
23690
1301
4314
93878
4801
25062
9864
9264
25486
94801
96685
93445
97464
14353
21615
98011
801
7379
2324
7950
98182
21580
4810
770
5703
15344
19211
572
16680
24865
3198
17490
7191
20549
5568
8703
7983
23067
2405
13596
14396
17231
12090
9419
13856
4684
23245
502
885
95729
6960
18424
97043
19143
6137
21913
11284
15826
16269
96480
23671
22822
10911
13156
93474
22044
22771
22084
7372
24068
11112
25048
11706
23485
16181
9479
98184
2948
3699
25882
21450
15626
98428
20593
403
98921
8146
2420
25173
4503
9379
24013
7530
6012
20491
99445
19220
2241
9210
18507
24928
3145
20632
99564
93936
93893
10630
96799
14648
21346
103
3729
19817
6693
2208
11745
24589
18427
10331
17532
93682
19562
23250
17227
10443
19916
1994
8843
95155
7773
97021
8062
5811
1938
12541
608
8261
24492
10422
157
17882
7566
13747
3905
23962
24267
24324
14768
9130
5124
9119
20631
99315
18289
97604
1314
97792
12733
20709
17520
967
4375
98885
93668
14988
97574
98112
2557
8675
99356
11084
8392
16789
8623
10079
7188
1444
10020
18577
12614
13362
18572
97859
7086
98623
8148
16544
94298
22002
99224
7779
10858
23162
7960
8025
3844
7861
973
18312
21769
19824
16573
21456
3175
9008
7021
17009
3568
23249
21335
17614
13835
19821
21053
99601
14250
18815
14012
13646
7036
25928
95172
22348
16227
20594
19079
98209
94408
94100
24080
12733
18286
5941
95030
98155
24548
13684
19057
93843
25023
1639
1933
1859
19816
99778
8637
1552
23153
93915
12625
1335
10446
6700
17386
22184
4674
22776
22925
22054
12311
4882
14327
16200
94130
1914
2096
9412
7078
5929
96515
95116
14440
17839
11245
97817
24771
11547
11188
20616
24045
94139
98138
5346
1049
15716
18162
94752
21999
98804
22098
14415
99033
94582
18473
94928
26079
14983
24243
5699
9237
15127
23274
6757
22227
94353
95040
12535
15749
3870
94059
5090
16389
96518
14880
99191
966
94809
16355
22748
24914
21198
3837
21764
19958
4618
18767
10365
3515
24739
99814
16336
16793
93861
20399
11621
9704
22645
14797
838
5399
12532
21929
98500
8864
15974
26282
2463
25147
5619
99077
21954
12115
3758
5558
5581
2230
99604
98480
22584
21648
15895
15633
18420
8346
14524
8282
22260
12943
2690
18333
96396
99200
96517
96663
8537
19368
7009
13185
15297
15842
218
20002
3388
24282
96475
16551
6195
96897
98430
7445
21352
21061
11052
12093
2358
20864
7173
8338
15387
11696
3426
3640
13427
95463
1848
17757
7046
9476
94784
6604
18373
6434
17718
2751
7761
13007
21694
10741
11709
15071
8718
98213
26133
17090
5160
12530
4639
18611
21670
10239
97408
94931
603
18885
13922
18102
97751
21890
95573
15516
9579
22196
5684
23138
20430
3047
7177
4634
8575
12235
23540
95160
94060
22665
20552
1519
98291
24919
9526
24220
98311
4683
4429
26368
7862
98572
5954
18324
7720
12303
5357
17496
21258
94721
17301
19468
24939
12096
3437
1955
22470
97007
23646
99477
5090
2633
17927
8116
95639
9109
14595
20385
97202
16155
3946
15103
11194
25687
10906
5704
11220
26027
99031
4640
4804
7418
8304
7303
3797
22130
95268
16978
2779
23977
7301
17628
15639
24812
95741
14329
7514
7892
97966
15403
1645
4633
25918
10521
1713
4011
97938
15420
9219
2815
1690
8156
5858
97095
12622
24123
16596
26406
11095
5392
25093
5634
15857
99286
21042
13083
93935
6822
16581
15930
16608
10403
16450
96653
98929
5684
8417
18579
15059
9943
24189
14515
2590
2932
9644
16274
11957
1936
13360
19204
10732
97635
6286
2946
5672
18028
5372
23421
16615
14243
10624
12530
9728
99343
2391
19775
12331
2873
99892
7989
25283
10113
1801
2926
20683
5840
6506
3808
1328
96654
98384
95827
16461
596
99420
95984
11956
9188
6973
14523
99276
8920
15315
94402
95382
1785
7285
4278
21333
13585
15376
26553
4941
96834
7536
9176
6314
10200
24676
14268
21828
24253
97469
18140
14722
97612
97144
14997
17693
99240
20157
11644
5414
5165
95910
8435
4939
97351
2147
12538
10838
25763
925
14920
9206
9378
97306
9883
5058
18549
99202
21324
96795
95237
25151
17958
21649
14002
97226
9336
19177
7487
95203
8297
97150
26507
21088
20620
17542
24035
12267
9652
95446
3798
6021
96682
8264
14314
14063
15452
26651
9869
1323
16056
93948
9550
19166
26426
17540
18765
2553
11298
26018
13296
2200
99017
99067
7384
811
14358
25647
14356
18899
94508
19454
19604
19727
12838
18378
3808
23959
4550
12222
5130
9096
6953
96015
96128
4290
10175
12387
22887
21134
5050
95600
21637
1669
12133
99909
22526
13997
23224
2254
24738
24804
99785
25780
23236
3458
23492
3588
95629
14650
22398
98130
1746
5697
19911
99037
7812
94034
2398
13108
13799
562
24937
96921
97541
8400
11461
18117
24803
13614
99899
99212
6132
21478
26420
19811
6733
22055
6158
6783
378
95295
16943
17663
6351
12190
99929
12365
24736
23416
4543
23553
20917
24619
24407
13991
97176
25921
94608
3522
9073
23288
12774
16145
628
21921
10836
3856
4121
14406
21290
18626
21485
96559
2687
2734
2023
21990
7720
25895
19870
17882
19081
11729
17336
18369
7083
11361
4006
13730
25743
1188
12175
6226
16578
451
10377
95100
21554
9925
25871
22822
15680
10325
22448
5074
95158
13254
13828
867
23099
10068
24548
22689
16740
8109
18138
10302
26766
99664
94327
18361
6217
20340
14628
96291
16215
11148
97595
97025
97045
1417
26135
96433
19065
99169
25129
96208
10909
7759
10509
18011
10523
14171
97404
6293
2042
7324
14850
1256
23591
2842
2803
9551
2247
1593
6170
99700
1228
22259
15634
6902
7878
4197
1049
20557
13052
15757
11458
99601
1980
7250
2794
16663
17391
2500
20972
24189
13296
934
8217
97193
20639
25386
24162
11309
15537
13563
18520
95021
11338
21120
12375
25444
94573
8288
21501
21795
96659
5697
21729
860
19738
96886
10626
10719
10208
18200
6782
22307
24305
10195
8197
9191
25629
19557
13196
3608
16046
23490
94310
98710
5368
8380
26832
9331
96977
642
3756
97403
19075
26214
23536
7098
18272
24291
97631
19195
5654
19422
23033
845
9891
20524
1199
20683
98154
16469
15834
20699
7526
95543
16460
99574
25087
97998
25318
2282
23195
97907
4364
15293
15830
16771
10070
14163
18229
2945
2184
690
5048
10398
99685
14276
11438
14264
15615
20220
13517
95009
5298
20028
94754
21889
13266
24311
98598
17247
99746
3987
16818
13660
23558
17425
5396
95680
123
6639
8514
7097
6341
17229
94350
8673
23370
7504
5819
3455
23518
1476
591
12913
13181
13317
16298
95017
20544
6431
2486
8405
394
2868
20767
25636
5250
16414
23652
94565
5319
23382
11823
9618
1375
4884
9698
12334
9712
12472
3698
97066
6194
96009
3960
10158
98372
1020
13445
950
17790
15639
99670
25370
4839
8854
13449
8499
873
97229
25583
25595
97346
26447
19107
13077
20540
3151
6329
13
98239
17094
16762
992
19684
7732
20079
5567
10893
5098
26812
24336
26484
95687
3248
4278
16258
20609
7065
99378
5537
15494
16349
15945
6260
99396
22342
16968
8005
23878
22430
96422
21311
98016
24956
18057
98173
12909
97277
98508
95298
3478
99734
13983
11787
26518
10953
25647
97890
25532
14839
99560
23572
881
18517
4408
22181
12827
14529
17717
15458
18497
15287
6818
5816
18927
9247
15246
16131
25692
99593
1662
20042
95594
7644
13932
13609
96590
5163
19471
4110
99761
18250
7261
2985
19254
6527
10319
95293
95005
22460
8676
5500
9095
25132
17000
2546
1179
17164
22006
26176
99816
10172
8252
15340
2380
95926
99614
15543
96085
18430
94589
16592
6470
99802
17626
99303
10524
4997
790
99684
26770
8414
12891
15481
22881
11302
26080
22357
18700
98954
99177
22907
25211
96798
24814
2546
741
9291
8925
10398
22004
2409
5922
9839
99268
8561
22726
11736
18029
23180
21781
3971
13857
1232
17572
26435
26647
16077
13715
3402
3081
4194
2832
10140
315
10198
5660
95843
21853
95171
11154
196
10931
24469
23397
16723
18803
96308
11561
15939
24687
22206
1493
2368
14579
98010
6855
95840
25073
840
5640
7735
5723
17948
20434
906
25297
20204
16719
2247
20092
328
5284
96179
2874
5546
97486
97412
96155
14158
2827
96784
18539
13379
12509
14693
10449
96867
94570
21466
95190
9920
8136
24709
1227
26303
3607
17455
8837
14057
6158
21606
4106
7007
19995
18802
10192
15055
23046
3210
14979
15941
12149
13895
25512
25411
9653
20824
4481
96947
24247
13688
17456
6748
8025
3741
18462
16372
99207
25714
95806
96405
994
13832
4046
98483
15360
99432
17598
8748
11635
12717
16597
22049
19310
5040
11120
6117
26598
26243
21195
98419
5270
23169
13605
4933
5445
18150
9503
9058
18251
827
3430
22071
8786
97205
6033
24586
13914
9727
14925
25322
19200
97365
96599
21131
1023
15507
11529
19025
12023
96492
8313
2475
7789
11487
8798
2722
13843
3015
13461
26290
3146
25458
21283
99448
17638
15605
17691
5100
2353
99486
97123
22577
16690
19722
4850
2859
96463
1496
2492
14000
26224
21021
593
11330
582
14969
547
15772
27212
17322
25415
25483
24301
94880
11294
18175
96198
7440
2612
24674
97069
26029
97032
8488
21139
4116
14414
23464
8966
26727
97649
23850
11738
18269
21533
95457
14888
13623
24252
11611
20087
14582
96414
97846
17979
10187
6047
21461
24731
2255
11428
5140
11383
24820
19846
8440
97354
98779
19858
9130
6028
296
15760
486
22715
97812
17827
24655
13340
96673
22128
7942
13084
6675
97314
1146
15676
17852
10477
2690
204
22424
17970
425
22774
6075
10339
99688
21759
12008
4488
18139
17610
4355
15168
11533
95550
94825
23212
5909
21032
95327
7048
7109
7364
98312
22171
95872
13048
6331
1874
5421
96737
17620
17576
99945
5651
21994
16712
9665
20251
12161
5878
11488
5063
99201
24875
10950
11016
4550
27391
11066
27223
17241
97004
96098
17398
19807
21009
9072
2680
6065
95412
25086
3459
95884
27084
26910
96885
2921
26749
17675
97573
25968
17573
16740
24971
19880
13463
2874
99363
15058
8806
14696
18094
13751
15108
12066
5434
95999
98123
3281
6851
23940
11388
8990
22809
23622
19303
7245
97508
19489
586
20429
4549
7451
21853
96941
99775
12354
20173
8849
2454
7253
167
25156
9527
10946
24056
11280
12568
8400
12083
7596
12001
10526
9682
20149
5003
96236
21312
98977
5480
20472
1783
99280
7012
1772
22501
14467
12682
97333
23829
2290
9930
20408
22923
19064
14329
11360
24432
178
27673
283
11887
19368
1499
23909
20830
7915
11874
98565
16161
95616
15690
96631
715
18523
16873
14154
12039
1647
12756
4747
8375
6789
24741
21089
21722
6828
9468
26746
21939
2608
20164
6054
808
4206
21176
323
14952
4582
20261
9976
8400
24466
19953
13479
5648
96023
26588
9884
4489
22905
11526
8203
95642
97811
97618
1465
95484
99879
1609
12537
27402
27059
5538
20186
3621
27045
15488
16287
55
27089
20316
2671
24086
15552
7013
14670
97196
98123
9158
12620
2612
12616
17447
23292
12583
996
23670
12072
97400
10674
27111
98915
23997
1123
12601
97215
1072
22774
24124
26465
22036
11474
15504
7217
12475
98226
95311
18614
26631
10272
16429
6081
97904
4485
3135
9288
25734
26623
14715
97975
3864
19924
20958
25282
20
871
17939
15582
95407
25609
18162
27504
839
9489
22600
14246
9863
2863
214
20165
19275
2557
15260
99587
3365
471
3671
214
6751
4077
26952
95372
12770
9366
13367
9181
14422
21480
11448
15485
10379
5253
98381
25270
25368
24759
6156
7222
8514
95328
1250
23397
3871
95243
18584
95290
20731
3559
18293
6542
97946
11221
98821
529
10751
27296
98713
8443
205
9997
96334
95494
25708
97971
95250
2074
25807
12780
9572
95209
22195
8044
7644
8829
14282
26002
19883
20942
7705
17757
10404
15192
13982
12256
13147
2540
5943
24729
1068
24582
26559
96415
21887
12543
9850
8282
3403
14980
2995
11991
24025
12871
20643
8924
25547
98964
23957
18841
25948
98823
9032
15328
5865
22300
9109
21558
2225
16103
95217
19242
8665
2789
3957
95365
19635
18098
18300
8963
14399
99196
95661
12705
21234
22168
27866
99671
25271
25524
11464
13481
24116
7885
25424
2328
27470
450
8229
5374
9967
15976
96951
96666
6662
95776
11831
6120
99952
21990
96988
6581
16727
97451
14885
22641
19000
10660
23840
15782
6824
98372
26027
1513
15033
21608
13561
18606
96634
96978
8599
12897
95293
2521
18255
9394
9918
99935
3661
12592
19296
26882
11648
8729
95801
96151
11331
1392
15665
24276
10045
95473
99911
428
23685
24706
12661
6305
17162
6730
95541
2901
12595
12422
95972
1697
22210
12537
97446
20874
3582
16100
16362
95504
18449
24022
99503
23689
6319
24262
22887
3470
9464
9055
98395
25524
98368
11163
11504
19422
3149
8595
5000
18449
27712
22422
97548
99528
26168
27768
10728
7881
8083
2604
8695
14487
27831
96565
7105
19369
26288
20122
98
12604
1050
96793
25837
11172
14658
4701
19376
12937
25480
1586
2746
20303
1032
13240
98875
7638
3449
12246
22635
17764
18772
8242
27150
99455
6201
2558
27573
97248
4496
789
18344
10564
18028
98278
4420
2404
11188
1007
24639
97192
95780
96878
96212
27128
15825
5397
12123
97715
14412
22460
2967
18243
9609
21019
17591
22704
7009
20920
1269
13364
10389
95486
98147
14608
16819
21359
17096
20701
97246
13178
96197
8133
11017
6672
22524
1266
96644
4052
97235
99815
9850
17618
16757
19022
25210
13586
4730
18290
6901
98828
96553
1903
20232
18077
4411
2054
8122
9371
12673
98453
20007
6182
14568
8998
25823
11424
17436
12583
4233
99006
25771
4058
27596
23487
27660
6254
17007
8765
26592
11405
4030
15553
13175
4567
15408
1532
17046
8592
24136
4979
2424
8341
697
27930
9746
21397
16333
25381
11932
9085
6151
97467
18764
26164
95912
1324
96261
8073
7087
14020
3440
20074
18052
20320
15049
6742
15191
27297
96510
97204
20260
19102
27316
1190
96730
12671
23339
27001
12956
98280
1154
13534
7848
24050
8861
9150
95638
11712
11142
96296
22659
21456
99923
22383
24591
96145
95783
3027
11203
97620
14874
22012
6167
98150
26941
2574
5107
10364
11961
313
2068
11952
9944
25137
19890
22476
9255
19934
98048
17956
26745
17492
97747
7817
95695
22021
20774
25370
11447
97237
189
95998
26451
98895
13033
20624
3356
14519
27948
22842
11078
6975
24317
18182
27301
19550
25198
19408
13680
19965
95916
17151
27206
96372
2567
22
16494
15509
25235
27526
16739
2406
16781
25031
98864
405
28002
2214
21080
15495
6957
3809
3929
7154
10783
2545
6386
14412
11812
26151
96418
96292
3523
7418
26355
97935
14150
9632
3064
24965
12572
21467
96050
8013
2427
6422
11353
26390
26954
23472
10489
25960
20029
22680
19835
19386
12354
17178
28358
3813
5660
5880
10597
27097
23885
20669
2186
98095
14650
78
7763
99807
11658
27074
96237
12754
1999
10355
25399
3994
7272
2133
97192
10049
19110
2439
3123
22271
3117
16936
7465
23824
5021
4716
24351
19558
15986
24303
27922
14747
24105
17737
97961
13353
7333
99714
28315
24541
99952
26120
15792
17033
20613
20798
3724
6650
26798
14551
9737
20009
11433
23236
18723
21429
13297
20651
19130
4753
25850
19513
9876
9466
2140
28088
19874
685
5940
26852
1924
27734
18631
27642
3406
11083
9065
99251
16781
98330
5278
16816
10629
9633
21630
25750
3005
18365
6238
3548
22462
6596
22700
8514
15127
18582
11803
14020
1956
20785
2560
367
20240
15909
19964
6260
22425
22857
1756
22139
19987
9643
20157
17209
22832
13773
6772
15173
96414
12814
97485
18983
9649
9062
97265
27314
9379
22102
22958
8597
17049
27167
13778
9772
19528
24627
3767
3484
22040
16361
16550
11294
26663
8820
11093
8347
11153
15126
26963
15994
99215
12177
5797
18870
2077
21727
27314
14643
20801
9250
10588
96754
20232
98942
12144
14531
98515
358
7744
12698
97523
13972
27278
20645
14288
6077
21164
253
19248
21988
99970
20956
8598
302
22288
5294
1673
14230
15508
8555
8951
11234
20334
13603
12666
6358
24482
7899
18393
97095
9182
11927
22994
98131
96509
6840
22807
20846
267
20360
5782
2720
96138
23828
18685
3022
10420
97754
23678
14581
17090
15362
95856
2943
4652
13362
8822
14191
818
16924
6211
12511
23259
96603
22046
9644
6619
25854
23555
16240
1722
15204
8266
16816
9011
19401
20524
22615
4315
384
98339
10851
10499
9633
465
1247
19422
420
3716
12817
10983
4143
17016
20724
4733
12333
97118
16617
97648
3616
17564
97353
18433
14264
11988
18302
20869
3492
2089
5043
10443
1960
288
16712
28446
99728
5892
99467
27340
96580
5676
18212
15240
98652
4481
5072
11789
23830
96730
12752
96676
98149
2794
11266
15656
98893
15549
19568
2728
5709
13822
3784
7628
8667
19165
5901
26844
27798
24944
139
96222
8280
3575
6416
28126
97802
17508
23641
9427
13213
17179
17355
19519
2966
6902
15972
96534
618
98092
25840
12643
23915
4787
16000
12584
11329
25155
10520
15877
5948
1821
15016
97307
26600
99596
11837
20145
99970
3627
12665
534
12779
2536
9793
5192
12603
21703
11445
2101
2839
17609
2405
99104
24230
19278
15297
14374
18177
1753
22738
27233
11145
8724
99528
8652
27261
9236
96180
16072
4556
5597
15895
25887
6695
8489
27801
12520
22619
3173
6878
12971
6366
14333
5687
97637
6567
217
17269
7181
22083
11304
27555
15799
23078
16476
16629
13433
3391
28533
12283
96653
11983
97571
20762
311
96538
5734
3645
23527
96831
2521
20680
14881
96645
7343
19406
99739
4630
18523
13955
23078
561
98390
2804
23505
22458
25597
7413
99946
98293
1305
7515
96902
23699
16164
23916
7588
1292
11048
26260
8973
98382
2346
14938
98686
9300
96263
20113
18409
20378
10973
6611
953
14064
19213
17451
15477
23790
768
20498
27142
7144
15752
20381
7804
9409
96616
98452
5550
24580
21750
13574
26657
25904
14944
26491
25900
99060
26797
9962
22617
24028
9574
5709
15885
9387
12213
2226
11116
9834
1900
15411
28023
9759
9544
16679
9079
5377
2168
24986
22687
21899
15705
7419
24813
13519
16772
3093
99313
3597
26890
16705
2833
19588
10494
98169
17004
16264
27444
11759
18558
97141
20297
26431
6243
3363
99203
20579
1951
16122
27450
96742
27069
98920
16856
9691
5943
27441
13981
15
23446
12454
3333
28156
3802
12089
6830
12895
24092
16303
97204
27980
1906
3287
11423
98752
3347
2587
14561
16312
9148
14421
98488
12768
24658
11492
96923
15118
26824
3838
9651
16209
11331
99815
8999
24964
26236
7587
21372
22471
96518
8521
98172
25648
12306
14106
25975
17853
463
6704
456
13709
9365
6841
2074
17488
26532
1798
6474
11261
1896
10975
3790
27075
12192
22810
11766
13377
26815
13164
8306
8697
97074
9342
22037
5122
24100
16451
13273
14590
16607
99626
13346
15436
2803
975
23623
97311
16124
27735
11086
11278
98175
19836
26103
17228
14836
24901
25597
25243
16491
4153
17048
28125
28136
19829
8262
25132
369
98205
17867
27339
10378
15440
24694
16988
11166
5439
12711
13395
14753
766
22414
21162
5876
2428
4917
13271
13193
99728
12225
19707
27719
22452
28405
15452
98896
25687
7927
6165
24001
13806
15703
5388
11033
7338
19277
6693
12126
97104
14146
5045
16093
13604
99890
6970
3952
97319
96561
18249
6309
23876
12236
14279
16156
12677
20113
12892
20273
97259
19889
25381
2779
20414
12420
5545
20180
11458
27950
98479
4859
19402
4129
19086
18934
12529
14563
25892
25627
11335
21522
11659
98353
27496
13989
19305
24498
18772
99604
6343
11700
20602
23547
21700
97065
8982
10586
28298
11779
15805
96577
99106
10044
18486
21323
13252
27189
26764
19720
96882
27325
19553
98912
14981
98613
23685
19156
5191
18641
20168
4007
23683
28801
2572
11613
25178
23185
4254
9698
17816
97678
25798
15406
8166
4330
7068
3016
20033
17122
4638
14729
28330
19742
98080
8611
26143
21496
10179
9954
715
18753
97321
1841
3706
1248
98504
22879
25935
20668
99229
6179
25785
27613
98723
24158
18083
18638
98883
14497
15595
2885
10190
12271
24854
2309
22346
29124
19522
20996
2121
14677
27483
969
97248
24090
25490
27673
15606
11146
6923
16082
20700
26150
14806
25367
7580
8632
14113
7085
8692
19677
18092
3749
26565
5569
14973
28732
4967
3114
11476
21759
99296
9400
1633
28467
2453
363
13493
15219
12959
9061
9463
24731
98178
27121
22232
18149
11706
709
7112
10834
19511
12164
22123
11340
21546
1159
20038
10377
23424
1245
27583
20786
18895
16272
28740
22085
29231
21034
99690
7224
99819
97048
2169
17887
26040
29070
29093
5519
20613
12811
769
27012
15379
15263
98735
22400
13094
18890
21467
11189
25149
25574
4329
20197
97215
5223
10604
22472
96599
9570
25272
19374
2849
1612
12026
21093
3077
16133
25639
24925
28452
5140
24370
8714
14128
16437
26498
6026
3809
26385
26275
18312
24133
9548
18492
27232
19032
25028
5697
26243
21204
17432
9577
6942
586
97032
26083
15862
25714
2140
11333
20630
14016
16744
1733
28845
1847
78
29355
1970
13698
4580
1542
7625
2625
14615
24990
21482
22689
6704
99787
18752
24111
27478
12228
28623
21742
3668
24218
5210
27558
97853
27622
7556
6272
1677
13344
17973
98416
13042
6002
22335
14642
13259
5484
9282
9432
848
20729
20429
96706
25650
4242
6853
25711
19491
3761
17163
14132
22425
11913
13657
8779
10959
26868
5741
18829
25613
1453
26474
24738
810
97119
18811
28696
27215
23613
9401
28851
23549
11828
13903
12548
6738
23262
18907
14653
2952
29464
8728
8516
1982
20246
21691
3334
13307
3414
7578
17166
3696
99442
27923
4438
4093
19834
13740
97021
1783
1505
15607
13433
3881
13623
96857
28015
19224
21111
6474
13377
17036
12769
11839
20295
2635
7595
98535
13441
6440
26356
10579
16940
28220
761
17402
26003
27764
2187
1819
9256
3916
8641
24260
15059
23769
17898
2130
18314
14605
20421
8154
12578
99543
17397
7368
16741
99689
23471
454
9572
21598
10166
17376
18447
8187
24457
11493
15106
8085
12506
15632
8610
15572
9027
20455
21097
98231
25653
2148
8830
23224
3889
18515
3977
16273
17978
14075
15301
14527
11914
6912
28759
21413
9604
2952
6622
96980
16874
15517
29515
9322
97264
27347
21235
99257
25040
10794
19938
3050
14336
7221
9586
23201
12577
20860
13085
98883
98361
23072
18064
16309
8100
18877
10752
98214
23110
12948
16577
28528
15492
23530
96949
27131
10451
14251
25154
29091
6353
23379
999
12635
3379
14
15247
5969
14846
19998
903
7028
17147
97822
11757
20276
7268
26053
27402
6792
25572
99820
2530
18998
17855
18323
9992
21327
16972
24289
15799
28664
26540
9515
20255
98320
21430
1079
5117
9039
4657
9474
27758
98988
11078
5214
517
22210
97492
6879
20507
564
1094
19448
1638
28942
14339
4194
98414
14190
23716
12221
6011
418
20939
7546
3635
26676
8049
3320
8675
17699
1568
4333
23931
28276
24419
18952
5887
98441
25212
26837
98427
28177
8532
1760
2936
1153
20920
6941
24076
24928
14017
3463
26038
25641
16020
11784
9162
97356
10316
4761
7274
97782
17973
8362
19030
14259
12347
17860
1284
4145
98626
9069
3316
4135
17655
12876
12862
22805
13638
8333
18797
4142
13197
28551
25231
2323
98321
5276
97581
3554
18992
8545
99673
26735
26327
14079
10918
4305
4789
18650
10300
9505
15375
29296
12811
3710
7445
25731
22496
97780
26901
11642
13718
97662
23023
24837
3119
5610
12745
25344
28964
4317
1283
22938
2040
98710
24685
2742
98483
9943
8120
10385
8398
98017
2091
20901
5579
799
98871
18382
7559
7110
22413
8876
8242
15483
21710
328
9406
25653
98723
99738
566
21157
99151
28554
15185
17780
3937
9877
14407
6860
5166
20018
21219
99257
9310
4310
26841
98993
22118
6773
26715
14066
20247
13546
2791
98986
29460
921
12899
381
19593
8787
7275
6979
98234
11130
24554
4720
13338
26981
26855
440
20734
14085
26274
23346
14865
21449
24544
98812
18281
11968
24963
28000
537
27902
98813
17557
10152
12096
99814
12105
450
23251
13932
9918
26158
27057
235
24690
29440
1518
5022
25763
23312
29778
18484
28179
22186
4680
13190
97705
3207
27382
97479
6040
1788
10158
98781
6435
2418
24453
6544
25377
23062
2625
19169
9502
21458
6777
28029
25090
21627
759
17426
16534
23372
11105
10176
17732
27539
6169
8307
22815
1962
18785
22385
16931
22569
5571
6191
28861
21338
944
21353
18062
98189
26215
22641
14956
97421
16920
14536
99401
17651
15177
2539
1688
7834
5498
98319
9294
20018
1284
26448
99910
16057
22599
98599
11656
21511
15364
25562
13930
25672
7944
17144
14102
26031
98219
25029
99662
9321
98167
14835
19950
5328
23981
98162
7090
5602
99972
97289
696
14321
19667
19653
15526
23451
14833
6289
20047
15613
29499
29671
18738
16164
18646
16998
17987
3012
8182
28037
99471
23341
27390
3110
8538
98074
27881
10351
22763
22028
19432
6101
3082
17975
14156
6521
22056
11322
9383
11960
19712
14709
26670
25085
99005
2774
11362
28634
14749
14997
3312
1624
14388
14881
22741
3723
98580
2138
16325
13417
2891
6144
28366
8412
8141
98571
24633
6677
1587
8829
25265
99524
1572
21462
7079
19397
5684
4678
2292
11645
2731
9608
17856
15078
8583
1325
5795
25671
4036
16598
267
15464
29658
14502
29150
5285
20872
14839
14176
8000
98672
21580
21078
3068
2627
98599
25196
21223
21118
17501
12756
8567
26357
25606
9264
7640
8687
9273
3250
29829
19410
599
12161
25622
18337
14567
29279
15192
26819
20034
138
99395
22022
98863
26079
8552
7651
99986
25925
7434
24580
13313
3657
13807
12291
29048
22022
17878
5493
9005
14152
27243
19751
4422
7665
21272
12199
15785
8603
8479
24838
25780
21374
3558
11741
97487
9108
19345
14734
6782
8444
21462
25036
6171
6557
6413
98814
11588
23819
19847
19487
12785
9902
13601
26186
5641
29473
13593
18676
4053
17624
5664
27098
3765
7174
11440
3165
17938
9661
23455
2507
25747
26199
9461
28384
19348
25366
15611
4749
23252
3847
21396
2551
9325
99788
2000
7619
7434
10713
14783
9361
7252
13663
11907
26310
16813
6632
15017
28559
4385
6818
26298
28451
23705
23072
16908
4680
19794
3581
22494
29464
8590
5570
98628
1797
29322
98217
22944
11803
5807
4323
5298
18309
29708
24696
17009
28499
22276
24813
7290
18810
8516
17547
17929
99516
25849
29981
24774
19210
16447
20889
25569
20104
3292
28419
26976
28496
14382
24719
26040
1497
22370
19206
99387
10968
19431
18282
28178
20232
3106
22749
15051
38
25700
98399
5812
99808
17433
1047
15049
3120
27458
98260
7977
2660
3109
27796
19056
25312
13634
5636
11073
18309
6026
20233
12322
15251
99180
99871
4493
1389
624
15744
579
28060
27751
9351
14820
28439
9314
10197
3517
15553
14658
25620
3041
16436
29392
13371
19579
30141
19887
3505
28002
18855
29583
26549
27630
23229
930
12797
20747
17930
16212
7837
25483
24547
28471
17195
21697
99528
5180
21793
6987
14278
14633
1410
28719
15744
98023
16321
8746
12272
2395
20446
13124
5832
27608
13266
29864
23902
339
7213
5299
98056
11319
24574
21323
6403
18106
26611
20594
4347
1552
21697
10522
19526
7646
25798
22075
977
14321
23789
548
3456
5168
98163
18447
28016
25807
9768
4599
3199
15046
3927
2222
14350
5762
14697
18986
20229
28890
14630
23071
16408
20548
17278
212
15689
15945
7464
3119
18606
12598
11657
10001
99605
15893
14551
15082
16421
9947
1406
3972
9510
6371
28867
7459
21636
12187
13991
17616
11248
3966
28942
25330
22536
11586
4640
28702
16856
5458
24048
9264
30112
18302
10075
20379
26327
98705
21556
24317
13681
24164
27806
15607
22622
10386
14776
1595
20819
3308
14208
17382
19916
26765
24049
8209
22866
15216
1391
18594
1273
16865
27237
29800
10286
16945
5165
15976
7855
25262
9008
19313
10203
7122
19022
28151
19244
6843
97824
15390
26114
10203
28603
19476
18082
26097
25112
2724
98078
99288
13875
24584
9655
1758
6608
5887
12768
19639
4549
14880
29189
12595
4628
23406
9707
21390
24919
98508
5786
17478
19297
98707
99513
24018
26402
26113
7289
5521
29643
24532
7700
22785
4403
4088
14103
19249
22393
27165
6206
30329
4588
3436
8415
18024
8487
11803
29226
24062
18560
15679
18351
7707
27300
17122
14625
28728
98331
7766
18777
10581
7506
8392
26269
6450
22328
13848
16419
6594
8872
4073
5329
13021
23145
1780
24391
9781
25779
9889
799
97835
27283
5848
24435
17699
7824
22548
27296
1141
22159
1466
15178
30501
99220
4778
8865
27701
7434
13331
15330
8570
3749
28299
5408
22860
1286
98303
21828
98082
1278
27687
851
16542
1623
27294
21231
98532
17519
17073
6689
9201
550
12502
21589
98185
17658
16031
22182
25713
19313
28559
6492
13631
17080
12332
15027
9519
99881
15189
7903
2359
15953
27094
20812
15773
11923
8250
2858
8807
19847
20193
809
15380
21512
14418
27265
19593
15277
29137
15158
98030
7989
21045
15258
19450
98504
17140
23315
13804
3003
10112
19486
18492
24820
20182
99892
22257
18960
9043
25901
18037
16162
3274
5442
7750
97948
14549
18391
13293
15186
15720
15576
564
10525
18860
98371
148
1086
22794
99943
3821
16228
7301
24843
18810
20783
3662
21683
22787
5014
25490
12798
4948
12934
20631
29683
99983
28107
21255
10845
5374
12852
30348
98997
16523
19954
18332
7807
4595
17474
26775
26199
6040
1100
99247
21934
17623
1866
24422
19247
29754
6636
21663
13991
23022
21755
12910
30405
98583
2366
11153
17438
98370
8858
13923
19827
21947
18044
16815
26935
25345
12668
11202
76
6999
6202
12228
5646
5692
3980
15688
4498
15613
16348
28193
11311
3881
26571
3703
10558
2886
29210
27419
15135
4034
8907
23064
14717
18477
8067
12683
3282
98629
22323
8372
29485
18833
3319
8012
563
15762
2623
26393
2659
11190
15404
11201
16287
19439
16445
1244
19176
5060
9258
15948
10602
10567
23824
721
99160
583
14799
5336
12376
966
21680
2452
6274
13741
18508
14928
28197
24255
11177
24580
19499
7372
6565
3366
4606
19751
18328
98402
20299
22874
28469
21965
7430
15383
4017
5559
1966
21106
18984
27967
28370
19790
23868
27787
99444
22293
1023
29560
8685
16813
15379
28463
8561
20647
14095
5625
14420
29625
98757
5460
24046
1390
30466
26182
6139
25116
3318
15345
99718
27415
22869
16488
22343
18980
14365
5057
25770
2352
19928
16747
22930
21058
6084
8130
2237
27567
18226
19937
15274
17549
27692
17335
21081
9577
13146
10334
4178
22845
15143
25255
15080
25244
17439
6138
27839
4400
16539
3421
17036
2918
1953
7890
17692
8296
12038
16614
13464
30284
20693
16519
6407
26762
16373
13590
15380
10932
28677
22717
28689
865
5259
15107
18493
13163
15182
413
9794
23898
26112
11143
16642
287
26400
2644
2195
24582
1567
26051
2952
23782
11970
99378
16755
11418
12231
23959
24232
27317
19659
14348
5443
26226
10091
14891
26476
15338
17322
3835
28377
3466
11154
1129
15765
29123
30239
1690
15360
26883
13656
25984
10264
28645
4031
6315
6646
421
2283
30050
12699
7894
15732
2803
20973
11351
5647
6471
3325
16003
13818
21945
9611
9384
10395
29224
18892
18618
4708
6731
27499
14153
26873
23365
22733
25521
30357
10618
98873
99121
11434
30880
24696
25726
2503
6681
27673
8952
5823
21888
24953
24988
16136
28546
7521
18844
2145
4847
11056
21869
28087
20496
5850
27327
24906
9788
8241
20658
14860
19366
13155
22087
4169
10105
19140
15636
19853
12839
7630
15421
29635
12285
16742
12191
24474
98460
7521
18254
2605
18660
23367
19266
3554
13969
12887
18253
29330
27018
13515
13136
1259
7896
605
27567
15635
1556
1033
3586
30862
9156
5397
3598
2914
11752
15695
5875
27769
5839
24726
3238
326
14895
1947
16802
19628
24693
9705
13531
1307
3162
291
27636
22012
18103
7565
15793
20559
23706
21454
8367
20114
17305
29685
21075
20453
6246
6585
27136
3693
27556
5637
11405
21750
20729
4532
13302
22492
25701
19865
16209
5419
14802
9154
16132
5
27372
11773
28982
98788
14130
13724
8835
26465
27213
20598
26356
18325
99137
20270
24366
16957
8739
24760
24041
131
15210
3864
420
12603
23816
31085
5783
13067
24858
28463
21738
10703
14110
20661
20260
827
26117
22778
9446
11970
29833
13472
19929
3255
11201
2613
4325
22707
26611
22454
98884
4918
27561
18769
28182
11921
26887
28015
3734
771
13659
27122
14860
20002
23286
5819
17509
16764
99291
8560
7488
25727
17141
7804
11498
19862
15086
11095
99373
30357
28349
1543
1188
12375
6111
15847
8370
31141
11017
24999
7988
15706
11709
20116
24276
15301
2588
1305
25055
9039
21755
9862
25849
7262
14904
17
19984
19577
846
18203
1934
5292
27688
27316
7123
3886
14899
7776
9442
4161
18871
539
25690
11866
1383
2972
6057
5506
99031
5335
23676
10748
2413
13253
14713
15912
17147
16231
7985
24487
8716
9737
30032
99936
6621
30916
2071
98722
4302
20550
27149
17451
28601
28374
7665
13897
15234
17298
7410
21023
27887
13051
3363
27338
98650
18612
15401
1445
18917
13959
12854
29033
30798
17577
28988
22681
13699
5951
13402
21277
7639
27936
17307
15148
19382
15325
12255
18800
4917
19711
2841
15461
7149
16527
28859
3843
19722
6364
29295
668
16287
13176
15624
7
11069
21380
2488
5118
195
8493
12163
2757
10103
17015
26867
28428
4182
28986
8718
28695
5033
12905
25221
29468
19673
4762
10286
21485
26756
3011
17844
6358
6352
30786
6542
7625
9216
14113
12589
98648
16709
26007
11386
10563
14294
20946
30079
11667
29762
2803
8292
18054
2053
12891
1950
26892
18266
29221
30819
2769
31057
15603
865
28
20001
15086
17839
28919
4031
2056
15876
10640
16560
10117
551
18911
7451
20665
26790
6281
12834
30995
31435
99236
99858
16218
17100
25852
22297
7223
19010
6390
28569
98964
23772
17460
23610
9603
25429
13272
24484
4802
27299
4428
19628
7677
11122
7136
26991
10420
9680
9653
2205
8095
9514
22491
19736
99984
16503
438
19390
16856
10931
30630
99874
19532
26511
17638
17346
22025
14439
13493
18645
22486
21876
30388
14051
29705
18243
25232
29433
30540
29797
7904
14940
22177
14185
12113
2078
20132
4359
11776
30960
2064
19102
13351
8503
25989
7393
13820
2402
24201
11980
21974
17530
3020
222
29330
21754
18608
6274
30005
21474
3592
99950
8658
3591
27168
28015
28591
2989
14847
10468
11427
13911
2024
99723
28610
4318
13095
23097
7997
13761
17674
21614
3459
4028
5933
21320
29100
156
12026
1559
16152
27217
29297
22385
8275
20037
6693
10022
6460
30444
1159
24694
5223
24477
20071
16514
24511
20128
21688
24833
23664
21896
916
23348
26116
11202
5760
5916
13515
5999
11760
6890
16257
22639
24078
28343
24619
18878
6839
26741
16450
11524
9414
29734
20499
21607
23702
11340
19814
7844
7618
22176
7518
31070
2095
6406
99392
23990
23117
31425
20663
31515
16537
1507
2488
1123
15975
7432
31521
21275
5086
22852
3335
21788
17732
1114
7793
30815
10108
815
5631
2323
5580
17534
26063
13804
13540
1996
1696
11965
26396
4255
11832
4425
22014
6635
17668
6231
13572
7629
24319
16644
8610
17787
15316
23133
17543
5500
4679
13101
6177
10772
10961
23060
30815
6147
3466
9177
24506
17775
18253
27649
30070
20254
2582
17313
20773
19944
11438
624
5998
4204
19851
28192
21516
7427
7409
27631
13593
4082
4702
28793
2957
10724
4389
8656
13570
8855
16473
24526
21178
5077
6636
9898
29154
4262
29976
99946
2328
15556
4094
29912
28460
30799
23694
14616
12067
29634
5286
99225
23938
16422
22910
8170
21193
12165
25155
13422
28477
6562
99490
2675
19434
22759
27848
13280
99209
5023
21512
14189
18655
9573
21052
26039
31174
15580
30159
1172
10992
417
6971
17571
14408
22142
30319
13608
13020
3041
19315
10775
99640
5772
6734
18543
99316
7821
16936
11465
27410
31345
24492
24625
20352
27317
27312
3892
10437
10621
22296
14138
13177
8840
15607
15895
29685
26468
19448
10204
25806
13278
3581
24307
28316
5821
15621
17003
3328
4784
12371
28304
17637
19332
9421
29631
20485
5018
25762
28536
8623
28057
4655
15285
10440
22112
6692
10362
29457
27455
4322
29614
5543
16486
99784
29481
99696
31645
25071
9486
5364
1846
24978
6747
18154
28992
1074
28606
29046
19198
24409
18603
15887
7320
3293
171
24293
16655
26376
1783
19490
15990
20469
6213
26224
28256
2109
19170
8892
2709
22740
8449
9018
29193
5165
5459
25002
14862
12965
21975
20185
24520
3614
8436
2922
11745
234
30917
7638
10879
27628
8372
18866
8563
26617
6474
27697
7860
9860
3653
489
27915
17787
27371
14810
27919
6764
2207
14764
22612
14572
11186
30520
17632
14393
17019
19274
99198
31774
6826
8613
99639
1303
217
27208
14493
2998
99588
12272
22089
27461
10619
30686
12392
8109
15221
20186
13874
23191
24935
10104
25212
29648
31478
28058
4398
14578
15209
29494
18678
24641
24835
6746
19774
8915
30351
24685
3164
16884
21308
11959
15881
31688
19627
5156
17941
13106
20295
19524
12121
20213
20693
14231
21228
5145
20811
10504
99898
99889
24038
11447
13713
25370
19063
11259
19038
18790
5374
4776
2328
25978
10105
22925
8923
4437
27646
6721
888
8146
26376
4128
24171
1487
19471
10896
2062
7823
16475
5257
28428
3933
16409
21844
18967
3698
22959
28306
19934
4377
13133
7041
99801
9489
3780
5499
30119
31027
16284
447
8699
22868
18272
27764
27986
8557
3133
29931
17480
27642
24012
3877
25196
99903
15403
99637
29169
16401
5458
28198
21414
9780
27812
18816
9000
897
8389
15239
19285
5291
17324
30245
16133
10114
14585
10058
10741
22551
3720
16177
11780
10529
17222
27620
162
31647
28739
28162
31877
10687
2057
10944
31645
18687
8237
7982
3403
22418
31011
6332
23758
22789
14422
22268
23550
9762
2168
31401
1596
29717
5143
26089
20393
22221
3698
29135
5270
17061
16010
7460
7484
20804
16508
6247
2477
19905
28941
21266
14859
19467
14215
28191
1784
20361
8644
14283
24141
17661
1672
5274
6159
21422
8724
31131
6047
18886
24823
23533
3376
10233
19752
14722
27518
4199
20818
7971
26046
7364
18031
20404
2512
24502
99896
28858
19132
5502
18459
24602
3932
18395
1999
5923
6486
26923
420
16079
22606
10964
24702
22854
32089
4834
1604
9380
25268
5362
20787
6908
7094
12878
19321
13213
16643
25945
30975
18836
19715
23598
14214
19314
7314
18052
25845
6223
26617
15061
16369
11790
18461
30399
13999
3299
7159
99658
6150
29715
25156
24747
23241
23547
23422
7848
28499
20820
2058
957
20323
5557
22195
26847
16427
10585
5975
11455
31395
8739
1504
25329
11811
29663
374
99566
4401
3531
17396
31383
29848
29014
11672
18779
3258
9767
30974
1562
25894
12129
27471
13738
12909
26150
21686
5338
30258
23898
29971
14934
10625
12969
6388
4042
24930
28875
705
26186
8621
26374
29750
10738
21023
6645
27670
30921
2478
12681
27678
8427
9242
2125
23352
18920
21957
16366
22514
19815
12740
99738
3886
783
22070
15336
27419
935
13012
14681
11876
10107
7626
6045
20391
17410
10950
8057
10536
27839
30798
10791
20679
15205
26454
19103
11311
25406
28946
7189
5457
5069
3849
22979
8977
28339
26987
9192
27198
5327
16292
5649
19144
3753
16177
4759
7469
5137
15538
26473
21557
30467
833
12299
26335
13774
11779
6367
5787
30837
16380
26532
26041
32086
28200
27964
21026
14601
20423
17586
10310
11659
26872
891
597
15516
17289
16124
18354
31077
2574
2893
16549
15710
22832
22333
4688
1135
15176
18838
14052
21590
557
930
17940
13128
29513
27885
8650
29147
31219
27725
23321
19491
21497
12832
25460
9755
27771
30677
24093
26439
22784
22702
9695
14744
11459
10179
23296
12176
5710
26443
3442
5542
31562
17687
22345
29420
1686
16479
31602
31983
23702
23745
23713
735
27086
1671
24715
5104
99919
3113
4950
25855
13232
20754
8013
14713
13473
7591
27865
21369
2620
12422
32428
12080
29438
29963
24128
3466
21557
793
11392
4622
28761
19479
10949
30727
22431
6456
20483
8929
18124
16128
15941
3541
26695
10756
11350
24265
11123
10481
6081
8305
9787
6095
21244
26555
13551
20615
17377
26730
19534
1187
26205
15616
12772
25686
26476
26082
3734
14012
27717
17335
3963
18274
22993
4369
2285
19721
12386
8015
20448
11687
20386
23234
15731
17327
14026
23054
4293
2194
5396
31955
8970
18566
15986
23949
8670
17286
22656
6841
17368
24474
21431
15162
11107
20568
1252
12794
27593
22443
29401
17620
25745
979
11363
23218
26379
3757
14972
29938
23081
16949
705
22543
20624
1609
11814
10109
17647
31664
26600
30932
28816
18522
2243
8753
28717
30953
614
18393
11012
7025
7972
27936
12333
30588
27116
3210
32300
1874
21115
31535
26819
5751
25040
7012
4362
10612
4832
8855
9153
4826
9100
30331
20964
22917
29136
25958
14208
21534
14653
15863
9414
7651
17577
2555
32093
18603
26661
28817
8701
28708
22319
909
6202
4704
11049
31771
25757
20880
11786
10917
19193
783
15700
7670
26876
12194
22854
17823
24325
26878
13394
5017
31541
6282
22225
24877
6857
11111
10998
6929
13735
16302
1280
30932
18486
14072
31668
17275
3955
21028
9483
28525
19266
14932
2856
3468
31489
6969
28044
22437
18531
12945
8845
23562
5244
30957
11524
3197
23320
18360
23111
13392
24657
8309
31831
6603
23649
31048
5210
20174
6580
12984
331
29879
14658
6835
1776
30598
4379
8402
16652
1088
22851
8159
22231
16017
6849
24725
683
31156
5363
14758
16896
30872
3364
28931
16794
31035
15456
16983
23041
3930
20359
11988
12338
4685
11681
31283
20116
8749
30833
30966
18989
2103
31565
5105
18454
30325
31789
9480
30508
27291
8961
4410
21001
14383
27464
17375
15667
32236
21470
28461
21906
2665
16661
13825
808
29686
17672
8925
9212
26566
16940
4140
25431
29780
7208
26062
4403
21247
27367
20432
3569
29943
25579
21115
7754
22365
28132
24465
15240
